game_id,slate_date,season,tip_utc,snapshot_utc,model_tag,basis,home,away,gp_home,gp_away,home_b2b,away_b2b,delta,p_home,lean,p_lean,pre_book,pre_home_ml,pre_away_ml,pre_q_home,open_home_ml,open_away_ml,close_home_ml,close_away_ml,close_q_home,close_book,home_pts,away_pts,home_won,close_spread,close_home_spread_odds,close_away_spread_odds,first_snapshot_utc,first_model_tag,first_p_home,first_book,first_home_ml,first_away_ml,first_q_home,first_report_utc,first_route,seen_utc,seen_note,kalshi_pre_home_ml,kalshi_pre_away_ml,kalshi_pre_q_home,kalshi_first_home_ml,kalshi_first_away_ml,kalshi_first_q_home,kalshi_open_home_ml,kalshi_open_away_ml,kalshi_close_home_ml,kalshi_close_away_ml,kalshi_close_q_home
401704643,2024-10-25,2025,2024-10-25T23:00Z,,fourfactors_hl25_b2b_carry25_phase_luck_talent_ft_v6,reconstructed,ORL,BRK,1,1,0,0,21.256,0.76068,ORL,0.76068,,,,,-600.0,400.0,-650.0,425.0,0.81982,espnbet,116.0,101.0,1.0,-11.5,-110.0,-110.0,,,,,,,,,,,,,,,,,,,,,,
401704644,2024-10-25,2025,2024-10-25T23:00Z,,fourfactors_hl25_b2b_carry25_phase_luck_talent_ft_v6,reconstructed,TOR,PHI,1,1,0,0,-29.811,0.33866,PHI,0.66134,,,,,150.0,-175.0,180.0,-210.0,0.34521,espnbet,115.0,107.0,1.0,5.5,-115.0,-105.0,,,,,,,,,,,,,,,,,,,,,,
401704645,2024-10-25,2025,2024-10-25T23:30Z,,fourfactors_hl25_b2b_carry25_phase_luck_talent_ft_v6,reconstructed,ATL,CHO,1,1,0,0,14.614,0.71483,ATL,0.71483,,,,,-175.0,150.0,-225.0,185.0,0.66365,espnbet,125.0,120.0,1.0,-5.5,-110.0,-110.0,,,,,,,,,,,,,,,,,,,,,,
401704646,2024-10-25,2025,2024-10-25T23:30Z,,fourfactors_hl25_b2b_carry25_phase_luck_talent_ft_v6,reconstructed,CLE,DET,1,1,0,0,40.855,0.86496,CLE,0.86496,,,,,-550.0,380.0,-700.0,450.0,0.82796,espnbet,113.0,101.0,1.0,-10.5,-115.0,-105.0,,,,,,,,,,,,,,,,,,,,,,
401704647,2024-10-25,2025,2024-10-25T23:30Z,,fourfactors_hl25_b2b_carry25_phase_luck_talent_ft_v6,reconstructed,NYK,IND,1,1,0,0,-11.369,0.49751,IND,0.50249,,,,,-240.0,200.0,-205.0,170.0,0.64473,espnbet,123.0,98.0,1.0,-4.5,-115.0,-105.0,,,,,,,,,,,,,,,,,,,,,,
401704648,2024-10-25,2025,2024-10-26T00:00Z,,fourfactors_hl25_b2b_carry25_phase_luck_talent_ft_v6,reconstructed,HOU,MEM,1,1,0,0,19.761,0.75081,HOU,0.75081,,,,,-135.0,115.0,-170.0,140.0,0.60177,espnbet,128.0,108.0,1.0,-3.5,-115.0,-105.0,,,,,,,,,,,,,,,,,,,,,,
401704649,2024-10-25,2025,2024-10-26T00:00Z,,fourfactors_hl25_b2b_carry25_phase_luck_talent_ft_v6,reconstructed,MIL,CHI,1,1,0,0,16.344,0.72726,MIL,0.72726,,,,,-425.0,320.0,-420.0,330.0,0.77644,espnbet,122.0,133.0,0.0,-9.5,-105.0,-115.0,,,,,,,,,,,,,,,,,,,,,,
401704650,2024-10-25,2025,2024-10-26T01:30Z,,fourfactors_hl25_b2b_carry25_phase_luck_talent_ft_v6,reconstructed,UTA,GSW,1,1,0,0,-45.206,0.228,GSW,0.772,,,,,150.0,-175.0,210.0,-260.0,0.30875,espnbet,86.0,127.0,0.0,6.5,-110.0,-110.0,,,,,,,,,,,,,,,,,,,,,,
401704651,2024-10-25,2025,2024-10-26T02:00Z,,fourfactors_hl25_b2b_carry25_phase_luck_talent_ft_v6,reconstructed,LAL,PHO,1,1,0,0,-2.099,0.57968,LAL,0.57968,,,,,-140.0,120.0,-120.0,100.0,0.52174,espnbet,123.0,116.0,1.0,-1.5,-110.0,-110.0,,,,,,,,,,,,,,,,,,,,,,
401704652,2024-10-25,2025,2024-10-26T02:00Z,,fourfactors_hl25_b2b_carry25_phase_luck_talent_ft_v6,reconstructed,POR,NOP,1,1,0,0,-53.081,0.18225,NOP,0.81775,,,,,210.0,-250.0,220.0,-270.0,0.29984,espnbet,103.0,105.0,0.0,6.5,-115.0,-105.0,,,,,,,,,,,,,,,,,,,,,,
401704653,2024-10-26,2025,2024-10-26T21:00Z,,fourfactors_hl25_b2b_carry25_phase_luck_talent_ft_v6,reconstructed,DEN,LAC,1,1,0,0,11.6,0.69237,DEN,0.69237,,,,,-700.0,450.0,-320.0,260.0,0.73282,espnbet,104.0,109.0,0.0,-7.5,-115.0,-105.0,,,,,,,,,,,,,,,,,,,,,,
401704654,2024-10-26,2025,2024-10-26T23:00Z,,fourfactors_hl25_b2b_carry25_phase_luck_talent_ft_v6,reconstructed,CHO,MIA,2,1,1,0,-21.811,0.32628,MIA,0.67372,,,,,-110.0,-110.0,205.0,-250.0,0.31461,espnbet,106.0,114.0,0.0,5.5,100.0,-125.0,,,,,,,,,,,,,,,,,,,,,,
401704655,2024-10-26,2025,2024-10-26T23:00Z,,fourfactors_hl25_b2b_carry25_phase_luck_talent_ft_v6,reconstructed,DET,BOS,2,2,1,0,-70.5,0.0783,BOS,0.9217,,,,,700.0,-1400.0,600.0,-900.0,0.13699,espnbet,118.0,124.0,0.0,12.5,-110.0,-110.0,,,,,,,,,,,,,,,,,,,,,,
401704656,2024-10-26,2025,2024-10-26T23:00Z,,fourfactors_hl25_b2b_carry25_phase_luck_talent_ft_v6,reconstructed,WAS,CLE,1,2,0,1,-44.107,0.30185,CLE,0.69815,,,,,360.0,-500.0,360.0,-500.0,0.2069,espnbet,116.0,135.0,0.0,9.5,-110.0,-110.0,,,,,,,,,,,,,,,,,,,,,,
401704657,2024-10-26,2025,2024-10-27T00:00Z,,fourfactors_hl25_b2b_carry25_phase_luck_talent_ft_v6,reconstructed,CHI,OKC,2,1,1,0,-22.67,0.31957,OKC,0.68043,,,,,290.0,-375.0,340.0,-450.0,0.21739,espnbet,95.0,114.0,0.0,9.5,100.0,-120.0,,,,,,,,,,,,,,,,,,,,,,
401704658,2024-10-26,2025,2024-10-27T00:00Z,,fourfactors_hl25_b2b_carry25_phase_luck_talent_ft_v6,reconstructed,MEM,ORL,2,2,1,1,-40.38,0.25978,ORL,0.74022,,,,,110.0,-130.0,-115.0,-105.0,0.51083,espnbet,124.0,111.0,1.0,-0.5,-105.0,-115.0,,,,,,,,,,,,,,,,,,,,,,
401704659,2024-10-26,2025,2024-10-27T00:00Z,,fourfactors_hl25_b2b_carry25_phase_luck_talent_ft_v6,reconstructed,MIN,TOR,2,2,0,1,41.172,0.90116,MIN,0.90116,,,,,-650.0,425.0,-1300.0,750.0,0.88755,espnbet,112.0,101.0,1.0,-14.5,-115.0,-105.0,,,,,,,,,,,,,,,,,,,,,,
401704660,2024-10-26,2025,2024-10-27T00:30Z,,fourfactors_hl25_b2b_carry25_phase_luck_talent_ft_v6,reconstructed,SAS,HOU,1,2,0,1,-16.335,0.5385,SAS,0.5385,,,,,-105.0,-115.0,105.0,-125.0,0.46753,espnbet,109.0,106.0,1.0,1.5,-110.0,-110.0,,,,,,,,,,,,,,,,,,,,,,
401704661,2024-10-26,2025,2024-10-27T02:00Z,,fourfactors_hl25_b2b_carry25_phase_luck_talent_ft_v6,reconstructed,PHO,DAL,2,1,1,0,-6.937,0.45183,DAL,0.54817,,,,,110.0,-130.0,145.0,-175.0,0.39076,espnbet,114.0,102.0,1.0,3.5,-110.0,-110.0,,,,,,,,,,,,,,,,,,,,,,
401704662,2024-10-26,2025,2024-10-27T02:30Z,,fourfactors_hl25_b2b_carry25_phase_luck_talent_ft_v6,reconstructed,LAL,SAC,2,1,1,0,4.982,0.55794,LAL,0.55794,,,,,-155.0,135.0,-115.0,-105.0,0.51083,espnbet,131.0,127.0,1.0,-0.5,-115.0,-105.0,,,,,,,,,,,,,,,,,,,,,,
401704663,2024-10-27,2025,2024-10-27T19:30Z,,fourfactors_hl25_b2b_carry25_phase_luck_talent_ft_v6,reconstructed,IND,PHI,2,2,0,0,9.102,0.67303,IND,0.67303,,,,,-340.0,270.0,-350.0,280.0,0.74719,espnbet,114.0,118.0,0.0,-8.5,-110.0,-110.0,,,,,,,,,,,,,,,,,,,,,,
401704664,2024-10-27,2025,2024-10-27T22:00Z,,fourfactors_hl25_b2b_carry25_phase_luck_talent_ft_v6,reconstructed,BRK,MIL,2,2,0,0,-27.07,0.36094,MIL,0.63906,,,,,290.0,-375.0,300.0,-400.0,0.2381,espnbet,115.0,102.0,1.0,8.5,-105.0,-115.0,,,,,,,,,,,,,,,,,,,,,,
401704665,2024-10-27,2025,2024-10-27T22:00Z,,fourfactors_hl25_b2b_carry25_phase_luck_talent_ft_v6,reconstructed,POR,NOP,2,2,0,0,-54.895,0.17278,NOP,0.82722,,,,,210.0,-250.0,205.0,-250.0,0.31461,espnbet,125.0,103.0,1.0,6.5,-110.0,-110.0,,,,,,,,,,,,,,,,,,,,,,
401704666,2024-10-27,2025,2024-10-27T23:00Z,,fourfactors_hl25_b2b_carry25_phase_luck_talent_ft_v6,reconstructed,OKC,ATL,2,2,1,0,27.993,0.74182,OKC,0.74182,,,,,-450.0,340.0,-500.0,375.0,0.79832,espnbet,128.0,104.0,1.0,-10.5,-115.0,-105.0,,,,,,,,,,,,,,,,,,,,,,
401704667,2024-10-27,2025,2024-10-28T00:30Z,,fourfactors_hl25_b2b_carry25_phase_luck_talent_ft_v6,reconstructed,GSW,LAC,2,2,0,1,30.345,0.86094,GSW,0.86094,,,,,-550.0,380.0,-400.0,300.0,0.7619,espnbet,104.0,112.0,0.0,-9.5,100.0,-125.0,,,,,,,,,,,,,,,,,,,,,,
401704668,2024-10-28,2025,2024-10-28T23:00Z,,fourfactors_hl25_b2b_carry25_phase_luck_talent_ft_v6,reconstructed,ORL,IND,3,3,0,1,7.864,0.73486,ORL,0.73486,,,,,-220.0,190.0,-215.0,175.0,0.65241,espnbet,119.0,115.0,1.0,-5.5,-115.0,-105.0,,,,,,,,,,,,,,,,,,,,,,
401704669,2024-10-28,2025,2024-10-28T23:30Z,,fourfactors_hl25_b2b_carry25_phase_luck_talent_ft_v6,reconstructed,ATL,WAS,3,2,1,0,19.537,0.67987,ATL,0.67987,,,,,-290.0,240.0,-320.0,260.0,0.73282,espnbet,119.0,121.0,0.0,-7.5,-115.0,-105.0,,,,,,,,,,,,,,,,,,,,,,
401704670,2024-10-28,2025,2024-10-28T23:30Z,,fourfactors_hl25_b2b_carry25_phase_luck_talent_ft_v6,reconstructed,BOS,MIL,3,3,0,1,34.276,0.87693,BOS,0.87693,,,,,-500.0,360.0,-400.0,310.0,0.76636,espnbet,119.0,108.0,1.0,-9.5,-105.0,-115.0,,,,,,,,,,,,,,,,,,,,,,
401704671,2024-10-28,2025,2024-10-28T23:30Z,,fourfactors_hl25_b2b_carry25_phase_luck_talent_ft_v6,reconstructed,MIA,DET,2,3,0,0,34.261,0.83498,MIA,0.83498,,,,,-350.0,280.0,-375.0,290.0,0.75484,espnbet,106.0,98.0,1.0,-8.5,-115.0,-105.0,,,,,,,,,,,,,,,,,,,,,,
401704672,2024-10-28,2025,2024-10-28T23:30Z,,fourfactors_hl25_b2b_carry25_phase_luck_talent_ft_v6,reconstructed,NYK,CLE,2,3,0,0,-13.85,0.47536,CLE,0.52464,,,,,-145.0,125.0,-145.0,125.0,0.57112,espnbet,104.0,110.0,0.0,-2.5,-115.0,-105.0,,,,,,,,,,,,,,,,,,,,,,
401704673,2024-10-28,2025,2024-10-28T23:30Z,,fourfactors_hl25_b2b_carry25_phase_luck_talent_ft_v6,reconstructed,TOR,DEN,3,2,0,0,-40.057,0.26201,DEN,0.73799,,,,,250.0,-300.0,290.0,-375.0,0.24516,espnbet,125.0,127.0,0.0,8.5,-110.0,-110.0,,,,,,,,,,,,,,,,,,,,,,
401704674,2024-10-28,2025,2024-10-29T00:00Z,,fourfactors_hl25_b2b_carry25_phase_luck_talent_ft_v6,reconstructed,MEM,CHI,3,3,0,0,-14.907,0.46595,CHI,0.53405,,,,,-350.0,280.0,-210.0,180.0,0.65479,espnbet,123.0,126.0,0.0,-4.5,-115.0,-105.0,,,,,,,,,,,,,,,,,,,,,,
401704675,2024-10-28,2025,2024-10-29T00:00Z,,fourfactors_hl25_b2b_carry25_phase_luck_talent_ft_v6,reconstructed,SAS,HOU,2,3,0,0,-10.002,0.50973,SAS,0.50973,,,,,120.0,-140.0,120.0,-140.0,0.43796,espnbet,101.0,106.0,0.0,2.5,-105.0,-115.0,,,,,,,,,,,,,,,,,,,,,,
401704676,2024-10-28,2025,2024-10-29T00:30Z,,fourfactors_hl25_b2b_carry25_phase_luck_talent_ft_v6,reconstructed,DAL,UTA,2,2,0,0,43.294,0.87482,DAL,0.87482,,,,,-700.0,450.0,-700.0,475.0,0.8342,espnbet,110.0,102.0,1.0,-11.5,-115.0,-105.0,,,,,,,,,,,,,,,,,,,,,,
401704677,2024-10-28,2025,2024-10-29T02:00Z,,fourfactors_hl25_b2b_carry25_phase_luck_talent_ft_v6,reconstructed,PHO,LAL,3,3,0,0,-2.811,0.57346,PHO,0.57346,,,,,-130.0,110.0,-165.0,140.0,0.59909,espnbet,109.0,105.0,1.0,-4.5,100.0,-120.0,,,,,,,,,,,,,,,,,,,,,,
401704678,2024-10-28,2025,2024-10-29T02:00Z,,fourfactors_hl25_b2b_carry25_phase_luck_talent_ft_v6,reconstructed,SAC,POR,2,3,0,1,35.251,0.88064,SAC,0.88064,,,,,-1400.0,700.0,-800.0,550.0,0.85246,espnbet,111.0,98.0,1.0,-12.5,-115.0,-105.0,,,,,,,,,,,,,,,,,,,,,,
401704679,2024-10-29,2025,2024-10-29T23:30Z,,fourfactors_hl25_b2b_carry25_phase_luck_talent_ft_v6,reconstructed,BRK,DEN,3,3,0,1,-24.311,0.46734,DEN,0.53266,,,,,250.0,-300.0,190.0,-220.0,0.33403,espnbet,139.0,144.0,0.0,5.5,-110.0,-110.0,,,,,,,,,,,,,,,,,,,,,,
401704680,2024-10-29,2025,2024-10-29T23:30Z,,fourfactors_hl25_b2b_carry25_phase_luck_talent_ft_v6,reconstructed,MIN,DAL,3,3,0,1,4.498,0.71076,MIN,0.71076,,,,,-165.0,140.0,-175.0,145.0,0.60924,espnbet,114.0,120.0,0.0,-4.5,100.0,-120.0,,,,,,,,,,,,,,,,,,,,,,
401704681,2024-10-29,2025,2024-10-30T01:00Z,,fourfactors_hl25_b2b_carry25_phase_luck_talent_ft_v6,reconstructed,UTA,SAC,3,3,1,1,-42.905,0.2428,SAC,0.7572,,,,,160.0,-190.0,205.0,-250.0,0.31461,espnbet,96.0,113.0,0.0,6.5,-105.0,-115.0,,,,,,,,,,,,,,,,,,,,,,
401704682,2024-10-29,2025,2024-10-30T02:00Z,,fourfactors_hl25_b2b_carry25_phase_luck_talent_ft_v6,reconstructed,GSW,NOP,3,3,0,0,19.107,0.74641,GSW,0.74641,,,,,-120.0,100.0,120.0,-140.0,0.43796,espnbet,124.0,106.0,1.0,2.5,-115.0,-105.0,,,,,,,,,,,,,,,,,,,,,,
401704683,2024-10-30,2025,2024-10-30T23:00Z,,fourfactors_hl25_b2b_carry25_phase_luck_talent_ft_v6,reconstructed,CHO,TOR,3,4,0,0,9.167,0.67353,CHO,0.67353,,,,,-175.0,150.0,-250.0,200.0,0.68182,espnbet,138.0,133.0,1.0,-6.5,-105.0,-115.0,,,,,,,,,,,,,,,,,,,,,,
401704684,2024-10-30,2025,2024-10-30T23:00Z,,fourfactors_hl25_b2b_carry25_phase_luck_talent_ft_v6,reconstructed,CLE,LAL,4,4,0,0,13.685,0.70801,CLE,0.70801,,,,,-165.0,140.0,-175.0,150.0,0.61404,espnbet,134.0,110.0,1.0,-4.5,100.0,-120.0,,,,,,,,,,,,,,,,,,,,,,
401704685,2024-10-30,2025,2024-10-30T23:00Z,,fourfactors_hl25_b2b_carry25_phase_luck_talent_ft_v6,reconstructed,IND,BOS,4,4,0,0,-35.057,0.29801,BOS,0.70199,,,,,220.0,-270.0,220.0,-270.0,0.29984,espnbet,135.0,132.0,1.0,6.5,-105.0,-115.0,,,,,,,,,,,,,,,,,,,,,,
401704686,2024-10-30,2025,2024-10-30T23:00Z,,fourfactors_hl25_b2b_carry25_phase_luck_talent_ft_v6,reconstructed,PHI,DET,3,4,0,0,23.424,0.7745,PHI,0.7745,,,,,-175.0,150.0,-180.0,150.0,0.61644,espnbet,95.0,105.0,0.0,-4.5,100.0,-120.0,,,,,,,,,,,,,,,,,,,,,,
401704687,2024-10-30,2025,2024-10-30T23:00Z,,fourfactors_hl25_b2b_carry25_phase_luck_talent_ft_v6,reconstructed,WAS,ATL,3,4,0,0,-20.102,0.42015,ATL,0.57985,,,,,130.0,-150.0,180.0,-210.0,0.34521,espnbet,133.0,120.0,1.0,4.5,100.0,-125.0,,,,,,,,,,,,,,,,,,,,,,
401704688,2024-10-30,2025,2024-10-30T23:30Z,,fourfactors_hl25_b2b_carry25_phase_luck_talent_ft_v6,reconstructed,MIA,NYK,3,3,0,0,3.162,0.6247,MIA,0.6247,,,,,100.0,-120.0,105.0,-125.0,0.46753,espnbet,107.0,116.0,0.0,1.5,-110.0,-110.0,,,,,,,,,,,,,,,,,,,,,,
401704689,2024-10-30,2025,2024-10-31T00:00Z,,fourfactors_hl25_b2b_carry25_phase_luck_talent_ft_v6,reconstructed,CHI,ORL,4,4,0,0,-12.169,0.49037,ORL,0.50963,,,,,135.0,-155.0,190.0,-220.0,0.33403,espnbet,102.0,99.0,1.0,5.5,-105.0,-115.0,,,,,,,,,,,,,,,,,,,,,,
401704690,2024-10-30,2025,2024-10-31T00:00Z,,fourfactors_hl25_b2b_carry25_phase_luck_talent_ft_v6,reconstructed,MEM,BRK,4,4,0,1,-3.969,0.64483,MEM,0.64483,,,,,-1000.0,550.0,-800.0,475.0,0.83636,espnbet,106.0,119.0,0.0,-12.5,100.0,-125.0,,,,,,,,,,,,,,,,,,,,,,
401704691,2024-10-30,2025,2024-10-31T01:30Z,,fourfactors_hl25_b2b_carry25_phase_luck_talent_ft_v6,reconstructed,OKC,SAS,3,3,0,0,39.998,0.86134,OKC,0.86134,,,,,-1400.0,700.0,-1000.0,550.0,0.85526,espnbet,105.0,93.0,1.0,-12.5,-110.0,-110.0,,,,,,,,,,,,,,,,,,,,,,
401704692,2024-10-30,2025,2024-10-31T02:00Z,,fourfactors_hl25_b2b_carry25_phase_luck_talent_ft_v6,reconstructed,GSW,NOP,4,4,1,1,24.966,0.78399,GSW,0.78399,,,,,-110.0,-110.0,-155.0,135.0,0.58821,espnbet,104.0,89.0,1.0,-3.5,-110.0,-110.0,,,,,,,,,,,,,,,,,,,,,,
401704693,2024-10-30,2025,2024-10-31T02:30Z,,fourfactors_hl25_b2b_carry25_phase_luck_talent_ft_v6,reconstructed,LAC,POR,3,4,0,0,34.154,0.83445,LAC,0.83445,,,,,-350.0,280.0,-350.0,280.0,0.74719,espnbet,105.0,106.0,0.0,-8.5,-105.0,-115.0,,,,,,,,,,,,,,,,,,,,,,
401704694,2024-10-31,2025,2024-11-01T00:00Z,,fourfactors_hl25_b2b_carry25_phase_luck_talent_ft_v6,reconstructed,MEM,MIL,5,4,1,0,-22.479,0.32106,MIL,0.67894,,,,,160.0,-190.0,195.0,-240.0,0.32443,espnbet,122.0,99.0,1.0,6.5,-115.0,-105.0,,,,,,,,,,,,,,,,,,,,,,
401704695,2024-10-31,2025,2024-11-01T00:30Z,,fourfactors_hl25_b2b_carry25_phase_luck_talent_ft_v6,reconstructed,DAL,HOU,4,4,0,0,7.567,0.66084,DAL,0.66084,,,,,-200.0,170.0,-250.0,205.0,0.68539,espnbet,102.0,108.0,0.0,-6.5,-110.0,-110.0,,,,,,,,,,,,,,,,,,,,,,
401704696,2024-10-31,2025,2024-11-01T01:00Z,,fourfactors_hl25_b2b_carry25_phase_luck_talent_ft_v6,reconstructed,UTA,SAS,4,4,0,1,-24.328,0.46719,SAS,0.53281,,,,,-135.0,115.0,115.0,-140.0,0.44362,espnbet,88.0,106.0,0.0,2.5,-115.0,-105.0,,,,,,,,,,,,,,,,,,,,,,
401704697,2024-10-31,2025,2024-11-01T02:30Z,,fourfactors_hl25_b2b_carry25_phase_luck_talent_ft_v6,reconstructed,LAC,PHO,4,4,1,0,-6.256,0.45786,PHO,0.54214,,,,,160.0,-190.0,150.0,-180.0,0.38356,espnbet,119.0,125.0,0.0,4.5,100.0,-125.0,,,,,,,,,,,,,,,,,,,,,,
401704698,2024-11-01,2025,2024-11-01T23:00Z,,fourfactors_hl25_b2b_carry25_phase_luck_talent_ft_v6,reconstructed,CHO,BOS,4,5,0,0,-53.237,0.18142,BOS,0.81858,,,,,500.0,-900.0,400.0,-600.0,0.18919,espnbet,109.0,124.0,0.0,10.5,-110.0,-110.0,,,,,,,,,,,,,,,,,,,,,,
401704699,2024-11-01,2025,2024-11-01T23:00Z,,fourfactors_hl25_b2b_carry25_phase_luck_talent_ft_v6,reconstructed,CLE,ORL,5,5,0,0,20.28,0.75427,CLE,0.75427,,,,,-290.0,240.0,-300.0,240.0,0.71831,espnbet,120.0,109.0,1.0,-7.5,-105.0,-115.0,,,,,,,,,,,,,,,,,,,,,,
401704700,2024-11-01,2025,2024-11-01T23:00Z,,fourfactors_hl25_b2b_carry25_phase_luck_talent_ft_v6,reconstructed,DET,NYK,5,4,0,0,-28.778,0.34698,NYK,0.65302,,,,,250.0,-300.0,220.0,-275.0,0.2988,espnbet,98.0,128.0,0.0,6.5,-110.0,-110.0,,,,,,,,,,,,,,,,,,,,,,
401704701,2024-11-01,2025,2024-11-01T23:30Z,,fourfactors_hl25_b2b_carry25_phase_luck_talent_ft_v6,reconstructed,ATL,SAC,5,4,0,0,-23.344,0.3922,SAC,0.6078,,,,,150.0,-175.0,200.0,-245.0,0.31944,espnbet,115.0,123.0,0.0,6.5,-115.0,-105.0,,,,,,,,,,,,,,,,,,,,,,
401704702,2024-11-01,2025,2024-11-01T23:30Z,,fourfactors_hl25_b2b_carry25_phase_luck_talent_ft_v6,reconstructed,BRK,CHI,5,5,0,0,-10.255,0.50747,BRK,0.50747,,,,,-130.0,110.0,-125.0,105.0,0.53247,espnbet,120.0,112.0,1.0,-1.5,-115.0,-105.0,,,,,,,,,,,,,,,,,,,,,,
401704703,2024-11-01,2025,2024-11-01T23:30Z,,fourfactors_hl25_b2b_carry25_phase_luck_talent_ft_v6,reconstructed,TOR,LAL,5,5,0,0,-28.356,0.35041,LAL,0.64959,,,,,320.0,-425.0,320.0,-425.0,0.22727,espnbet,125.0,131.0,0.0,9.5,-115.0,-105.0,,,,,,,,,,,,,,,,,,,,,,
401704704,2024-11-01,2025,2024-11-02T00:00Z,,fourfactors_hl25_b2b_carry25_phase_luck_talent_ft_v6,reconstructed,NOP,IND,5,5,0,0,-4.892,0.55518,NOP,0.55518,,,,,110.0,-130.0,150.0,-175.0,0.38596,espnbet,125.0,118.0,1.0,4.5,-115.0,-105.0,,,,,,,,,,,,,,,,,,,,,,
401704705,2024-11-01,2025,2024-11-02T01:30Z,,fourfactors_hl25_b2b_carry25_phase_luck_talent_ft_v6,reconstructed,MIN,DEN,4,4,0,0,2.619,0.62014,MIN,0.62014,,,,,-145.0,125.0,-160.0,135.0,0.59119,espnbet,119.0,116.0,1.0,-3.5,-105.0,-115.0,,,,,,,,,,,,,,,,,,,,,,
401704706,2024-11-01,2025,2024-11-02T02:00Z,,fourfactors_hl25_b2b_carry25_phase_luck_talent_ft_v6,reconstructed,POR,OKC,5,4,0,0,-59.582,0.15013,OKC,0.84987,,,,,300.0,-400.0,475.0,-800.0,0.16364,espnbet,114.0,137.0,0.0,11.5,-110.0,-110.0,,,,,,,,,,,,,,,,,,,,,,
401704707,2024-11-02,2025,2024-11-02T22:00Z,,fourfactors_hl25_b2b_carry25_phase_luck_talent_ft_v6,reconstructed,CHO,BOS,5,6,1,1,-53.58,0.17961,BOS,0.82039,,,,,550.0,-1000.0,400.0,-525.0,0.19231,espnbet,103.0,113.0,0.0,10.5,-115.0,-105.0,,,,,,,,,,,,,,,,,,,,,,
401704708,2024-11-02,2025,2024-11-02T23:30Z,,fourfactors_hl25_b2b_carry25_phase_luck_talent_ft_v6,reconstructed,PHI,MEM,4,6,0,0,10.446,0.68351,PHI,0.68351,,,,,135.0,-155.0,-110.0,-110.0,0.5,espnbet,107.0,124.0,0.0,1.5,-115.0,-105.0,,,,,,,,,,,,,,,,,,,,,,
401704709,2024-11-02,2025,2024-11-02T23:30Z,,fourfactors_hl25_b2b_carry25_phase_luck_talent_ft_v6,reconstructed,TOR,SAC,6,5,1,1,-37.726,0.27844,SAC,0.72156,,,,,120.0,-140.0,315.0,-400.0,0.23148,espnbet,131.0,128.0,1.0,9.5,-110.0,-110.0,,,,,,,,,,,,,,,,,,,,,,
401704710,2024-11-02,2025,2024-11-03T00:00Z,,fourfactors_hl25_b2b_carry25_phase_luck_talent_ft_v6,reconstructed,HOU,GSW,5,5,0,0,-28.316,0.35074,GSW,0.64926,,,,,-270.0,220.0,-190.0,160.0,0.6301,espnbet,121.0,127.0,0.0,-4.5,-115.0,-105.0,,,,,,,,,,,,,,,,,,,,,,
401704711,2024-11-02,2025,2024-11-03T00:00Z,,fourfactors_hl25_b2b_carry25_phase_luck_talent_ft_v6,reconstructed,MIL,CLE,5,6,0,1,-29.486,0.42169,CLE,0.57831,,,,,-130.0,110.0,-130.0,110.0,0.54274,espnbet,113.0,114.0,0.0,-1.5,-115.0,-105.0,,,,,,,,,,,,,,,,,,,,,,
401704712,2024-11-02,2025,2024-11-03T00:00Z,,fourfactors_hl25_b2b_carry25_phase_luck_talent_ft_v6,reconstructed,SAS,MIN,5,5,0,1,-21.433,0.49301,MIN,0.50699,,,,,150.0,-175.0,140.0,-170.0,0.39823,espnbet,113.0,103.0,1.0,3.5,-105.0,-115.0,,,,,,,,,,,,,,,,,,,,,,
401704714,2024-11-02,2025,2024-11-03T02:00Z,,fourfactors_hl25_b2b_carry25_phase_luck_talent_ft_v6,reconstructed,DEN,UTA,5,5,1,0,47.657,0.85301,DEN,0.85301,,,,,-700.0,450.0,-575.0,415.0,0.81437,espnbet,129.0,103.0,1.0,-10.5,-110.0,-110.0,,,,,,,,,,,,,,,,,,,,,,
401704715,2024-11-02,2025,2024-11-03T02:00Z,,fourfactors_hl25_b2b_carry25_phase_luck_talent_ft_v6,reconstructed,PHO,POR,5,6,0,1,42.997,0.90682,PHO,0.90682,,,,,-1000.0,550.0,-900.0,590.0,0.8613,espnbet,103.0,97.0,1.0,-12.5,-120.0,100.0,,,,,,,,,,,,,,,,,,,,,,
401704716,2024-11-02,2025,2024-11-03T02:30Z,,fourfactors_hl25_b2b_carry25_phase_luck_talent_ft_v6,reconstructed,LAC,OKC,5,5,0,1,-31.911,0.4007,OKC,0.5993,,,,,170.0,-200.0,185.0,-225.0,0.33635,espnbet,92.0,105.0,0.0,5.5,-105.0,-115.0,,,,,,,,,,,,,,,,,,,,,,
401704717,2024-11-03,2025,2024-11-03T20:30Z,,fourfactors_hl25_b2b_carry25_phase_luck_talent_ft_v6,reconstructed,BRK,DET,6,6,0,0,20.161,0.75348,BRK,0.75348,,,,,-145.0,125.0,-150.0,130.0,0.57983,espnbet,92.0,106.0,0.0,-3.5,-105.0,-115.0,,,,,,,,,,,,,,,,,,,,,,
401704718,2024-11-03,2025,2024-11-04T00:00Z,,fourfactors_hl25_b2b_carry25_phase_luck_talent_ft_v6,reconstructed,NOP,ATL,6,6,0,0,12.699,0.70067,NOP,0.70067,,,,,-220.0,190.0,100.0,-120.0,0.47826,espnbet,111.0,126.0,0.0,1.5,-115.0,-105.0,,,,,,,,,,,,,,,,,,,,,,
401704719,2024-11-03,2025,2024-11-04T00:30Z,,fourfactors_hl25_b2b_carry25_phase_luck_talent_ft_v6,reconstructed,DAL,ORL,5,6,0,0,7.08,0.65692,DAL,0.65692,,,,,-275.0,225.0,-275.0,225.0,0.70443,espnbet,108.0,85.0,1.0,-6.5,-115.0,-105.0,,,,,,,,,,,,,,,,,,,,,,
401704720,2024-11-04,2025,2024-11-05T00:00Z,,fourfactors_hl25_b2b_carry25_phase_luck_talent_ft_v6,reconstructed,CLE,MIL,7,6,0,0,28.693,0.8057,CLE,0.8057,,,,,-200.0,170.0,-380.0,290.0,0.75535,espnbet,116.0,114.0,1.0,-8.5,-110.0,-110.0,,,,,,,,,,,,,,,,,,,,,,
401704721,2024-11-04,2025,2024-11-05T00:15Z,,fourfactors_hl25_b2b_carry25_phase_luck_talent_ft_v6,reconstructed,WAS,GSW,5,6,0,0,-57.872,0.1581,GSW,0.8419,,,,,280.0,-360.0,425.0,-650.0,0.18018,espnbet,112.0,125.0,0.0,10.5,-105.0,-115.0,,,,,,,,,,,,,,,,,,,,,,
401704722,2024-11-04,2025,2024-11-05T00:30Z,,fourfactors_hl25_b2b_carry25_phase_luck_talent_ft_v6,reconstructed,DET,LAL,7,6,1,0,-28.946,0.27286,LAL,0.72714,,,,,190.0,-225.0,230.0,-280.0,0.29141,espnbet,115.0,103.0,1.0,6.5,-105.0,-115.0,,,,,,,,,,,,,,,,,,,,,,
401704723,2024-11-04,2025,2024-11-05T00:45Z,,fourfactors_hl25_b2b_carry25_phase_luck_talent_ft_v6,reconstructed,ATL,BOS,7,7,1,0,-39.47,0.20483,BOS,0.79517,,,,,475.0,-750.0,380.0,-550.0,0.19757,espnbet,93.0,123.0,0.0,10.5,-110.0,-110.0,,,,,,,,,,,,,,,,,,,,,,
401704724,2024-11-04,2025,2024-11-05T01:00Z,,fourfactors_hl25_b2b_carry25_phase_luck_talent_ft_v6,reconstructed,BRK,MEM,7,7,1,0,3.258,0.54268,BRK,0.54268,,,,,160.0,-190.0,160.0,-190.0,0.3699,espnbet,106.0,104.0,1.0,4.5,-105.0,-115.0,,,,,,,,,,,,,,,,,,,,,,
401704725,2024-11-04,2025,2024-11-05T01:15Z,,fourfactors_hl25_b2b_carry25_phase_luck_talent_ft_v6,reconstructed,MIA,SAC,5,6,0,0,0.829,0.60495,MIA,0.60495,,,,,-145.0,125.0,-120.0,100.0,0.52174,espnbet,110.0,111.0,0.0,-0.5,-115.0,-105.0,,,,,,,,,,,,,,,,,,,,,,
401704726,2024-11-04,2025,2024-11-05T01:30Z,,fourfactors_hl25_b2b_carry25_phase_luck_talent_ft_v6,reconstructed,CHI,UTA,6,6,0,0,38.891,0.85654,CHI,0.85654,,,,,-280.0,230.0,-340.0,270.0,0.74087,espnbet,126.0,135.0,0.0,,,,,,,,,,,,,,,,,,,,,,,,,
401704727,2024-11-04,2025,2024-11-05T01:45Z,,fourfactors_hl25_b2b_carry25_phase_luck_talent_ft_v6,reconstructed,HOU,NYK,6,5,0,0,-13.778,0.476,NYK,0.524,,,,,125.0,-145.0,110.0,-130.0,0.45726,espnbet,109.0,97.0,1.0,2.5,-115.0,-105.0,,,,,,,,,,,,,,,,,,,,,,
401704728,2024-11-04,2025,2024-11-05T02:00Z,,fourfactors_hl25_b2b_carry25_phase_luck_talent_ft_v6,reconstructed,MIN,CHO,6,6,0,0,30.441,0.81529,MIN,0.81529,,,,,-380.0,290.0,-500.0,360.0,0.7931,espnbet,114.0,93.0,1.0,-11.5,-105.0,-115.0,,,,,,,,,,,,,,,,,,,,,,
401704729,2024-11-04,2025,2024-11-05T02:15Z,,fourfactors_hl25_b2b_carry25_phase_luck_talent_ft_v6,reconstructed,OKC,ORL,6,7,0,1,36.007,0.88346,OKC,0.88346,,,,,-800.0,500.0,-900.0,550.0,0.85401,espnbet,102.0,86.0,1.0,-12.5,-110.0,-110.0,,,,,,,,,,,,,,,,,,,,,,
401704730,2024-11-04,2025,2024-11-05T02:30Z,,fourfactors_hl25_b2b_carry25_phase_luck_talent_ft_v6,reconstructed,NOP,POR,7,7,1,0,29.965,0.75509,NOP,0.75509,,,,,-140.0,120.0,-110.0,-110.0,0.5,espnbet,100.0,118.0,0.0,-1.5,100.0,-120.0,,,,,,,,,,,,,,,,,,,,,,
401704731,2024-11-04,2025,2024-11-05T02:45Z,,fourfactors_hl25_b2b_carry25_phase_luck_talent_ft_v6,reconstructed,DAL,IND,6,6,1,0,11.891,0.6177,DAL,0.6177,,,,,-225.0,190.0,-175.0,150.0,0.61404,espnbet,127.0,134.0,0.0,-4.5,-110.0,-110.0,,,,,,,,,,,,,,,,,,,,,,
401704732,2024-11-04,2025,2024-11-05T03:00Z,,fourfactors_hl25_b2b_carry25_phase_luck_talent_ft_v6,reconstructed,DEN,TOR,6,7,0,0,35.746,0.84217,DEN,0.84217,,,,,-450.0,340.0,-600.0,400.0,0.81081,espnbet,121.0,119.0,1.0,-11.5,-105.0,-115.0,,,,,,,,,,,,,,,,,,,,,,
401704733,2024-11-04,2025,2024-11-05T03:15Z,,fourfactors_hl25_b2b_carry25_phase_luck_talent_ft_v6,reconstructed,PHO,PHI,6,5,0,0,22.786,0.7705,PHO,0.7705,,,,,-185.0,155.0,-300.0,250.0,0.72414,espnbet,118.0,116.0,1.0,-7.5,-110.0,-110.0,,,,,,,,,,,,,,,,,,,,,,
401704734,2024-11-04,2025,2024-11-05T03:30Z,,fourfactors_hl25_b2b_carry25_phase_luck_talent_ft_v6,reconstructed,LAC,SAS,6,6,0,0,2.685,0.62069,LAC,0.62069,,,,,-140.0,120.0,-175.0,150.0,0.61404,espnbet,113.0,104.0,1.0,-4.5,-110.0,-110.0,,,,,,,,,,,,,,,,,,,,,,
401704735,2024-11-06,2025,2024-11-07T00:00Z,,fourfactors_hl25_b2b_carry25_phase_luck_talent_ft_v6,reconstructed,CHO,DET,7,8,0,0,-2.468,0.57647,CHO,0.57647,,,,,-125.0,105.0,-105.0,-115.0,0.48917,espnbet,108.0,107.0,1.0,1.5,-110.0,-110.0,,,,,,,,,,,,,,,,,,,,,,
401704736,2024-11-06,2025,2024-11-07T00:00Z,,fourfactors_hl25_b2b_carry25_phase_luck_talent_ft_v6,reconstructed,IND,ORL,7,8,0,0,13.6,0.70738,IND,0.70738,,,,,-225.0,190.0,-210.0,175.0,0.6507,espnbet,118.0,111.0,1.0,-5.5,-105.0,-115.0,,,,,,,,,,,,,,,,,,,,,,
401704737,2024-11-06,2025,2024-11-07T00:30Z,,fourfactors_hl25_b2b_carry25_phase_luck_talent_ft_v6,reconstructed,ATL,NYK,8,6,0,0,-21.004,0.41232,NYK,0.58768,,,,,240.0,-290.0,240.0,-290.0,0.28343,espnbet,121.0,116.0,1.0,7.5,-115.0,-105.0,,,,,,,,,,,,,,,,,,,,,,
401704738,2024-11-06,2025,2024-11-07T00:30Z,,fourfactors_hl25_b2b_carry25_phase_luck_talent_ft_v6,reconstructed,BOS,GSW,8,7,0,0,2.947,0.6229,BOS,0.6229,,,,,-300.0,250.0,-260.0,215.0,0.69466,espnbet,112.0,118.0,0.0,-6.5,-110.0,-110.0,,,,,,,,,,,,,,,,,,,,,,
401704739,2024-11-06,2025,2024-11-07T01:00Z,,fourfactors_hl25_b2b_carry25_phase_luck_talent_ft_v6,reconstructed,HOU,SAS,7,7,0,0,7.653,0.66152,HOU,0.66152,,,,,-200.0,170.0,-270.0,220.0,0.70016,espnbet,127.0,100.0,1.0,-6.5,-115.0,-105.0,,,,,,,,,,,,,,,,,,,,,,
401704740,2024-11-06,2025,2024-11-07T01:00Z,,fourfactors_hl25_b2b_carry25_phase_luck_talent_ft_v6,reconstructed,MEM,LAL,8,7,0,0,-11.745,0.49415,LAL,0.50585,,,,,-120.0,100.0,-170.0,140.0,0.60177,espnbet,131.0,114.0,1.0,-4.5,-110.0,-110.0,,,,,,,,,,,,,,,,,,,,,,
401704741,2024-11-06,2025,2024-11-07T01:00Z,,fourfactors_hl25_b2b_carry25_phase_luck_talent_ft_v6,reconstructed,NOP,CLE,8,8,0,0,-32.27,0.31927,CLE,0.68073,,,,,250.0,-300.0,215.0,-260.0,0.30534,espnbet,122.0,131.0,0.0,6.5,-110.0,-110.0,,,,,,,,,,,,,,,,,,,,,,
401704742,2024-11-06,2025,2024-11-07T01:30Z,,fourfactors_hl25_b2b_carry25_phase_luck_talent_ft_v6,reconstructed,DAL,CHI,7,7,0,0,18.181,0.74009,DAL,0.74009,,,,,-650.0,425.0,-475.0,360.0,0.79167,espnbet,119.0,99.0,1.0,-10.5,-105.0,-115.0,,,,,,,,,,,,,,,,,,,,,,
401704743,2024-11-06,2025,2024-11-07T02:00Z,,fourfactors_hl25_b2b_carry25_phase_luck_talent_ft_v6,reconstructed,DEN,OKC,7,7,0,0,-18.73,0.43215,OKC,0.56785,,,,,135.0,-155.0,215.0,-260.0,0.30534,espnbet,124.0,122.0,1.0,7.5,-110.0,-110.0,,,,,,,,,,,,,,,,,,,,,,
401704744,2024-11-06,2025,2024-11-07T02:00Z,,fourfactors_hl25_b2b_carry25_phase_luck_talent_ft_v6,reconstructed,PHO,MIA,7,6,0,0,4.426,0.63523,PHO,0.63523,,,,,-200.0,170.0,-200.0,165.0,0.63855,espnbet,115.0,112.0,1.0,-5.5,100.0,-120.0,,,,,,,,,,,,,,,,,,,,,,
401704745,2024-11-06,2025,2024-11-07T03:00Z,,fourfactors_hl25_b2b_carry25_phase_luck_talent_ft_v6,reconstructed,LAC,PHI,7,6,0,0,12.557,0.69961,LAC,0.69961,,,,,-110.0,-110.0,-130.0,110.0,0.54274,espnbet,110.0,98.0,1.0,-2.5,-105.0,-115.0,,,,,,,,,,,,,,,,,,,,,,
401704746,2024-11-06,2025,2024-11-07T03:00Z,,fourfactors_hl25_b2b_carry25_phase_luck_talent_ft_v6,reconstructed,SAC,TOR,7,8,0,0,31.535,0.82111,SAC,0.82111,,,,,-550.0,380.0,-750.0,475.0,0.83535,espnbet,122.0,107.0,1.0,-11.5,-115.0,-105.0,,,,,,,,,,,,,,,,,,,,,,
401704747,2024-11-07,2025,2024-11-08T01:00Z,,fourfactors_hl25_b2b_carry25_phase_luck_talent_ft_v6,reconstructed,CHI,MIN,8,7,1,0,-24.159,0.30811,MIN,0.69189,,,,,220.0,-270.0,320.0,-425.0,0.22727,espnbet,119.0,135.0,0.0,9.5,-110.0,-110.0,,,,,,,,,,,,,,,,,,,,,,
401704748,2024-11-07,2025,2024-11-08T01:00Z,,fourfactors_hl25_b2b_carry25_phase_luck_talent_ft_v6,reconstructed,MIL,UTA,7,7,0,0,32.763,0.82747,MIL,0.82747,,,,,-400.0,300.0,-460.0,350.0,0.78707,espnbet,123.0,100.0,1.0,-9.5,-115.0,-105.0,,,,,,,,,,,,,,,,,,,,,,
401704749,2024-11-07,2025,2024-11-08T01:00Z,,fourfactors_hl25_b2b_carry25_phase_luck_talent_ft_v6,reconstructed,SAS,POR,8,8,1,0,11.974,0.6184,SAS,0.6184,,,,,-225.0,190.0,-175.0,145.0,0.60924,espnbet,118.0,105.0,1.0,-4.5,-105.0,-115.0,,,,,,,,,,,,,,,,,,,,,,
401704750,2024-11-08,2025,2024-11-09T00:00Z,,fourfactors_hl25_b2b_carry25_phase_luck_talent_ft_v6,reconstructed,CHO,IND,8,8,0,0,-29.152,0.34396,IND,0.65604,,,,,190.0,-225.0,220.0,-275.0,0.2988,espnbet,103.0,83.0,1.0,6.5,-105.0,-115.0,,,,,,,,,,,,,,,,,,,,,,
401704751,2024-11-08,2025,2024-11-09T00:00Z,,fourfactors_hl25_b2b_carry25_phase_luck_talent_ft_v6,reconstructed,DET,ATL,9,9,0,0,-8.285,0.52506,DET,0.52506,,,,,-130.0,110.0,-135.0,115.0,0.55259,espnbet,122.0,121.0,1.0,-2.5,-105.0,-115.0,,,,,,,,,,,,,,,,,,,,,,
401704752,2024-11-08,2025,2024-11-09T00:00Z,,fourfactors_hl25_b2b_carry25_phase_luck_talent_ft_v6,reconstructed,ORL,NOP,9,9,0,0,-2.597,0.57533,ORL,0.57533,,,,,-155.0,135.0,-350.0,275.0,0.74468,espnbet,115.0,88.0,1.0,-7.5,-120.0,100.0,,,,,,,,,,,,,,,,,,,,,,
401704753,2024-11-08,2025,2024-11-09T00:30Z,,fourfactors_hl25_b2b_carry25_phase_luck_talent_ft_v6,reconstructed,BOS,BRK,9,8,0,0,38.482,0.85474,BOS,0.85474,,,,,-800.0,500.0,-800.0,550.0,0.85246,espnbet,108.0,104.0,1.0,-13.5,-105.0,-115.0,,,,,,,,,,,,,,,,,,,,,,
401704754,2024-11-08,2025,2024-11-09T00:30Z,,fourfactors_hl25_b2b_carry25_phase_luck_talent_ft_v6,reconstructed,CLE,GSW,9,8,0,0,-5.953,0.54579,CLE,0.54579,,,,,-170.0,145.0,-160.0,135.0,0.59119,espnbet,136.0,117.0,1.0,-3.5,-110.0,-110.0,,,,,,,,,,,,,,,,,,,,,,
401704755,2024-11-08,2025,2024-11-09T00:30Z,,fourfactors_hl25_b2b_carry25_phase_luck_talent_ft_v6,reconstructed,NYK,MIL,7,8,0,1,3.503,0.7034,NYK,0.7034,,,,,-280.0,230.0,-260.0,210.0,0.69125,espnbet,116.0,94.0,1.0,-6.5,-105.0,-115.0,,,,,,,,,,,,,,,,,,,,,,
401704756,2024-11-08,2025,2024-11-09T00:30Z,,fourfactors_hl25_b2b_carry25_phase_luck_talent_ft_v6,reconstructed,DAL,PHO,8,8,0,0,0.919,0.60572,DAL,0.60572,,,,,-130.0,110.0,-150.0,125.0,0.57447,espnbet,113.0,114.0,0.0,-2.5,-115.0,-105.0,,,,,,,,,,,,,,,,,,,,,,
401704757,2024-11-08,2025,2024-11-09T01:00Z,,fourfactors_hl25_b2b_carry25_phase_luck_talent_ft_v6,reconstructed,MEM,WAS,9,6,0,0,19.448,0.74871,MEM,0.74871,,,,,-145.0,125.0,-300.0,240.0,0.71831,espnbet,128.0,104.0,1.0,-7.5,-110.0,-110.0,,,,,,,,,,,,,,,,,,,,,,
401704758,2024-11-08,2025,2024-11-09T01:00Z,,fourfactors_hl25_b2b_carry25_phase_luck_talent_ft_v6,reconstructed,OKC,HOU,8,8,0,0,23.9,0.77746,OKC,0.77746,,,,,-450.0,340.0,-340.0,270.0,0.74087,espnbet,126.0,107.0,1.0,-7.5,-115.0,-105.0,,,,,,,,,,,,,,,,,,,,,,
401704759,2024-11-08,2025,2024-11-09T02:00Z,,fourfactors_hl25_b2b_carry25_phase_luck_talent_ft_v6,reconstructed,MIN,POR,8,9,1,1,41.112,0.86603,MIN,0.86603,,,,,-900.0,550.0,-800.0,500.0,0.84211,espnbet,127.0,102.0,1.0,-12.5,-105.0,-115.0,,,,,,,,,,,,,,,,,,,,,,
401704760,2024-11-08,2025,2024-11-09T02:00Z,,fourfactors_hl25_b2b_carry25_phase_luck_talent_ft_v6,reconstructed,DEN,MIA,8,7,0,0,8.679,0.66969,DEN,0.66969,,,,,-200.0,170.0,-155.0,130.0,0.58299,espnbet,135.0,122.0,1.0,-3.5,-105.0,-115.0,,,,,,,,,,,,,,,,,,,,,,
401704761,2024-11-08,2025,2024-11-09T03:00Z,,fourfactors_hl25_b2b_carry25_phase_luck_talent_ft_v6,reconstructed,LAL,PHI,8,7,0,0,9.211,0.67388,LAL,0.67388,,,,,-360.0,280.0,-270.0,220.0,0.70016,espnbet,116.0,106.0,1.0,-7.5,-110.0,-110.0,,,,,,,,,,,,,,,,,,,,,,
401704762,2024-11-08,2025,2024-11-09T03:00Z,,fourfactors_hl25_b2b_carry25_phase_luck_talent_ft_v6,reconstructed,SAC,LAC,8,8,0,0,7.149,0.65748,SAC,0.65748,,,,,-190.0,160.0,-240.0,200.0,0.67925,espnbet,98.0,107.0,0.0,-6.5,-110.0,-110.0,,,,,,,,,,,,,,,,,,,,,,
401704763,2024-11-09,2025,2024-11-09T22:00Z,,fourfactors_hl25_b2b_carry25_phase_luck_talent_ft_v6,reconstructed,SAS,UTA,9,8,0,0,29.841,0.81204,SAS,0.81204,,,,,-360.0,280.0,-250.0,205.0,0.68539,espnbet,110.0,111.0,0.0,-6.5,-110.0,-110.0,,,,,,,,,,,,,,,,,,,,,,
401704764,2024-11-09,2025,2024-11-10T00:30Z,,fourfactors_hl25_b2b_carry25_phase_luck_talent_ft_v6,reconstructed,ATL,CHI,10,9,1,0,-4.321,0.47507,CHI,0.52493,,,,,-150.0,130.0,-140.0,120.0,0.56204,espnbet,113.0,125.0,0.0,-2.5,-115.0,-105.0,,,,,,,,,,,,,,,,,,,,,,
401704765,2024-11-09,2025,2024-11-10T00:30Z,,fourfactors_hl25_b2b_carry25_phase_luck_talent_ft_v6,reconstructed,CLE,BRK,10,9,1,1,34.409,0.83571,CLE,0.83571,,,,,-750.0,475.0,-900.0,550.0,0.85401,espnbet,105.0,100.0,1.0,-12.5,-110.0,-110.0,,,,,,,,,,,,,,,,,,,,,,
401704766,2024-11-09,2025,2024-11-10T03:30Z,,fourfactors_hl25_b2b_carry25_phase_luck_talent_ft_v6,reconstructed,LAC,TOR,9,9,1,0,26.498,0.73145,LAC,0.73145,,,,,-340.0,270.0,-240.0,200.0,0.67925,espnbet,105.0,103.0,1.0,-6.5,-105.0,-115.0,,,,,,,,,,,,,,,,,,,,,,
401704767,2024-11-10,2025,2024-11-10T20:00Z,,fourfactors_hl25_b2b_carry25_phase_luck_talent_ft_v6,reconstructed,DET,HOU,10,9,0,0,-19.427,0.42604,HOU,0.57396,,,,,160.0,-190.0,140.0,-170.0,0.39823,espnbet,99.0,101.0,0.0,3.5,-105.0,-115.0,,,,,,,,,,,,,,,,,,,,,,
401704768,2024-11-10,2025,2024-11-10T20:30Z,,fourfactors_hl25_b2b_carry25_phase_luck_talent_ft_v6,reconstructed,MIL,BOS,9,10,0,0,-31.089,0.32851,BOS,0.67149,,,,,105.0,-125.0,165.0,-195.0,0.36341,espnbet,107.0,113.0,0.0,5.5,-120.0,100.0,,,,,,,,,,,,,,,,,,,,,,
401704769,2024-11-10,2025,2024-11-10T22:00Z,,fourfactors_hl25_b2b_carry25_phase_luck_talent_ft_v6,reconstructed,IND,NYK,9,8,0,0,-6.664,0.53948,IND,0.53948,,,,,105.0,-125.0,130.0,-155.0,0.41701,espnbet,132.0,121.0,1.0,3.5,-115.0,-105.0,,,,,,,,,,,,,,,,,,,,,,
401704770,2024-11-10,2025,2024-11-10T23:00Z,,fourfactors_hl25_b2b_carry25_phase_luck_talent_ft_v6,reconstructed,ORL,WAS,10,7,0,0,25.87,0.78941,ORL,0.78941,,,,,-320.0,260.0,-700.0,450.0,0.82796,espnbet,121.0,94.0,1.0,-11.5,-105.0,-115.0,,,,,,,,,,,,,,,,,,,,,,
401704771,2024-11-10,2025,2024-11-11T00:00Z,,fourfactors_hl25_b2b_carry25_phase_luck_talent_ft_v6,reconstructed,PHI,CHO,8,9,0,0,5.994,0.64812,PHI,0.64812,,,,,-145.0,125.0,-190.0,160.0,0.6301,espnbet,107.0,105.0,1.0,-4.5,-120.0,100.0,,,,,,,,,,,,,,,,,,,,,,
401704772,2024-11-10,2025,2024-11-11T00:00Z,,fourfactors_hl25_b2b_carry25_phase_luck_talent_ft_v6,reconstructed,MIN,MIA,9,8,0,0,15.073,0.71816,MIN,0.71816,,,,,-380.0,290.0,-290.0,240.0,0.71657,espnbet,94.0,95.0,0.0,-7.5,-105.0,-115.0,,,,,,,,,,,,,,,,,,,,,,
401704773,2024-11-10,2025,2024-11-11T00:00Z,,fourfactors_hl25_b2b_carry25_phase_luck_talent_ft_v6,reconstructed,OKC,GSW,9,9,0,0,3.451,0.62712,OKC,0.62712,,,,,-340.0,270.0,-260.0,215.0,0.69466,espnbet,116.0,127.0,0.0,-6.5,-115.0,-105.0,,,,,,,,,,,,,,,,,,,,,,
401704774,2024-11-10,2025,2024-11-11T01:00Z,,fourfactors_hl25_b2b_carry25_phase_luck_talent_ft_v6,reconstructed,DEN,DAL,9,9,0,0,4.382,0.63487,DEN,0.63487,,,,,-1000.0,600.0,-130.0,110.0,0.54274,espnbet,122.0,120.0,1.0,-2.5,-105.0,-115.0,,,,,,,,,,,,,,,,,,,,,,
401704775,2024-11-10,2025,2024-11-11T01:00Z,,fourfactors_hl25_b2b_carry25_phase_luck_talent_ft_v6,reconstructed,PHO,SAC,9,9,0,0,5.376,0.64307,PHO,0.64307,,,,,-215.0,180.0,-105.0,-115.0,0.48917,espnbet,118.0,127.0,0.0,1.5,-115.0,-105.0,,,,,,,,,,,,,,,,,,,,,,
401704776,2024-11-10,2025,2024-11-11T02:00Z,,fourfactors_hl25_b2b_carry25_phase_luck_talent_ft_avail_v6,reconstructed,POR,MEM,10,10,0,0,-32.125,0.41701,MEM,0.58299,,,,,105.0,-125.0,100.0,-120.0,0.47826,espnbet,89.0,134.0,0.0,1.5,-110.0,-110.0,,,,,,,,,,,,,,,,,,,,,,
401704777,2024-11-10,2025,2024-11-11T02:30Z,,fourfactors_hl25_b2b_carry25_phase_luck_talent_ft_v6,reconstructed,LAL,TOR,9,10,0,1,21.825,0.82033,LAL,0.82033,,,,,-1200.0,700.0,-500.0,360.0,0.7931,espnbet,123.0,103.0,1.0,-10.5,-105.0,-115.0,,,,,,,,,,,,,,,,,,,,,,
401704778,2024-11-11,2025,2024-11-12T01:00Z,,fourfactors_hl25_b2b_carry25_phase_luck_talent_ft_avail_v6,reconstructed,CHI,CLE,10,11,0,0,-50.928,0.20401,CLE,0.79599,,,,,270.0,-340.0,270.0,-340.0,0.25913,espnbet,113.0,119.0,0.0,8.5,-105.0,-115.0,,,,,,,,,,,,,,,,,,,,,,
401704779,2024-11-11,2025,2024-11-12T01:00Z,,fourfactors_hl25_b2b_carry25_phase_luck_talent_ft_v6,reconstructed,HOU,WAS,10,8,1,1,33.752,0.83246,HOU,0.83246,,,,,-1600.0,800.0,-600.0,400.0,0.81081,espnbet,107.0,92.0,1.0,-12.5,-110.0,-110.0,,,,,,,,,,,,,,,,,,,,,,
401704780,2024-11-11,2025,2024-11-12T01:00Z,,fourfactors_hl25_b2b_carry25_phase_luck_talent_ft_avail_v6,reconstructed,NOP,BRK,10,10,0,0,-24.447,0.43082,BRK,0.56918,,,,,-110.0,-110.0,100.0,-120.0,0.47826,espnbet,105.0,107.0,0.0,1.5,-115.0,-105.0,,,,,,,,,,,,,,,,,,,,,,
401704781,2024-11-11,2025,2024-11-12T01:00Z,,fourfactors_hl25_b2b_carry25_phase_luck_talent_ft_avail_v6,reconstructed,OKC,LAC,10,10,1,0,24.125,0.69394,OKC,0.69394,,,,,-750.0,475.0,-275.0,220.0,0.7012,espnbet,134.0,128.0,1.0,-6.5,-105.0,-115.0,,,,,,,,,,,,,,,,,,,,,,
401704782,2024-11-11,2025,2024-11-12T01:00Z,,fourfactors_hl25_b2b_carry25_phase_luck_talent_ft_avail_v6,reconstructed,SAS,SAC,10,10,0,1,-19.686,0.3696,SAC,0.6304,,,,,100.0,-120.0,125.0,-145.0,0.42888,espnbet,116.0,96.0,1.0,3.5,-120.0,100.0,,,,,,,,,,,,,,,,,,,,,,
401703370,2024-11-12,2025,2024-11-13T00:00Z,,fourfactors_hl25_b2b_carry25_phase_luck_talent_ft_avail_v6,reconstructed,BOS,ATL,11,11,0,0,39.238,0.86143,BOS,0.86143,,,,,-700.0,475.0,-1600.0,800.0,0.89441,espnbet,116.0,117.0,0.0,-15.5,-115.0,-105.0,,,,,,,,,,,,,,,,,,,,,,
401703371,2024-11-12,2025,2024-11-13T00:00Z,,fourfactors_hl25_b2b_carry25_phase_luck_talent_ft_v6,reconstructed,DET,MIA,11,9,0,0,-18.694,0.43246,MIA,0.56754,,,,,140.0,-165.0,100.0,-120.0,0.47826,espnbet,123.0,121.0,1.0,1.5,-110.0,-110.0,,,,,,,,,,,,,,,,,,,,,,
401703372,2024-11-12,2025,2024-11-13T00:00Z,,fourfactors_hl25_b2b_carry25_phase_luck_talent_ft_avail_v6,reconstructed,ORL,CHO,11,10,0,0,10.399,0.71855,ORL,0.71855,,,,,-340.0,270.0,-320.0,260.0,0.73282,espnbet,114.0,89.0,1.0,-8.5,-110.0,-110.0,,,,,,,,,,,,,,,,,,,,,,
401703373,2024-11-12,2025,2024-11-13T00:30Z,,fourfactors_hl25_b2b_carry25_phase_luck_talent_ft_v6,reconstructed,PHI,NYK,9,9,0,0,-16.667,0.45033,NYK,0.54967,,,,,-110.0,-110.0,135.0,-155.0,0.41179,espnbet,99.0,111.0,0.0,3.5,-110.0,-110.0,,,,,,,,,,,,,,,,,,,,,,
401703374,2024-11-12,2025,2024-11-13T01:00Z,,fourfactors_hl25_b2b_carry25_phase_luck_talent_ft_avail_v6,reconstructed,MIL,TOR,10,11,0,0,20.715,0.75867,MIL,0.75867,,,,,-380.0,290.0,-380.0,290.0,0.75535,espnbet,99.0,85.0,1.0,-8.5,-120.0,100.0,,,,,,,,,,,,,,,,,,,,,,
401703375,2024-11-12,2025,2024-11-13T02:00Z,,fourfactors_hl25_b2b_carry25_phase_luck_talent_ft_v6,reconstructed,UTA,PHO,9,10,0,0,-47.007,0.21687,PHO,0.78313,,,,,140.0,-165.0,170.0,-200.0,0.35714,espnbet,112.0,120.0,0.0,5.5,-115.0,-105.0,,,,,,,,,,,,,,,,,,,,,,
401703376,2024-11-12,2025,2024-11-13T03:00Z,,fourfactors_hl25_b2b_carry25_phase_luck_talent_ft_avail_v6,reconstructed,GSW,DAL,10,10,0,0,28.278,0.67811,GSW,0.67811,,,,,-125.0,105.0,-135.0,115.0,0.55259,espnbet,120.0,117.0,1.0,-2.5,-110.0,-110.0,,,,,,,,,,,,,,,,,,,,,,
401703377,2024-11-12,2025,2024-11-13T03:00Z,,fourfactors_hl25_b2b_carry25_phase_luck_talent_ft_avail_v6,reconstructed,POR,MIN,11,10,0,0,-52.304,0.18272,MIN,0.81728,,,,,320.0,-425.0,250.0,-300.0,0.27586,espnbet,122.0,108.0,1.0,8.5,-135.0,110.0,,,,,,,,,,,,,,,,,,,,,,
401704783,2024-11-13,2025,2024-11-14T00:00Z,,fourfactors_hl25_b2b_carry25_phase_luck_talent_ft_avail_v6,reconstructed,ORL,IND,12,10,1,0,2.08,0.53736,ORL,0.53736,,,,,110.0,-130.0,-115.0,-105.0,0.51083,espnbet,94.0,90.0,1.0,-1.5,-105.0,-115.0,,,,,,,,,,,,,,,,,,,,,,
401704784,2024-11-13,2025,2024-11-14T00:30Z,,fourfactors_hl25_b2b_carry25_phase_luck_talent_ft_avail_v6,reconstructed,BRK,BOS,11,12,0,1,-27.079,0.27274,BOS,0.72726,,,,,300.0,-400.0,350.0,-450.0,0.21359,espnbet,114.0,139.0,0.0,9.5,-110.0,-110.0,,,,,,,,,,,,,,,,,,,,,,
401704785,2024-11-13,2025,2024-11-14T00:30Z,,fourfactors_hl25_b2b_carry25_phase_luck_talent_ft_avail_v6,reconstructed,NYK,CHI,10,11,1,0,19.561,0.7291,NYK,0.7291,,,,,-500.0,360.0,-360.0,280.0,0.74836,espnbet,123.0,124.0,0.0,-8.5,-105.0,-115.0,,,,,,,,,,,,,,,,,,,,,,
401704786,2024-11-13,2025,2024-11-14T00:30Z,,fourfactors_hl25_b2b_carry25_phase_luck_talent_ft_avail_v6,reconstructed,PHI,CLE,10,12,1,0,-62.234,0.15491,CLE,0.84509,,,,,360.0,-500.0,450.0,-625.0,0.17417,espnbet,106.0,114.0,0.0,11.5,-115.0,-105.0,,,,,,,,,,,,,,,,,,,,,,
401704787,2024-11-13,2025,2024-11-14T00:30Z,,fourfactors_hl25_b2b_carry25_phase_luck_talent_ft_avail_v6,reconstructed,OKC,NOP,11,11,0,0,54.638,0.86627,OKC,0.86627,,,,,-1400.0,750.0,-1150.0,725.0,0.88359,espnbet,106.0,88.0,1.0,-14.5,-105.0,-115.0,,,,,,,,,,,,,,,,,,,,,,
401704788,2024-11-13,2025,2024-11-14T01:00Z,,fourfactors_hl25_b2b_carry25_phase_luck_talent_ft_avail_v6,reconstructed,HOU,LAC,11,11,0,0,0.873,0.58327,HOU,0.58327,,,,,-185.0,155.0,-190.0,160.0,0.6301,espnbet,111.0,103.0,1.0,-4.5,-120.0,100.0,,,,,,,,,,,,,,,,,,,,,,
401704789,2024-11-13,2025,2024-11-14T01:00Z,,fourfactors_hl25_b2b_carry25_phase_luck_talent_ft_avail_v6,reconstructed,MIL,DET,11,12,1,1,8.443,0.65309,MIL,0.65309,,,,,270.0,-340.0,-275.0,225.0,0.70443,espnbet,127.0,120.0,1.0,-7.5,-105.0,-115.0,,,,,,,,,,,,,,,,,,,,,,
401704790,2024-11-13,2025,2024-11-14T01:00Z,,fourfactors_hl25_b2b_carry25_phase_luck_talent_ft_v6,reconstructed,SAS,WAS,11,9,0,0,25.958,0.78993,SAS,0.78993,,,,,-225.0,190.0,-460.0,350.0,0.78707,espnbet,139.0,130.0,1.0,-9.5,-115.0,-105.0,,,,,,,,,,,,,,,,,,,,,,
401704791,2024-11-13,2025,2024-11-14T03:00Z,,fourfactors_hl25_b2b_carry25_phase_luck_talent_ft_avail_v6,reconstructed,LAL,MEM,10,11,0,0,-20.173,0.60777,LAL,0.60777,,,,,-290.0,240.0,-315.0,250.0,0.72652,espnbet,128.0,123.0,1.0,-7.5,-105.0,-115.0,,,,,,,,,,,,,,,,,,,,,,
401704792,2024-11-13,2025,2024-11-14T03:00Z,,fourfactors_hl25_b2b_carry25_phase_luck_talent_ft_avail_v6,reconstructed,POR,MIN,12,11,1,1,-39.893,0.21005,MIN,0.78995,,,,,320.0,-425.0,375.0,-500.0,0.20168,espnbet,106.0,98.0,1.0,10.5,-115.0,-105.0,,,,,,,,,,,,,,,,,,,,,,
401704793,2024-11-13,2025,2024-11-14T03:00Z,,fourfactors_hl25_b2b_carry25_phase_luck_talent_ft_avail_v6,reconstructed,SAC,PHO,11,11,0,1,-10.727,0.73417,SAC,0.73417,,,,,-200.0,170.0,-340.0,270.0,0.74087,espnbet,127.0,104.0,1.0,-8.5,-105.0,-115.0,,,,,,,,,,,,,,,,,,,,,,
401704794,2024-11-14,2025,2024-11-15T02:00Z,,fourfactors_hl25_b2b_carry25_phase_luck_talent_ft_avail_v6,reconstructed,UTA,DAL,10,11,0,0,-49.106,0.25541,DAL,0.74459,,,,,300.0,-400.0,250.0,-300.0,0.27586,espnbet,115.0,113.0,1.0,7.5,-110.0,-110.0,,,,,,,,,,,,,,,,,,,,,,
401703378,2024-11-15,2025,2024-11-16T00:00Z,,fourfactors_hl25_b2b_carry25_phase_luck_talent_ft_avail_v6,reconstructed,IND,MIA,11,10,0,0,-3.926,0.5185,IND,0.5185,,,,,-145.0,125.0,-180.0,150.0,0.61644,espnbet,111.0,124.0,0.0,-4.5,-105.0,-115.0,,,,,,,,,,,,,,,,,,,,,,
401703379,2024-11-15,2025,2024-11-16T00:00Z,,fourfactors_hl25_b2b_carry25_phase_luck_talent_ft_avail_v6,reconstructed,ORL,PHI,13,11,0,0,25.87,0.78905,ORL,0.78905,,,,,135.0,-155.0,-135.0,115.0,0.55259,espnbet,98.0,86.0,1.0,-2.5,-110.0,-110.0,,,,,,,,,,,,,,,,,,,,,,
401703380,2024-11-15,2025,2024-11-16T00:00Z,,fourfactors_hl25_b2b_carry25_phase_luck_talent_ft_avail_v6,reconstructed,TOR,DET,12,13,0,0,-16.26,0.3852,DET,0.6148,,,,,-145.0,125.0,115.0,-140.0,0.44362,espnbet,95.0,99.0,0.0,2.5,-110.0,-110.0,,,,,,,,,,,,,,,,,,,,,,
401703381,2024-11-15,2025,2024-11-16T00:30Z,,fourfactors_hl25_b2b_carry25_phase_luck_talent_ft_avail_v6,reconstructed,ATL,WAS,12,10,0,0,26.805,0.72459,ATL,0.72459,,,,,-215.0,180.0,-400.0,310.0,0.76636,espnbet,129.0,117.0,1.0,-9.5,-105.0,-115.0,,,,,,,,,,,,,,,,,,,,,,
401703382,2024-11-15,2025,2024-11-16T00:30Z,,fourfactors_hl25_b2b_carry25_phase_luck_talent_ft_avail_v6,reconstructed,CLE,CHI,13,12,0,0,49.126,0.80818,CLE,0.80818,,,,,-600.0,400.0,-475.0,360.0,0.79167,espnbet,144.0,126.0,1.0,-9.5,-115.0,-105.0,,,,,,,,,,,,,,,,,,,,,,
401703383,2024-11-15,2025,2024-11-16T00:30Z,,fourfactors_hl25_b2b_carry25_phase_luck_talent_ft_avail_v6,reconstructed,NYK,BRK,11,12,0,0,18.635,0.73636,NYK,0.73636,,,,,-800.0,500.0,-350.0,275.0,0.74468,espnbet,124.0,122.0,1.0,-8.5,-105.0,-115.0,,,,,,,,,,,,,,,,,,,,,,
401703384,2024-11-15,2025,2024-11-16T00:30Z,,fourfactors_hl25_b2b_carry25_phase_luck_talent_ft_avail_v6,reconstructed,SAS,LAL,12,11,0,0,-1.83,0.51606,SAS,0.51606,,,,,115.0,-135.0,120.0,-145.0,0.4344,espnbet,115.0,120.0,0.0,2.5,-115.0,-105.0,,,,,,,,,,,,,,,,,,,,,,
401703385,2024-11-15,2025,2024-11-16T01:00Z,,fourfactors_hl25_b2b_carry25_phase_luck_talent_ft_avail_v6,reconstructed,HOU,LAC,12,12,0,0,9.052,0.67385,HOU,0.67385,,,,,-170.0,145.0,-200.0,165.0,0.63855,espnbet,125.0,104.0,1.0,-4.5,-115.0,-105.0,,,,,,,,,,,,,,,,,,,,,,
401703386,2024-11-15,2025,2024-11-16T01:00Z,,fourfactors_hl25_b2b_carry25_phase_luck_talent_ft_avail_v6,reconstructed,NOP,DEN,12,10,0,0,-47.286,0.23863,DEN,0.76137,,,,,320.0,-425.0,115.0,-135.0,0.44741,espnbet,101.0,94.0,1.0,2.5,-115.0,-105.0,,,,,,,,,,,,,,,,,,,,,,
401703387,2024-11-15,2025,2024-11-16T01:00Z,,fourfactors_hl25_b2b_carry25_phase_luck_talent_ft_avail_v6,reconstructed,OKC,PHO,12,12,0,0,21.225,0.70055,OKC,0.70055,,,,,-290.0,240.0,-325.0,250.0,0.728,espnbet,99.0,83.0,1.0,-7.5,-110.0,-110.0,,,,,,,,,,,,,,,,,,,,,,
401703388,2024-11-15,2025,2024-11-16T03:00Z,,fourfactors_hl25_b2b_carry25_phase_luck_talent_ft_avail_v6,reconstructed,GSW,MEM,11,12,0,0,20.133,0.70513,GSW,0.70513,,,,,-400.0,300.0,-300.0,240.0,0.71831,espnbet,123.0,118.0,1.0,-6.5,-115.0,-105.0,,,,,,,,,,,,,,,,,,,,,,
401703389,2024-11-15,2025,2024-11-16T03:00Z,,fourfactors_hl25_b2b_carry25_phase_luck_talent_ft_avail_v6,reconstructed,SAC,MIN,12,12,0,0,5.453,0.61125,SAC,0.61125,,,,,-120.0,100.0,105.0,-125.0,0.46753,espnbet,126.0,130.0,0.0,1.5,-110.0,-110.0,,,,,,,,,,,,,,,,,,,,,,
401704795,2024-11-16,2025,2024-11-16T20:00Z,,fourfactors_hl25_b2b_carry25_phase_luck_talent_ft_avail_v6,reconstructed,CHO,MIL,11,12,0,0,-21.446,0.34624,MIL,0.65376,,,,,160.0,-190.0,145.0,-170.0,0.3933,espnbet,115.0,114.0,1.0,3.5,-105.0,-115.0,,,,,,,,,,,,,,,,,,,,,,
401704796,2024-11-16,2025,2024-11-17T01:00Z,,fourfactors_hl25_b2b_carry25_phase_luck_talent_ft_avail_v6,reconstructed,BOS,TOR,13,13,0,1,52.65,0.92918,BOS,0.92918,,,,,-3000.0,1200.0,-1650.0,900.0,0.90411,espnbet,126.0,123.0,1.0,-16.5,-110.0,-110.0,,,,,,,,,,,,,,,,,,,,,,
401704797,2024-11-16,2025,2024-11-17T01:00Z,,fourfactors_hl25_b2b_carry25_phase_luck_talent_ft_avail_v6,reconstructed,NOP,LAL,13,12,1,1,-29.654,0.32321,LAL,0.67679,,,,,220.0,-270.0,270.0,-340.0,0.25913,espnbet,99.0,104.0,0.0,7.5,100.0,-120.0,,,,,,,,,,,,,,,,,,,,,,
401704798,2024-11-16,2025,2024-11-17T01:30Z,,fourfactors_hl25_b2b_carry25_phase_luck_talent_ft_avail_v6,reconstructed,DAL,SAS,12,13,0,1,4.508,0.65089,DAL,0.65089,,,,,-550.0,380.0,-800.0,550.0,0.85246,espnbet,110.0,93.0,1.0,-13.5,100.0,-120.0,,,,,,,,,,,,,,,,,,,,,,
401704799,2024-11-16,2025,2024-11-17T03:00Z,,fourfactors_hl25_b2b_carry25_phase_luck_talent_ft_avail_v6,reconstructed,SAC,UTA,13,11,1,0,46.763,0.74965,SAC,0.74965,,,,,-380.0,290.0,-280.0,230.0,0.70859,espnbet,121.0,117.0,1.0,-7.5,-105.0,-115.0,,,,,,,,,,,,,,,,,,,,,,
401704800,2024-11-17,2025,2024-11-17T20:30Z,,fourfactors_hl25_b2b_carry25_phase_luck_talent_ft_avail_v6,reconstructed,MIN,PHO,13,13,0,0,5.088,0.6894,MIN,0.6894,,,,,-300.0,250.0,-290.0,240.0,0.71657,espnbet,120.0,117.0,1.0,-7.5,-105.0,-115.0,,,,,,,,,,,,,,,,,,,,,,
401704801,2024-11-17,2025,2024-11-17T22:00Z,,fourfactors_hl25_b2b_carry25_phase_luck_talent_ft_avail_v6,reconstructed,IND,MIA,12,11,0,0,-10.408,0.47476,MIA,0.52524,,,,,-140.0,120.0,-165.0,140.0,0.59909,espnbet,119.0,110.0,1.0,-3.5,-110.0,-110.0,,,,,,,,,,,,,,,,,,,,,,
401704802,2024-11-17,2025,2024-11-17T23:00Z,,fourfactors_hl25_b2b_carry25_phase_luck_talent_ft_avail_v6,reconstructed,CLE,CHO,14,12,0,1,59.571,0.88473,CLE,0.88473,,,,,-750.0,475.0,-450.0,350.0,0.78641,espnbet,128.0,114.0,1.0,-10.5,100.0,-120.0,,,,,,,,,,,,,,,,,,,,,,
401704803,2024-11-17,2025,2024-11-17T23:00Z,,fourfactors_hl25_b2b_carry25_phase_luck_talent_ft_avail_v6,reconstructed,WAS,DET,11,14,0,0,-31.415,0.37914,DET,0.62086,,,,,155.0,-185.0,170.0,-205.0,0.35527,espnbet,104.0,124.0,0.0,4.5,-110.0,-110.0,,,,,,,,,,,,,,,,,,,,,,
401704804,2024-11-17,2025,2024-11-17T23:00Z,,fourfactors_hl25_b2b_carry25_phase_luck_talent_ft_avail_v6,reconstructed,MEM,DEN,13,11,0,0,1.995,0.67008,MEM,0.67008,,,,,-110.0,-110.0,-230.0,190.0,0.66901,espnbet,105.0,90.0,1.0,-5.5,-110.0,-110.0,,,,,,,,,,,,,,,,,,,,,,
401704805,2024-11-17,2025,2024-11-17T23:00Z,,fourfactors_hl25_b2b_carry25_phase_luck_talent_ft_avail_v6,reconstructed,POR,ATL,13,13,0,0,-18.865,0.25878,ATL,0.74122,,,,,165.0,-195.0,150.0,-180.0,0.38356,espnbet,114.0,110.0,1.0,4.5,-110.0,-110.0,,,,,,,,,,,,,,,,,,,,,,
401704806,2024-11-17,2025,2024-11-18T00:00Z,,fourfactors_hl25_b2b_carry25_phase_luck_talent_ft_avail_v6,reconstructed,NYK,BRK,12,13,0,0,19.355,0.73712,NYK,0.73712,,,,,-600.0,400.0,-500.0,375.0,0.79832,espnbet,114.0,104.0,1.0,-10.5,100.0,-120.0,,,,,,,,,,,,,,,,,,,,,,
401704807,2024-11-17,2025,2024-11-18T00:00Z,,fourfactors_hl25_b2b_carry25_phase_luck_talent_ft_avail_v6,reconstructed,CHI,HOU,13,13,0,0,-25.156,0.37913,HOU,0.62087,,,,,165.0,-195.0,155.0,-185.0,0.37661,espnbet,107.0,143.0,0.0,4.5,100.0,-120.0,,,,,,,,,,,,,,,,,,,,,,
401704808,2024-11-17,2025,2024-11-18T00:00Z,,fourfactors_hl25_b2b_carry25_phase_luck_talent_ft_avail_v6,reconstructed,OKC,DAL,13,13,0,1,19.502,0.68828,OKC,0.68828,,,,,-225.0,190.0,-300.0,240.0,0.71831,espnbet,119.0,121.0,0.0,-7.5,-105.0,-115.0,,,,,,,,,,,,,,,,,,,,,,
401704809,2024-11-17,2025,2024-11-18T02:00Z,,fourfactors_hl25_b2b_carry25_phase_luck_talent_ft_avail_v6,reconstructed,LAC,UTA,13,12,0,1,28.646,0.7634,LAC,0.7634,,,,,-450.0,340.0,-450.0,340.0,0.78261,espnbet,116.0,105.0,1.0,-9.5,-115.0,-105.0,,,,,,,,,,,,,,,,,,,,,,
401704810,2024-11-18,2025,2024-11-19T00:00Z,,fourfactors_hl25_b2b_carry25_phase_luck_talent_ft_avail_v6,reconstructed,DET,CHI,15,14,1,1,17.879,0.6586,DET,0.6586,,,,,-145.0,125.0,-175.0,150.0,0.61404,espnbet,112.0,122.0,0.0,-4.5,-110.0,-110.0,,,,,,,,,,,,,,,,,,,,,,
401704811,2024-11-18,2025,2024-11-19T00:30Z,,fourfactors_hl25_b2b_carry25_phase_luck_talent_ft_avail_v6,reconstructed,MIA,PHI,12,12,1,0,23.211,0.61191,MIA,0.61191,,,,,-155.0,135.0,-135.0,115.0,0.55259,espnbet,106.0,89.0,1.0,-2.5,-110.0,-110.0,,,,,,,,,,,,,,,,,,,,,,
401704812,2024-11-18,2025,2024-11-19T00:30Z,,fourfactors_hl25_b2b_carry25_phase_luck_talent_ft_avail_v6,reconstructed,NYK,WAS,13,12,1,1,50.272,0.8681,NYK,0.8681,,,,,-1400.0,750.0,-1000.0,600.0,0.8642,espnbet,134.0,106.0,1.0,-14.5,-110.0,-110.0,,,,,,,,,,,,,,,,,,,,,,
401704813,2024-11-18,2025,2024-11-19T00:30Z,,fourfactors_hl25_b2b_carry25_phase_luck_talent_ft_avail_v6,reconstructed,TOR,IND,14,13,0,1,-17.676,0.33445,IND,0.66555,,,,,125.0,-145.0,130.0,-150.0,0.42017,espnbet,130.0,119.0,1.0,2.5,100.0,-120.0,,,,,,,,,,,,,,,,,,,,,,
401704814,2024-11-18,2025,2024-11-19T01:00Z,,fourfactors_hl25_b2b_carry25_phase_luck_talent_ft_avail_v6,reconstructed,MIL,HOU,13,14,0,1,-21.666,0.52246,MIL,0.52246,,,,,-145.0,125.0,-160.0,135.0,0.59119,espnbet,101.0,100.0,1.0,-3.5,-110.0,-110.0,,,,,,,,,,,,,,,,,,,,,,
401704815,2024-11-18,2025,2024-11-19T02:00Z,,fourfactors_hl25_b2b_carry25_phase_luck_talent_ft_avail_v6,reconstructed,PHO,ORL,14,14,1,0,-5.637,0.46903,ORL,0.53097,,,,,-140.0,120.0,145.0,-170.0,0.3933,espnbet,99.0,109.0,0.0,4.5,-110.0,-110.0,,,,,,,,,,,,,,,,,,,,,,
401704816,2024-11-18,2025,2024-11-19T03:00Z,,fourfactors_hl25_b2b_carry25_phase_luck_talent_ft_avail_v6,reconstructed,SAC,ATL,14,14,0,1,18.758,0.58848,SAC,0.58848,,,,,-200.0,170.0,-165.0,140.0,0.59909,espnbet,108.0,109.0,0.0,-4.5,-110.0,-110.0,,,,,,,,,,,,,,,,,,,,,,
401704817,2024-11-18,2025,2024-11-19T03:30Z,,fourfactors_hl25_b2b_carry25_phase_luck_talent_ft_avail_v6,reconstructed,LAC,GSW,14,12,1,0,-38.65,0.3538,GSW,0.6462,,,,,110.0,-130.0,175.0,-210.0,0.3493,espnbet,102.0,99.0,1.0,5.5,-115.0,-105.0,,,,,,,,,,,,,,,,,,,,,,
401703390,2024-11-19,2025,2024-11-20T00:00Z,,fourfactors_hl25_b2b_carry25_phase_luck_talent_ft_avail_v6,reconstructed,BOS,CLE,14,15,0,0,-15.964,0.69566,BOS,0.69566,,,,,-135.0,115.0,-265.0,215.0,0.69577,espnbet,120.0,117.0,1.0,-6.5,-115.0,-105.0,,,,,,,,,,,,,,,,,,,,,,
401703391,2024-11-19,2025,2024-11-20T00:30Z,,fourfactors_hl25_b2b_carry25_phase_luck_talent_ft_avail_v6,reconstructed,BRK,CHO,14,13,0,0,9.238,0.5905,BRK,0.5905,,,,,100.0,-120.0,-125.0,105.0,0.53247,espnbet,116.0,115.0,1.0,-1.5,-115.0,-105.0,,,,,,,,,,,,,,,,,,,,,,
401703392,2024-11-19,2025,2024-11-20T01:00Z,,fourfactors_hl25_b2b_carry25_phase_luck_talent_ft_avail_v6,reconstructed,MEM,DEN,14,12,0,0,8.542,0.67773,MEM,0.67773,,,,,-155.0,135.0,-230.0,190.0,0.66901,espnbet,110.0,122.0,0.0,-5.5,-110.0,-110.0,,,,,,,,,,,,,,,,,,,,,,
401703393,2024-11-19,2025,2024-11-20T01:30Z,,fourfactors_hl25_b2b_carry25_phase_luck_talent_ft_avail_v6,reconstructed,DAL,NOP,14,14,0,0,33.758,0.82498,DAL,0.82498,,,,,-700.0,450.0,-850.0,575.0,0.85794,espnbet,132.0,91.0,1.0,-12.5,-125.0,100.0,,,,,,,,,,,,,,,,,,,,,,
401703394,2024-11-19,2025,2024-11-20T02:30Z,,fourfactors_hl25_b2b_carry25_phase_luck_talent_ft_avail_v6,reconstructed,SAS,OKC,14,14,0,0,-29.115,0.31874,OKC,0.68126,,,,,215.0,-260.0,365.0,-475.0,0.20656,espnbet,110.0,104.0,1.0,9.5,100.0,-120.0,,,,,,,,,,,,,,,,,,,,,,
401703395,2024-11-19,2025,2024-11-20T03:30Z,,fourfactors_hl25_b2b_carry25_phase_luck_talent_ft_avail_v6,reconstructed,LAL,UTA,13,13,0,0,38.69,0.79457,LAL,0.79457,,,,,-600.0,400.0,-600.0,435.0,0.82097,espnbet,124.0,118.0,1.0,-10.5,-105.0,-115.0,,,,,,,,,,,,,,,,,,,,,,
401704818,2024-11-20,2025,2024-11-21T00:30Z,,fourfactors_hl25_b2b_carry25_phase_luck_talent_ft_avail_v6,reconstructed,CLE,NOP,16,15,1,1,69.315,0.8948,CLE,0.8948,,,,,-1200.0,700.0,-900.0,600.0,0.86301,espnbet,128.0,100.0,1.0,-14.5,-105.0,-115.0,,,,,,,,,,,,,,,,,,,,,,
401704819,2024-11-20,2025,2024-11-21T00:30Z,,fourfactors_hl25_b2b_carry25_phase_luck_talent_ft_avail_v6,reconstructed,MIL,CHI,14,15,0,0,18.44,0.74022,MIL,0.74022,,,,,-380.0,290.0,-380.0,290.0,0.75535,espnbet,122.0,106.0,1.0,-8.5,-110.0,-110.0,,,,,,,,,,,,,,,,,,,,,,
401704820,2024-11-20,2025,2024-11-21T01:00Z,,fourfactors_hl25_b2b_carry25_phase_luck_talent_ft_avail_v6,reconstructed,HOU,IND,15,14,0,0,27.834,0.72345,HOU,0.72345,,,,,-270.0,220.0,-225.0,190.0,0.66752,espnbet,130.0,113.0,1.0,-5.5,-115.0,-105.0,,,,,,,,,,,,,,,,,,,,,,
401704821,2024-11-20,2025,2024-11-21T01:00Z,,fourfactors_hl25_b2b_carry25_phase_luck_talent_ft_avail_v6,reconstructed,MEM,PHI,15,13,1,0,36.351,0.56113,MEM,0.56113,,,,,-120.0,100.0,165.0,-195.0,0.36341,espnbet,117.0,111.0,1.0,4.5,100.0,-120.0,,,,,,,,,,,,,,,,,,,,,,
401704822,2024-11-20,2025,2024-11-21T01:00Z,,fourfactors_hl25_b2b_carry25_phase_luck_talent_ft_avail_v6,reconstructed,OKC,POR,15,14,1,0,43.095,0.84987,OKC,0.84987,,,,,-1800.0,900.0,-900.0,550.0,0.85401,espnbet,109.0,99.0,1.0,-13.5,-105.0,-115.0,,,,,,,,,,,,,,,,,,,,,,
401704823,2024-11-20,2025,2024-11-21T03:00Z,,fourfactors_hl25_b2b_carry25_phase_luck_talent_ft_avail_v6,reconstructed,PHO,NYK,15,14,0,0,-16.819,0.41604,NYK,0.58396,,,,,190.0,-225.0,150.0,-175.0,0.38596,espnbet,122.0,138.0,0.0,4.5,-110.0,-110.0,,,,,,,,,,,,,,,,,,,,,,
401704824,2024-11-20,2025,2024-11-21T03:00Z,,fourfactors_hl25_b2b_carry25_phase_luck_talent_ft_avail_v6,reconstructed,GSW,ATL,13,15,0,0,42.592,0.69369,GSW,0.69369,,,,,-400.0,300.0,-290.0,240.0,0.71657,espnbet,120.0,97.0,1.0,-7.5,-105.0,-115.0,,,,,,,,,,,,,,,,,,,,,,
401704825,2024-11-20,2025,2024-11-21T03:30Z,,fourfactors_hl25_b2b_carry25_phase_luck_talent_ft_avail_v6,reconstructed,LAC,ORL,15,15,0,0,-10.713,0.48823,ORL,0.51177,,,,,100.0,-120.0,120.0,-140.0,0.43796,espnbet,104.0,93.0,1.0,2.5,-105.0,-115.0,,,,,,,,,,,,,,,,,,,,,,
401704826,2024-11-21,2025,2024-11-22T00:00Z,,fourfactors_hl25_b2b_carry25_phase_luck_talent_ft_avail_v6,reconstructed,CHO,DET,14,16,0,0,-16.502,0.42663,DET,0.57337,,,,,-130.0,110.0,125.0,-150.0,0.42553,espnbet,123.0,121.0,1.0,2.5,-115.0,-105.0,,,,,,,,,,,,,,,,,,,,,,
401704827,2024-11-21,2025,2024-11-22T00:30Z,,fourfactors_hl25_b2b_carry25_phase_luck_talent_ft_avail_v6,reconstructed,TOR,MIN,15,14,0,0,-26.08,0.26489,MIN,0.73511,,,,,280.0,-360.0,225.0,-280.0,0.29457,espnbet,110.0,105.0,1.0,6.5,100.0,-120.0,,,,,,,,,,,,,,,,,,,,,,
401704828,2024-11-21,2025,2024-11-22T01:00Z,,fourfactors_hl25_b2b_carry25_phase_luck_talent_ft_avail_v6,reconstructed,SAS,UTA,15,14,0,0,33.19,0.67702,SAS,0.67702,,,,,-175.0,150.0,-145.0,125.0,0.57112,espnbet,126.0,118.0,1.0,-2.5,-115.0,-105.0,,,,,,,,,,,,,,,,,,,,,,
401704829,2024-11-21,2025,2024-11-22T03:30Z,,fourfactors_hl25_b2b_carry25_phase_luck_talent_ft_avail_v6,reconstructed,LAL,ORL,14,16,0,1,4.57,0.69699,LAL,0.69699,,,,,-225.0,190.0,-215.0,180.0,0.65649,espnbet,118.0,119.0,0.0,-5.5,-110.0,-110.0,,,,,,,,,,,,,,,,,,,,,,
401703396,2024-11-22,2025,2024-11-23T00:00Z,,fourfactors_hl25_b2b_carry25_phase_luck_talent_ft_avail_v6,reconstructed,PHI,BRK,14,15,0,0,-15.035,0.51963,PHI,0.51963,,,,,-360.0,280.0,-145.0,120.0,0.5656,espnbet,113.0,98.0,1.0,-3.5,-105.0,-115.0,,,,,,,,,,,,,,,,,,,,,,
401703397,2024-11-22,2025,2024-11-23T00:00Z,,fourfactors_hl25_b2b_carry25_phase_luck_talent_ft_avail_v6,reconstructed,WAS,BOS,13,15,0,0,-65.829,0.12843,BOS,0.87157,,,,,800.0,-1600.0,875.0,-1500.0,0.09861,espnbet,96.0,108.0,0.0,15.5,-105.0,-115.0,,,,,,,,,,,,,,,,,,,,,,
401703401,2024-11-22,2025,2024-11-23T00:30Z,,fourfactors_hl25_b2b_carry25_phase_luck_talent_ft_avail_v6,reconstructed,NOP,GSW,16,14,0,0,-70.73,0.16294,GSW,0.83706,,,,,280.0,-360.0,360.0,-500.0,0.2069,espnbet,108.0,112.0,0.0,10.5,-110.0,-110.0,,,,,,,,,,,,,,,,,,,,,,
401703398,2024-11-22,2025,2024-11-23T01:00Z,,fourfactors_hl25_b2b_carry25_phase_luck_talent_ft_avail_v6,reconstructed,MIL,IND,15,15,0,0,18.237,0.67962,MIL,0.67962,,,,,-170.0,145.0,-215.0,180.0,0.65649,espnbet,129.0,117.0,1.0,-5.5,-115.0,-105.0,,,,,,,,,,,,,,,,,,,,,,
401703399,2024-11-22,2025,2024-11-23T01:00Z,,fourfactors_hl25_b2b_carry25_phase_luck_talent_ft_avail_v6,reconstructed,CHI,ATL,16,16,0,0,-9.101,0.393,ATL,0.607,,,,,-125.0,105.0,115.0,-135.0,0.44741,espnbet,136.0,122.0,1.0,1.5,100.0,-120.0,,,,,,,,,,,,,,,,,,,,,,
401703400,2024-11-22,2025,2024-11-23T01:00Z,,fourfactors_hl25_b2b_carry25_phase_luck_talent_ft_avail_v6,reconstructed,HOU,POR,16,15,0,0,42.503,0.85771,HOU,0.85771,,,,,-600.0,400.0,-725.0,500.0,0.84058,espnbet,116.0,88.0,1.0,-11.5,-115.0,-105.0,,,,,,,,,,,,,,,,,,,,,,
401703402,2024-11-22,2025,2024-11-23T03:00Z,,fourfactors_hl25_b2b_carry25_phase_luck_talent_ft_avail_v6,reconstructed,DEN,DAL,13,15,0,0,-6.354,0.47566,DAL,0.52434,,,,,-190.0,160.0,-200.0,165.0,0.63855,espnbet,120.0,123.0,0.0,-4.5,-120.0,100.0,,,,,,,,,,,,,,,,,,,,,,
401703403,2024-11-22,2025,2024-11-23T03:30Z,,fourfactors_hl25_b2b_carry25_phase_luck_talent_ft_avail_v6,reconstructed,LAC,SAC,16,15,0,0,-10.334,0.52216,LAC,0.52216,,,,,145.0,-170.0,140.0,-170.0,0.39823,espnbet,104.0,88.0,1.0,4.5,-110.0,-110.0,,,,,,,,,,,,,,,,,,,,,,
401704830,2024-11-23,2025,2024-11-23T22:00Z,,fourfactors_hl25_b2b_carry25_phase_luck_talent_ft_avail_v6,reconstructed,UTA,NYK,15,15,0,0,-52.489,0.23606,NYK,0.76394,,,,,300.0,-400.0,275.0,-350.0,0.25532,espnbet,121.0,106.0,1.0,8.5,-115.0,-105.0,,,,,,,,,,,,,,,,,,,,,,
401704831,2024-11-23,2025,2024-11-24T00:00Z,,fourfactors_hl25_b2b_carry25_phase_luck_talent_ft_avail_v6,reconstructed,ORL,DET,17,17,0,0,6.254,0.63021,ORL,0.63021,,,,,-500.0,360.0,-425.0,330.0,0.77683,espnbet,111.0,100.0,1.0,-9.5,100.0,-120.0,,,,,,,,,,,,,,,,,,,,,,
401704832,2024-11-23,2025,2024-11-24T01:00Z,,fourfactors_hl25_b2b_carry25_phase_luck_talent_ft_avail_v6,reconstructed,CHI,MEM,17,16,1,0,-25.561,0.37566,MEM,0.62434,,,,,170.0,-200.0,150.0,-180.0,0.38356,espnbet,131.0,142.0,0.0,4.5,-115.0,-105.0,,,,,,,,,,,,,,,,,,,,,,
401704833,2024-11-23,2025,2024-11-24T01:00Z,,fourfactors_hl25_b2b_carry25_phase_luck_talent_ft_avail_v6,reconstructed,HOU,POR,17,16,1,1,52.227,0.85622,HOU,0.85622,,,,,-1800.0,900.0,-800.0,550.0,0.85246,espnbet,98.0,104.0,0.0,-12.5,-105.0,-115.0,,,,,,,,,,,,,,,,,,,,,,
401704834,2024-11-23,2025,2024-11-24T01:00Z,,fourfactors_hl25_b2b_carry25_phase_luck_talent_ft_avail_v6,reconstructed,MIL,CHO,16,15,1,0,26.867,0.78063,MIL,0.78063,,,,,-320.0,260.0,-315.0,250.0,0.72652,espnbet,125.0,119.0,1.0,-7.5,-110.0,-110.0,,,,,,,,,,,,,,,,,,,,,,
401704835,2024-11-23,2025,2024-11-24T01:30Z,,fourfactors_hl25_b2b_carry25_phase_luck_talent_ft_avail_v6,reconstructed,SAS,GSW,16,15,0,1,-30.221,0.40623,GSW,0.59377,,,,,170.0,-200.0,130.0,-155.0,0.41701,espnbet,104.0,94.0,1.0,3.5,-110.0,-110.0,,,,,,,,,,,,,,,,,,,,,,
401704836,2024-11-23,2025,2024-11-24T03:30Z,,fourfactors_hl25_b2b_carry25_phase_luck_talent_ft_avail_v6,reconstructed,LAL,DEN,15,14,0,1,-0.499,0.57454,LAL,0.57454,,,,,-165.0,140.0,-170.0,140.0,0.60177,espnbet,102.0,127.0,0.0,-4.5,-105.0,-115.0,,,,,,,,,,,,,,,,,,,,,,
401704837,2024-11-24,2025,2024-11-24T20:30Z,,fourfactors_hl25_b2b_carry25_phase_luck_talent_ft_avail_v6,reconstructed,BOS,MIN,16,15,0,0,21.582,0.74638,BOS,0.74638,,,,,-340.0,270.0,-340.0,270.0,0.74087,espnbet,107.0,105.0,1.0,-8.5,100.0,-120.0,,,,,,,,,,,,,,,,,,,,,,
401704838,2024-11-24,2025,2024-11-24T22:00Z,,fourfactors_hl25_b2b_carry25_phase_luck_talent_ft_avail_v6,reconstructed,IND,WAS,16,14,0,0,31.716,0.80286,IND,0.80286,,,,,-600.0,400.0,-750.0,520.0,0.84545,espnbet,115.0,103.0,1.0,-12.5,-105.0,-115.0,,,,,,,,,,,,,,,,,,,,,,
401704839,2024-11-24,2025,2024-11-24T23:00Z,,fourfactors_hl25_b2b_carry25_phase_luck_talent_ft_avail_v6,reconstructed,MIA,DAL,13,16,0,0,-12.889,0.59198,MIA,0.59198,,,,,-130.0,110.0,-145.0,120.0,0.5656,espnbet,123.0,118.0,1.0,-2.5,-115.0,-105.0,,,,,,,,,,,,,,,,,,,,,,
401704840,2024-11-24,2025,2024-11-24T23:00Z,,fourfactors_hl25_b2b_carry25_phase_luck_talent_ft_avail_v6,reconstructed,PHI,LAC,15,17,0,0,-18.445,0.42925,LAC,0.57075,,,,,-110.0,-110.0,105.0,-125.0,0.46753,espnbet,99.0,125.0,0.0,1.5,-110.0,-110.0,,,,,,,,,,,,,,,,,,,,,,
401704841,2024-11-24,2025,2024-11-25T00:30Z,,fourfactors_hl25_b2b_carry25_phase_luck_talent_ft_avail_v6,reconstructed,CLE,TOR,17,16,0,0,52.932,0.86984,CLE,0.86984,,,,,-800.0,500.0,-680.0,490.0,0.83723,espnbet,122.0,108.0,1.0,-11.5,-110.0,-110.0,,,,,,,,,,,,,,,,,,,,,,
401704842,2024-11-24,2025,2024-11-25T02:00Z,,fourfactors_hl25_b2b_carry25_phase_luck_talent_ft_avail_v6,reconstructed,SAC,BRK,16,16,0,0,15.841,0.79204,SAC,0.79204,,,,,-340.0,270.0,-450.0,340.0,0.78261,espnbet,103.0,108.0,0.0,-10.5,-105.0,-115.0,,,,,,,,,,,,,,,,,,,,,,
401704843,2024-11-25,2025,2024-11-26T00:00Z,,fourfactors_hl25_b2b_carry25_phase_luck_talent_ft_avail_v6,reconstructed,CHO,ORL,16,18,0,0,-20.026,0.35356,ORL,0.64644,,,,,110.0,-130.0,160.0,-190.0,0.3699,espnbet,84.0,95.0,0.0,4.5,-110.0,-110.0,,,,,,,,,,,,,,,,,,,,,,
401704844,2024-11-25,2025,2024-11-26T00:00Z,,fourfactors_hl25_b2b_carry25_phase_luck_talent_ft_avail_v6,reconstructed,DET,TOR,18,17,0,1,9.986,0.67547,DET,0.67547,,,,,-200.0,170.0,-150.0,130.0,0.57983,espnbet,102.0,100.0,1.0,-4.5,-110.0,-110.0,,,,,,,,,,,,,,,,,,,,,,
401704845,2024-11-25,2025,2024-11-26T00:00Z,,fourfactors_hl25_b2b_carry25_phase_luck_talent_ft_avail_v6,reconstructed,IND,NOP,17,17,1,0,23.793,0.69052,IND,0.69052,,,,,-200.0,170.0,-320.0,260.0,0.73282,espnbet,114.0,110.0,1.0,-7.5,-115.0,-105.0,,,,,,,,,,,,,,,,,,,,,,
401704846,2024-11-25,2025,2024-11-26T00:30Z,,fourfactors_hl25_b2b_carry25_phase_luck_talent_ft_avail_v6,reconstructed,ATL,DAL,17,17,0,1,-24.874,0.6667,ATL,0.6667,,,,,-115.0,-105.0,-135.0,115.0,0.55259,espnbet,119.0,129.0,0.0,-2.5,-110.0,-110.0,,,,,,,,,,,,,,,,,,,,,,
401704847,2024-11-25,2025,2024-11-26T00:30Z,,fourfactors_hl25_b2b_carry25_phase_luck_talent_ft_avail_v6,reconstructed,BOS,LAC,17,18,1,1,18.964,0.79162,BOS,0.79162,,,,,-550.0,380.0,-500.0,360.0,0.7931,espnbet,126.0,94.0,1.0,-10.5,-110.0,-110.0,,,,,,,,,,,,,,,,,,,,,,
401704848,2024-11-25,2025,2024-11-26T01:00Z,,fourfactors_hl25_b2b_carry25_phase_luck_talent_ft_avail_v6,reconstructed,MEM,POR,17,17,0,0,36.477,0.82169,MEM,0.82169,,,,,-400.0,300.0,-450.0,340.0,0.78261,espnbet,123.0,98.0,1.0,-10.5,-110.0,-110.0,,,,,,,,,,,,,,,,,,,,,,
401704849,2024-11-25,2025,2024-11-26T02:00Z,,fourfactors_hl25_b2b_carry25_phase_luck_talent_ft_avail_v6,reconstructed,DEN,NYK,15,16,0,0,3.88,0.57027,DEN,0.57027,,,,,-140.0,120.0,-140.0,120.0,0.56204,espnbet,118.0,145.0,0.0,-2.5,-110.0,-110.0,,,,,,,,,,,,,,,,,,,,,,
401704850,2024-11-25,2025,2024-11-26T03:00Z,,fourfactors_hl25_b2b_carry25_phase_luck_talent_ft_avail_v6,reconstructed,GSW,BRK,16,17,0,1,36.536,0.81559,GSW,0.81559,,,,,-1200.0,700.0,-1000.0,600.0,0.8642,espnbet,120.0,128.0,0.0,-13.5,-105.0,-115.0,,,,,,,,,,,,,,,,,,,,,,
401704851,2024-11-25,2025,2024-11-26T03:00Z,,fourfactors_hl25_b2b_carry25_phase_luck_talent_ft_avail_v6,reconstructed,SAC,OKC,17,16,1,0,-17.207,0.46397,OKC,0.53603,,,,,150.0,-175.0,125.0,-145.0,0.42888,espnbet,109.0,130.0,0.0,3.5,-115.0,-105.0,,,,,,,,,,,,,,,,,,,,,,
401703404,2024-11-26,2025,2024-11-27T00:00Z,,fourfactors_hl25_b2b_carry25_phase_luck_talent_ft_avail_v6,reconstructed,WAS,CHI,15,18,0,0,-26.73,0.38556,CHI,0.61444,,,,,135.0,-155.0,175.0,-210.0,0.3493,espnbet,108.0,127.0,0.0,5.5,-110.0,-110.0,,,,,,,,,,,,,,,,,,,,,,
401703405,2024-11-26,2025,2024-11-27T00:30Z,,fourfactors_hl25_b2b_carry25_phase_luck_talent_ft_avail_v6,reconstructed,MIA,MIL,14,17,0,0,-6.688,0.61641,MIA,0.61641,,,,,-130.0,110.0,-225.0,190.0,0.66752,espnbet,103.0,106.0,0.0,-5.5,-115.0,-105.0,,,,,,,,,,,,,,,,,,,,,,
401703406,2024-11-26,2025,2024-11-27T01:00Z,,fourfactors_hl25_b2b_carry25_phase_luck_talent_ft_avail_v6,reconstructed,MIN,HOU,16,18,0,0,-20.161,0.48399,HOU,0.51601,,,,,-140.0,120.0,-135.0,115.0,0.55259,espnbet,111.0,117.0,0.0,-2.5,-110.0,-110.0,,,,,,,,,,,,,,,,,,,,,,
401703407,2024-11-26,2025,2024-11-27T02:00Z,,fourfactors_hl25_b2b_carry25_phase_luck_talent_ft_avail_v6,reconstructed,UTA,SAS,16,17,0,0,-32.32,0.36918,SAS,0.63082,,,,,110.0,-130.0,105.0,-125.0,0.46753,espnbet,115.0,128.0,0.0,1.5,-105.0,-115.0,,,,,,,,,,,,,,,,,,,,,,
401703408,2024-11-26,2025,2024-11-27T03:00Z,,fourfactors_hl25_b2b_carry25_phase_luck_talent_ft_avail_v6,reconstructed,PHO,LAL,16,16,0,0,-6.902,0.57661,PHO,0.57661,,,,,-130.0,110.0,-140.0,120.0,0.56204,espnbet,127.0,100.0,1.0,-2.5,-110.0,-110.0,,,,,,,,,,,,,,,,,,,,,,
401704852,2024-11-27,2025,2024-11-28T00:00Z,,fourfactors_hl25_b2b_carry25_phase_luck_talent_ft_avail_v6,reconstructed,CHO,MIA,17,15,0,1,-23.079,0.27361,MIA,0.72639,,,,,120.0,-140.0,140.0,-170.0,0.39823,espnbet,94.0,98.0,0.0,4.5,-115.0,-105.0,,,,,,,,,,,,,,,,,,,,,,
401704853,2024-11-27,2025,2024-11-28T00:00Z,,fourfactors_hl25_b2b_carry25_phase_luck_talent_ft_avail_v6,reconstructed,CLE,ATL,18,18,0,0,52.437,0.77592,CLE,0.77592,,,,,-650.0,425.0,-400.0,300.0,0.7619,espnbet,124.0,135.0,0.0,-9.5,100.0,-120.0,,,,,,,,,,,,,,,,,,,,,,
401704854,2024-11-27,2025,2024-11-28T00:00Z,,fourfactors_hl25_b2b_carry25_phase_luck_talent_ft_avail_v6,reconstructed,IND,POR,18,18,0,0,19.882,0.77085,IND,0.77085,,,,,-900.0,550.0,-425.0,320.0,0.77273,espnbet,121.0,114.0,1.0,-9.5,-115.0,-105.0,,,,,,,,,,,,,,,,,,,,,,
401704855,2024-11-27,2025,2024-11-28T00:00Z,,fourfactors_hl25_b2b_carry25_phase_luck_talent_ft_avail_v6,reconstructed,ORL,CHI,19,19,0,1,16.893,0.67137,ORL,0.67137,,,,,-450.0,340.0,-425.0,320.0,0.77273,espnbet,133.0,119.0,1.0,-9.5,-110.0,-110.0,,,,,,,,,,,,,,,,,,,,,,
401704856,2024-11-27,2025,2024-11-28T00:00Z,,fourfactors_hl25_b2b_carry25_phase_luck_talent_ft_avail_v6,reconstructed,PHI,HOU,16,19,0,1,-46.22,0.26774,HOU,0.73226,,,,,220.0,-270.0,175.0,-215.0,0.34759,espnbet,115.0,122.0,0.0,5.5,-110.0,-110.0,,,,,,,,,,,,,,,,,,,,,,
401704857,2024-11-27,2025,2024-11-28T00:00Z,,fourfactors_hl25_b2b_carry25_phase_luck_talent_ft_avail_v6,reconstructed,WAS,LAC,16,19,1,0,-42.976,0.2853,LAC,0.7147,,,,,400.0,-600.0,340.0,-450.0,0.21739,espnbet,96.0,121.0,0.0,9.5,-110.0,-110.0,,,,,,,,,,,,,,,,,,,,,,
401704858,2024-11-27,2025,2024-11-28T00:30Z,,fourfactors_hl25_b2b_carry25_phase_luck_talent_ft_avail_v6,reconstructed,DAL,NYK,18,17,0,0,-5.428,0.33712,NYK,0.66288,,,,,130.0,-150.0,145.0,-175.0,0.39076,espnbet,129.0,114.0,1.0,4.5,-115.0,-105.0,,,,,,,,,,,,,,,,,,,,,,
401704859,2024-11-27,2025,2024-11-28T01:00Z,,fourfactors_hl25_b2b_carry25_phase_luck_talent_ft_avail_v6,reconstructed,MEM,DET,18,19,0,0,21.539,0.75507,MEM,0.75507,,,,,-340.0,270.0,-320.0,250.0,0.72727,espnbet,131.0,111.0,1.0,-7.5,-115.0,-105.0,,,,,,,,,,,,,,,,,,,,,,
401704860,2024-11-27,2025,2024-11-28T01:00Z,,fourfactors_hl25_b2b_carry25_phase_luck_talent_ft_avail_v6,reconstructed,MIN,SAC,17,18,1,0,0.743,0.46323,SAC,0.53677,,,,,-165.0,140.0,-150.0,125.0,0.57447,espnbet,104.0,115.0,0.0,-2.5,-110.0,-110.0,,,,,,,,,,,,,,,,,,,,,,
401704861,2024-11-27,2025,2024-11-28T01:00Z,,fourfactors_hl25_b2b_carry25_phase_luck_talent_ft_avail_v6,reconstructed,NOP,TOR,18,18,0,0,-14.135,0.5538,NOP,0.5538,,,,,-130.0,110.0,-120.0,100.0,0.52174,espnbet,93.0,119.0,0.0,-0.5,-110.0,-110.0,,,,,,,,,,,,,,,,,,,,,,
401704862,2024-11-27,2025,2024-11-28T01:30Z,,fourfactors_hl25_b2b_carry25_phase_luck_talent_ft_avail_v6,reconstructed,SAS,LAL,18,17,1,1,9.446,0.57588,SAS,0.57588,,,,,115.0,-135.0,110.0,-130.0,0.45726,espnbet,101.0,119.0,0.0,1.5,-105.0,-115.0,,,,,,,,,,,,,,,,,,,,,,
401704863,2024-11-27,2025,2024-11-28T02:00Z,,fourfactors_hl25_b2b_carry25_phase_luck_talent_ft_avail_v6,reconstructed,PHO,BRK,17,18,1,0,5.939,0.76124,PHO,0.76124,,,,,-290.0,240.0,-400.0,310.0,0.76636,espnbet,117.0,127.0,0.0,-9.5,-105.0,-115.0,,,,,,,,,,,,,,,,,,,,,,
401704864,2024-11-27,2025,2024-11-28T02:00Z,,fourfactors_hl25_b2b_carry25_phase_luck_talent_ft_avail_v6,reconstructed,UTA,DEN,17,16,1,0,-38.183,0.18687,DEN,0.81313,,,,,260.0,-320.0,400.0,-600.0,0.18919,espnbet,103.0,122.0,0.0,10.5,-110.0,-110.0,,,,,,,,,,,,,,,,,,,,,,
401704865,2024-11-27,2025,2024-11-28T03:00Z,,fourfactors_hl25_b2b_carry25_phase_luck_talent_ft_avail_v6,reconstructed,GSW,OKC,17,17,0,0,2.0,0.41528,OKC,0.58472,,,,,-115.0,-105.0,150.0,-175.0,0.38596,espnbet,101.0,105.0,0.0,4.5,-115.0,-105.0,,,,,,,,,,,,,,,,,,,,,,
401703409,2024-11-29,2025,2024-11-29T17:00Z,,fourfactors_hl25_b2b_carry25_phase_luck_talent_ft_avail_v6,reconstructed,CHO,NYK,18,18,0,0,-31.169,0.15602,NYK,0.84398,,,,,220.0,-270.0,550.0,-800.0,0.14754,espnbet,98.0,99.0,0.0,12.5,-105.0,-115.0,,,,,,,,,,,,,,,,,,,,,,
401703410,2024-11-29,2025,2024-11-29T19:30Z,,fourfactors_hl25_b2b_carry25_phase_luck_talent_ft_avail_v6,reconstructed,ATL,CLE,19,19,0,0,-46.649,0.32263,CLE,0.67737,,,,,135.0,-155.0,195.0,-240.0,0.32443,espnbet,117.0,101.0,1.0,5.5,100.0,-120.0,,,,,,,,,,,,,,,,,,,,,,
401703411,2024-11-29,2025,2024-11-29T22:00Z,,fourfactors_hl25_b2b_carry25_phase_luck_talent_ft_avail_v6,reconstructed,MEM,NOP,19,19,0,0,52.181,0.82913,MEM,0.82913,,,,,-750.0,475.0,-700.0,500.0,0.84,espnbet,120.0,109.0,1.0,-11.5,-110.0,-110.0,,,,,,,,,,,,,,,,,,,,,,
401703412,2024-11-29,2025,2024-11-30T00:30Z,,fourfactors_hl25_b2b_carry25_phase_luck_talent_ft_avail_v6,reconstructed,BRK,ORL,19,20,0,0,-10.347,0.37713,ORL,0.62287,,,,,160.0,-190.0,230.0,-285.0,0.29046,espnbet,100.0,123.0,0.0,7.5,-105.0,-115.0,,,,,,,,,,,,,,,,,,,,,,
401703413,2024-11-29,2025,2024-11-30T00:30Z,,fourfactors_hl25_b2b_carry25_phase_luck_talent_ft_avail_v6,reconstructed,MIN,LAC,18,20,0,0,-3.752,0.69612,MIN,0.69612,,,,,-250.0,210.0,-260.0,210.0,0.69125,espnbet,93.0,92.0,1.0,-5.5,-105.0,-115.0,,,,,,,,,,,,,,,,,,,,,,
401703414,2024-11-29,2025,2024-11-30T01:00Z,,fourfactors_hl25_b2b_carry25_phase_luck_talent_ft_avail_v6,reconstructed,IND,DET,19,20,0,0,1.193,0.64191,IND,0.64191,,,,,-400.0,300.0,-195.0,160.0,0.63217,espnbet,106.0,130.0,0.0,-4.5,-115.0,-105.0,,,,,,,,,,,,,,,,,,,,,,
401703415,2024-11-29,2025,2024-11-30T01:00Z,,fourfactors_hl25_b2b_carry25_phase_luck_talent_ft_avail_v6,reconstructed,MIA,TOR,16,19,0,0,10.044,0.7773,MIA,0.7773,,,,,-290.0,240.0,-340.0,265.0,0.73825,espnbet,121.0,111.0,1.0,-8.5,100.0,-120.0,,,,,,,,,,,,,,,,,,,,,,
401703416,2024-11-29,2025,2024-11-30T01:00Z,,fourfactors_hl25_b2b_carry25_phase_luck_talent_ft_avail_v6,reconstructed,CHI,BOS,20,18,0,0,-40.705,0.189,BOS,0.811,,,,,290.0,-380.0,475.0,-750.0,0.16465,espnbet,129.0,138.0,0.0,11.5,-105.0,-115.0,,,,,,,,,,,,,,,,,,,,,,
401703417,2024-11-29,2025,2024-11-30T03:00Z,,fourfactors_hl25_b2b_carry25_phase_luck_talent_ft_avail_v6,reconstructed,LAL,OKC,18,18,0,0,-22.663,0.42312,OKC,0.57688,,,,,-115.0,-105.0,125.0,-145.0,0.42888,espnbet,93.0,101.0,0.0,2.5,-110.0,-110.0,,,,,,,,,,,,,,,,,,,,,,
401703418,2024-11-29,2025,2024-11-30T03:00Z,,fourfactors_hl25_b2b_carry25_phase_luck_talent_ft_avail_v6,reconstructed,POR,SAC,19,19,0,0,-26.769,0.2117,SAC,0.7883,,,,,170.0,-200.0,220.0,-275.0,0.2988,espnbet,115.0,106.0,1.0,7.5,-115.0,-105.0,,,,,,,,,,,,,,,,,,,,,,
401704866,2024-11-30,2025,2024-11-30T23:00Z,,fourfactors_hl25_b2b_carry25_phase_luck_talent_ft_avail_v6,reconstructed,CHO,ATL,19,20,1,1,-8.105,0.30957,ATL,0.69043,,,,,105.0,-125.0,180.0,-220.0,0.34188,espnbet,104.0,107.0,0.0,5.5,-105.0,-115.0,,,,,,,,,,,,,,,,,,,,,,
401704867,2024-11-30,2025,2024-12-01T00:00Z,,fourfactors_hl25_b2b_carry25_phase_luck_talent_ft_avail_v6,reconstructed,DET,PHI,21,17,1,0,19.472,0.66284,DET,0.66284,,,,,-110.0,-110.0,105.0,-125.0,0.46753,espnbet,96.0,111.0,0.0,-0.5,-105.0,-115.0,,,,,,,,,,,,,,,,,,,,,,
401704868,2024-11-30,2025,2024-12-01T01:00Z,,fourfactors_hl25_b2b_carry25_phase_luck_talent_ft_avail_v6,reconstructed,MIL,WAS,18,17,0,0,57.098,0.86696,MIL,0.86696,,,,,-2500.0,1100.0,-1100.0,700.0,0.88,espnbet,124.0,114.0,1.0,-14.5,-110.0,-110.0,,,,,,,,,,,,,,,,,,,,,,
401704869,2024-11-30,2025,2024-12-01T02:00Z,,fourfactors_hl25_b2b_carry25_phase_luck_talent_ft_avail_v6,reconstructed,PHO,GSW,18,18,0,0,-23.45,0.57286,PHO,0.57286,,,,,-170.0,145.0,-115.0,-105.0,0.51083,espnbet,113.0,105.0,1.0,-0.5,-115.0,-105.0,,,,,,,,,,,,,,,,,,,,,,
401704870,2024-11-30,2025,2024-12-01T02:30Z,,fourfactors_hl25_b2b_carry25_phase_luck_talent_ft_avail_v6,reconstructed,UTA,DAL,18,19,0,0,-47.427,0.30236,DAL,0.69764,,,,,215.0,-260.0,195.0,-230.0,0.32722,espnbet,94.0,106.0,0.0,5.5,100.0,-120.0,,,,,,,,,,,,,,,,,,,,,,
401704871,2024-12-01,2025,2024-12-01T20:30Z,,fourfactors_hl25_b2b_carry25_phase_luck_talent_ft_avail_v6,reconstructed,BRK,ORL,20,21,0,0,-17.322,0.35558,ORL,0.64442,,,,,320.0,-425.0,220.0,-270.0,0.29984,espnbet,92.0,100.0,0.0,6.5,-110.0,-110.0,,,,,,,,,,,,,,,,,,,,,,
401704872,2024-12-01,2025,2024-12-01T20:30Z,,fourfactors_hl25_b2b_carry25_phase_luck_talent_ft_avail_v6,reconstructed,MEM,IND,20,20,0,0,29.788,0.66228,MEM,0.66228,,,,,-280.0,230.0,-235.0,190.0,0.67044,espnbet,136.0,121.0,1.0,-5.5,-125.0,100.0,,,,,,,,,,,,,,,,,,,,,,
401704873,2024-12-01,2025,2024-12-01T23:00Z,,fourfactors_hl25_b2b_carry25_phase_luck_talent_ft_avail_v6,reconstructed,CLE,BOS,20,19,0,0,0.688,0.52728,CLE,0.52728,,,,,105.0,-125.0,-125.0,105.0,0.53247,espnbet,115.0,111.0,1.0,-1.5,-105.0,-115.0,,,,,,,,,,,,,,,,,,,,,,
401704874,2024-12-01,2025,2024-12-01T23:00Z,,fourfactors_hl25_b2b_carry25_phase_luck_talent_ft_avail_v6,reconstructed,NYK,NOP,19,20,0,0,44.21,0.84981,NYK,0.84981,,,,,-900.0,550.0,-800.0,500.0,0.84211,espnbet,118.0,85.0,1.0,-12.5,-110.0,-110.0,,,,,,,,,,,,,,,,,,,,,,
401704875,2024-12-01,2025,2024-12-01T23:00Z,,fourfactors_hl25_b2b_carry25_phase_luck_talent_ft_avail_v6,reconstructed,TOR,MIA,20,17,0,0,-10.808,0.37462,MIA,0.62538,,,,,170.0,-200.0,160.0,-190.0,0.3699,espnbet,119.0,116.0,1.0,4.5,100.0,-120.0,,,,,,,,,,,,,,,,,,,,,,
401704876,2024-12-01,2025,2024-12-02T00:00Z,,fourfactors_hl25_b2b_carry25_phase_luck_talent_ft_avail_v6,reconstructed,HOU,OKC,20,19,0,0,-1.604,0.49565,OKC,0.50435,,,,,105.0,-125.0,100.0,-120.0,0.47826,espnbet,119.0,116.0,1.0,1.5,-115.0,-105.0,,,,,,,,,,,,,,,,,,,,,,
401704877,2024-12-01,2025,2024-12-02T01:00Z,,fourfactors_hl25_b2b_carry25_phase_luck_talent_ft_avail_v6,reconstructed,UTA,LAL,19,19,1,0,-32.561,0.27293,LAL,0.72707,,,,,270.0,-340.0,170.0,-205.0,0.35527,espnbet,104.0,105.0,0.0,5.5,-115.0,-105.0,,,,,,,,,,,,,,,,,,,,,,
401704878,2024-12-01,2025,2024-12-02T02:00Z,,fourfactors_hl25_b2b_carry25_phase_luck_talent_ft_avail_v6,reconstructed,POR,DAL,20,20,0,1,-41.61,0.30753,DAL,0.69247,,,,,210.0,-250.0,170.0,-200.0,0.35714,espnbet,131.0,137.0,0.0,5.5,-105.0,-115.0,,,,,,,,,,,,,,,,,,,,,,
401704879,2024-12-01,2025,2024-12-02T02:00Z,,fourfactors_hl25_b2b_carry25_phase_luck_talent_ft_avail_v6,reconstructed,SAC,SAS,20,19,0,0,-3.576,0.60422,SAC,0.60422,,,,,-170.0,145.0,-245.0,200.0,0.68056,espnbet,125.0,127.0,0.0,-6.5,-105.0,-115.0,,,,,,,,,,,,,,,,,,,,,,
401704880,2024-12-01,2025,2024-12-02T03:00Z,,fourfactors_hl25_b2b_carry25_phase_luck_talent_ft_avail_v6,reconstructed,LAC,DEN,21,17,0,0,-8.623,0.37371,DEN,0.62629,,,,,125.0,-145.0,125.0,-150.0,0.42553,espnbet,126.0,122.0,1.0,2.5,-110.0,-110.0,,,,,,,,,,,,,,,,,,,,,,
401704881,2024-12-02,2025,2024-12-03T00:30Z,,fourfactors_hl25_b2b_carry25_phase_luck_talent_ft_avail_v6,reconstructed,ATL,NOP,21,21,0,1,28.451,0.79512,ATL,0.79512,,,,,-250.0,210.0,-420.0,330.0,0.77644,espnbet,124.0,112.0,1.0,-9.5,-110.0,-110.0,,,,,,,,,,,,,,,,,,,,,,
401704882,2024-12-02,2025,2024-12-03T00:30Z,,fourfactors_hl25_b2b_carry25_phase_luck_talent_ft_avail_v6,reconstructed,BOS,MIA,20,18,1,1,23.628,0.69208,BOS,0.69208,,,,,-380.0,290.0,-425.0,320.0,0.77273,espnbet,108.0,89.0,1.0,-9.5,-110.0,-110.0,,,,,,,,,,,,,,,,,,,,,,
401704883,2024-12-02,2025,2024-12-03T01:00Z,,fourfactors_hl25_b2b_carry25_phase_luck_talent_ft_avail_v6,reconstructed,CHI,BRK,21,21,0,1,-0.364,0.6597,CHI,0.6597,,,,,-200.0,170.0,-275.0,225.0,0.70443,espnbet,128.0,102.0,1.0,-7.5,-110.0,-110.0,,,,,,,,,,,,,,,,,,,,,,
401704884,2024-12-02,2025,2024-12-03T01:00Z,,fourfactors_hl25_b2b_carry25_phase_luck_talent_ft_avail_v6,reconstructed,MIN,LAL,19,20,0,1,0.437,0.71199,MIN,0.71199,,,,,-185.0,155.0,-300.0,245.0,0.72125,espnbet,109.0,80.0,1.0,-7.5,-105.0,-115.0,,,,,,,,,,,,,,,,,,,,,,
401703419,2024-12-03,2025,2024-12-04T00:00Z,,fourfactors_hl25_b2b_carry25_phase_luck_talent_ft_avail_v6,reconstructed,CHO,PHI,20,18,0,0,-0.65,0.39173,PHI,0.60827,,,,,150.0,-175.0,155.0,-185.0,0.37661,espnbet,104.0,110.0,0.0,4.5,-105.0,-115.0,,,,,,,,,,,,,,,,,,,,,,
401703420,2024-12-03,2025,2024-12-04T00:00Z,,fourfactors_hl25_b2b_carry25_phase_luck_talent_ft_avail_v6,reconstructed,CLE,WAS,21,18,0,0,75.237,0.93705,CLE,0.93705,,,,,-2500.0,1100.0,-1800.0,900.0,0.90452,espnbet,118.0,87.0,1.0,-15.5,-115.0,-105.0,,,,,,,,,,,,,,,,,,,,,,
401703421,2024-12-03,2025,2024-12-04T00:00Z,,fourfactors_hl25_b2b_carry25_phase_luck_talent_ft_avail_v6,reconstructed,DET,MIL,22,19,0,0,-19.86,0.372,MIL,0.628,,,,,135.0,-155.0,125.0,-150.0,0.42553,espnbet,107.0,128.0,0.0,2.5,-105.0,-115.0,,,,,,,,,,,,,,,,,,,,,,
401703422,2024-12-03,2025,2024-12-04T00:30Z,,fourfactors_hl25_b2b_carry25_phase_luck_talent_ft_avail_v6,reconstructed,NYK,ORL,20,22,0,0,5.567,0.69181,NYK,0.69181,,,,,-270.0,220.0,-210.0,175.0,0.6507,espnbet,121.0,106.0,1.0,-5.5,-105.0,-115.0,,,,,,,,,,,,,,,,,,,,,,
401703423,2024-12-03,2025,2024-12-04T00:30Z,,fourfactors_hl25_b2b_carry25_phase_luck_talent_ft_avail_v6,reconstructed,TOR,IND,21,21,0,0,5.797,0.44315,IND,0.55685,,,,,110.0,-130.0,130.0,-150.0,0.42017,espnbet,122.0,111.0,1.0,3.5,-115.0,-105.0,,,,,,,,,,,,,,,,,,,,,,
401703424,2024-12-03,2025,2024-12-04T01:00Z,,fourfactors_hl25_b2b_carry25_phase_luck_talent_ft_avail_v6,reconstructed,OKC,UTA,20,20,0,0,51.276,0.87178,OKC,0.87178,,,,,-1800.0,900.0,-1000.0,650.0,0.87209,espnbet,133.0,106.0,1.0,-13.5,-115.0,-105.0,,,,,,,,,,,,,,,,,,,,,,
401703425,2024-12-03,2025,2024-12-04T01:30Z,,fourfactors_hl25_b2b_carry25_phase_luck_talent_ft_avail_v6,reconstructed,DAL,MEM,21,21,0,0,-3.354,0.51424,DAL,0.51424,,,,,-140.0,120.0,-190.0,160.0,0.6301,espnbet,121.0,116.0,1.0,-4.5,-115.0,-105.0,,,,,,,,,,,,,,,,,,,,,,
401703426,2024-12-03,2025,2024-12-04T02:00Z,,fourfactors_hl25_b2b_carry25_phase_luck_talent_ft_avail_v6,reconstructed,PHO,SAS,19,20,0,0,-3.206,0.60047,PHO,0.60047,,,,,-270.0,220.0,-280.0,230.0,0.70859,espnbet,104.0,93.0,1.0,-6.5,-115.0,-105.0,,,,,,,,,,,,,,,,,,,,,,
401703427,2024-12-03,2025,2024-12-04T03:00Z,,fourfactors_hl25_b2b_carry25_phase_luck_talent_ft_avail_v6,reconstructed,DEN,GSW,18,19,0,0,-6.664,0.71222,DEN,0.71222,,,,,-135.0,115.0,-200.0,170.0,0.64286,espnbet,119.0,115.0,1.0,-4.5,-120.0,100.0,,,,,,,,,,,,,,,,,,,,,,
401703428,2024-12-03,2025,2024-12-04T03:00Z,,fourfactors_hl25_b2b_carry25_phase_luck_talent_ft_avail_v6,reconstructed,SAC,HOU,21,21,0,0,-20.603,0.5478,SAC,0.5478,,,,,-115.0,-105.0,-125.0,105.0,0.53247,espnbet,120.0,111.0,1.0,-1.5,-110.0,-110.0,,,,,,,,,,,,,,,,,,,,,,
401703429,2024-12-03,2025,2024-12-04T03:30Z,,fourfactors_hl25_b2b_carry25_phase_luck_talent_ft_avail_v6,reconstructed,LAC,POR,22,21,0,0,24.916,0.74755,LAC,0.74755,,,,,-600.0,400.0,-380.0,290.0,0.75535,espnbet,127.0,105.0,1.0,-8.5,-115.0,-105.0,,,,,,,,,,,,,,,,,,,,,,
401704885,2024-12-04,2025,2024-12-05T00:30Z,,fourfactors_hl25_b2b_carry25_phase_luck_talent_ft_avail_v6,reconstructed,BOS,DET,21,23,0,1,36.899,0.80348,BOS,0.80348,,,,,-1800.0,900.0,-1000.0,600.0,0.8642,espnbet,130.0,120.0,1.0,-12.5,-115.0,-105.0,,,,,,,,,,,,,,,,,,,,,,
401704886,2024-12-04,2025,2024-12-05T00:30Z,,fourfactors_hl25_b2b_carry25_phase_luck_talent_ft_avail_v6,reconstructed,BRK,IND,22,22,0,1,0.167,0.52888,BRK,0.52888,,,,,125.0,-145.0,135.0,-155.0,0.41179,espnbet,99.0,90.0,1.0,2.5,-105.0,-115.0,,,,,,,,,,,,,,,,,,,,,,
401704887,2024-12-04,2025,2024-12-05T00:30Z,,fourfactors_hl25_b2b_carry25_phase_luck_talent_ft_avail_v6,reconstructed,MIA,LAL,19,21,0,0,4.078,0.64102,MIA,0.64102,,,,,-120.0,100.0,-165.0,140.0,0.59909,espnbet,134.0,93.0,1.0,-3.5,-110.0,-110.0,,,,,,,,,,,,,,,,,,,,,,
401704888,2024-12-04,2025,2024-12-05T00:30Z,,fourfactors_hl25_b2b_carry25_phase_luck_talent_ft_avail_v6,reconstructed,PHI,ORL,19,23,1,1,-22.698,0.35285,ORL,0.64715,,,,,110.0,-130.0,195.0,-230.0,0.32722,espnbet,102.0,106.0,0.0,6.5,-115.0,-105.0,,,,,,,,,,,,,,,,,,,,,,
401704889,2024-12-04,2025,2024-12-05T01:00Z,,fourfactors_hl25_b2b_carry25_phase_luck_talent_ft_avail_v6,reconstructed,MIL,ATL,20,22,1,0,21.54,0.59969,MIL,0.59969,,,,,-190.0,160.0,-175.0,150.0,0.61404,espnbet,104.0,119.0,0.0,-4.5,-110.0,-110.0,,,,,,,,,,,,,,,,,,,,,,
401704890,2024-12-04,2025,2024-12-05T03:30Z,,fourfactors_hl25_b2b_carry25_phase_luck_talent_ft_avail_v6,reconstructed,LAC,MIN,23,20,1,0,0.361,0.39932,MIN,0.60068,,,,,140.0,-165.0,160.0,-190.0,0.3699,espnbet,80.0,108.0,0.0,4.5,-115.0,-105.0,,,,,,,,,,,,,,,,,,,,,,
401704891,2024-12-05,2025,2024-12-06T00:00Z,,fourfactors_hl25_b2b_carry25_phase_luck_talent_ft_avail_v6,reconstructed,CLE,DEN,22,19,0,0,20.869,0.6436,CLE,0.6436,,,,,-170.0,145.0,-175.0,150.0,0.61404,espnbet,126.0,114.0,1.0,-3.5,-115.0,-105.0,,,,,,,,,,,,,,,,,,,,,,
401704892,2024-12-05,2025,2024-12-06T00:00Z,,fourfactors_hl25_b2b_carry25_phase_luck_talent_ft_avail_v6,reconstructed,WAS,DAL,19,22,0,0,-67.787,0.08908,DAL,0.91092,,,,,380.0,-550.0,600.0,-1000.0,0.1358,espnbet,101.0,137.0,0.0,13.5,-110.0,-110.0,,,,,,,,,,,,,,,,,,,,,,
401704893,2024-12-05,2025,2024-12-06T00:30Z,,fourfactors_hl25_b2b_carry25_phase_luck_talent_ft_avail_v6,reconstructed,NYK,CHO,21,21,0,0,33.378,0.87359,NYK,0.87359,,,,,-1800.0,900.0,-1600.0,800.0,0.89441,espnbet,125.0,101.0,1.0,-14.5,-110.0,-110.0,,,,,,,,,,,,,,,,,,,,,,
401704894,2024-12-05,2025,2024-12-06T00:30Z,,fourfactors_hl25_b2b_carry25_phase_luck_talent_ft_avail_v6,reconstructed,TOR,OKC,22,21,0,0,-29.093,0.25358,OKC,0.74642,,,,,320.0,-425.0,400.0,-600.0,0.18919,espnbet,92.0,129.0,0.0,10.5,-110.0,-110.0,,,,,,,,,,,,,,,,,,,,,,
401704895,2024-12-05,2025,2024-12-06T01:00Z,,fourfactors_hl25_b2b_carry25_phase_luck_talent_ft_avail_v6,reconstructed,MEM,SAC,22,22,0,0,17.005,0.50138,MEM,0.50138,,,,,-170.0,145.0,-150.0,130.0,0.57983,espnbet,115.0,110.0,1.0,-2.5,-120.0,100.0,,,,,,,,,,,,,,,,,,,,,,
401704896,2024-12-05,2025,2024-12-06T01:00Z,,fourfactors_hl25_b2b_carry25_phase_luck_talent_ft_avail_v6,reconstructed,NOP,PHO,22,20,0,0,-37.762,0.38306,PHO,0.61694,,,,,100.0,-120.0,105.0,-125.0,0.46753,espnbet,126.0,124.0,1.0,1.5,-105.0,-115.0,,,,,,,,,,,,,,,,,,,,,,
401704897,2024-12-05,2025,2024-12-06T01:00Z,,fourfactors_hl25_b2b_carry25_phase_luck_talent_ft_avail_v6,reconstructed,SAS,CHI,21,22,0,0,6.881,0.64645,SAS,0.64645,,,,,-130.0,110.0,-130.0,110.0,0.54274,espnbet,124.0,139.0,0.0,-1.5,-115.0,-105.0,,,,,,,,,,,,,,,,,,,,,,
401704898,2024-12-05,2025,2024-12-06T03:00Z,,fourfactors_hl25_b2b_carry25_phase_luck_talent_ft_avail_v6,reconstructed,GSW,HOU,20,22,0,0,-1.049,0.45721,HOU,0.54279,,,,,-145.0,125.0,150.0,-185.0,0.38127,espnbet,99.0,93.0,1.0,3.5,100.0,-125.0,,,,,,,,,,,,,,,,,,,,,,
401704899,2024-12-06,2025,2024-12-07T00:00Z,,fourfactors_hl25_b2b_carry25_phase_luck_talent_ft_avail_v6,reconstructed,PHI,ORL,20,24,0,0,-22.548,0.33296,ORL,0.66704,,,,,135.0,-155.0,115.0,-135.0,0.44741,espnbet,102.0,94.0,1.0,2.5,-115.0,-105.0,,,,,,,,,,,,,,,,,,,,,,
401704900,2024-12-06,2025,2024-12-07T00:30Z,,fourfactors_hl25_b2b_carry25_phase_luck_talent_ft_avail_v6,reconstructed,ATL,LAL,23,22,0,0,6.232,0.65627,ATL,0.65627,,,,,-125.0,105.0,-160.0,135.0,0.59119,espnbet,134.0,132.0,1.0,-3.5,-115.0,-105.0,,,,,,,,,,,,,,,,,,,,,,
401704901,2024-12-06,2025,2024-12-07T00:30Z,,fourfactors_hl25_b2b_carry25_phase_luck_talent_ft_avail_v6,reconstructed,BOS,MIL,22,21,0,0,11.47,0.67425,BOS,0.67425,,,,,-280.0,230.0,-340.0,270.0,0.74087,espnbet,111.0,105.0,1.0,-8.5,-110.0,-110.0,,,,,,,,,,,,,,,,,,,,,,
401704902,2024-12-06,2025,2024-12-07T01:00Z,,fourfactors_hl25_b2b_carry25_phase_luck_talent_ft_avail_v6,reconstructed,CHI,IND,23,23,1,0,10.573,0.44473,IND,0.55527,,,,,120.0,-140.0,140.0,-165.0,0.40091,espnbet,123.0,132.0,0.0,3.5,-105.0,-115.0,,,,,,,,,,,,,,,,,,,,,,
401704903,2024-12-06,2025,2024-12-07T01:00Z,,fourfactors_hl25_b2b_carry25_phase_luck_talent_ft_avail_v6,reconstructed,SAS,SAC,22,23,1,1,-1.646,0.29736,SAC,0.70264,,,,,120.0,-140.0,210.0,-255.0,0.30991,espnbet,113.0,140.0,0.0,6.5,-105.0,-115.0,,,,,,,,,,,,,,,,,,,,,,
401704904,2024-12-06,2025,2024-12-07T03:00Z,,fourfactors_hl25_b2b_carry25_phase_luck_talent_ft_avail_v6,reconstructed,GSW,MIN,21,21,1,0,5.63,0.35815,MIN,0.64185,,,,,-135.0,115.0,100.0,-120.0,0.47826,espnbet,90.0,107.0,0.0,1.5,-115.0,-105.0,,,,,,,,,,,,,,,,,,,,,,
401704905,2024-12-06,2025,2024-12-07T03:00Z,,fourfactors_hl25_b2b_carry25_phase_luck_talent_ft_avail_v6,reconstructed,POR,UTA,22,21,0,0,6.803,0.63912,POR,0.63912,,,,,-165.0,140.0,-175.0,145.0,0.60924,espnbet,99.0,141.0,0.0,-3.5,-110.0,-110.0,,,,,,,,,,,,,,,,,,,,,,
401704906,2024-12-07,2025,2024-12-07T18:00Z,,fourfactors_hl25_b2b_carry25_phase_luck_talent_ft_avail_v6,reconstructed,CHO,CLE,22,23,0,0,-53.414,0.11379,CLE,0.88621,,,,,450.0,-700.0,700.0,-1200.0,0.11927,espnbet,102.0,116.0,0.0,13.5,-105.0,-115.0,,,,,,,,,,,,,,,,,,,,,,
401704907,2024-12-07,2025,2024-12-08T00:00Z,,fourfactors_hl25_b2b_carry25_phase_luck_talent_ft_avail_v6,reconstructed,WAS,DEN,20,20,0,0,-60.185,0.09352,DEN,0.90648,,,,,475.0,-750.0,510.0,-750.0,0.15668,espnbet,122.0,113.0,1.0,11.5,-105.0,-115.0,,,,,,,,,,,,,,,,,,,,,,
401704908,2024-12-07,2025,2024-12-08T00:00Z,,fourfactors_hl25_b2b_carry25_phase_luck_talent_ft_avail_v6,reconstructed,NOP,OKC,23,22,0,0,-62.623,0.20357,OKC,0.79643,,,,,240.0,-290.0,265.0,-340.0,0.26175,espnbet,109.0,119.0,0.0,7.5,100.0,-120.0,,,,,,,,,,,,,,,,,,,,,,
401704909,2024-12-07,2025,2024-12-08T00:30Z,,fourfactors_hl25_b2b_carry25_phase_luck_talent_ft_avail_v6,reconstructed,NYK,DET,22,24,0,0,30.21,0.77118,NYK,0.77118,,,,,-700.0,450.0,-330.0,260.0,0.73424,espnbet,111.0,120.0,0.0,-8.5,-105.0,-115.0,,,,,,,,,,,,,,,,,,,,,,
401704910,2024-12-07,2025,2024-12-08T00:30Z,,fourfactors_hl25_b2b_carry25_phase_luck_talent_ft_avail_v6,reconstructed,TOR,DAL,23,23,0,0,-34.413,0.23947,DAL,0.76053,,,,,290.0,-380.0,250.0,-320.0,0.27273,espnbet,118.0,125.0,0.0,7.5,-110.0,-110.0,,,,,,,,,,,,,,,,,,,,,,
401704911,2024-12-07,2025,2024-12-08T01:00Z,,fourfactors_hl25_b2b_carry25_phase_luck_talent_ft_avail_v6,reconstructed,BOS,MEM,23,23,1,0,7.779,0.71601,BOS,0.71601,,,,,-340.0,270.0,-275.0,225.0,0.70443,espnbet,121.0,127.0,0.0,-7.5,100.0,-120.0,,,,,,,,,,,,,,,,,,,,,,
401704912,2024-12-07,2025,2024-12-08T01:00Z,,fourfactors_hl25_b2b_carry25_phase_luck_talent_ft_avail_v6,reconstructed,MIA,PHO,20,21,0,0,2.933,0.67727,MIA,0.67727,,,,,-240.0,200.0,-210.0,175.0,0.6507,espnbet,121.0,111.0,1.0,-5.5,-110.0,-110.0,,,,,,,,,,,,,,,,,,,,,,
401704913,2024-12-08,2025,2024-12-08T18:00Z,,fourfactors_hl25_b2b_carry25_phase_luck_talent_ft_avail_v6,reconstructed,CHI,PHI,24,21,0,0,5.816,0.53419,CHI,0.53419,,,,,-130.0,110.0,120.0,-145.0,0.4344,espnbet,100.0,108.0,0.0,3.5,-115.0,-105.0,,,,,,,,,,,,,,,,,,,,,,
401704914,2024-12-08,2025,2024-12-08T20:30Z,,fourfactors_hl25_b2b_carry25_phase_luck_talent_ft_avail_v6,reconstructed,BRK,MIL,23,22,0,0,-24.936,0.32366,MIL,0.67634,,,,,240.0,-290.0,195.0,-235.0,0.3258,espnbet,113.0,118.0,0.0,6.5,-115.0,-105.0,,,,,,,,,,,,,,,,,,,,,,
401704915,2024-12-08,2025,2024-12-08T22:00Z,,fourfactors_hl25_b2b_carry25_phase_luck_talent_ft_avail_v6,reconstructed,IND,CHO,24,23,0,1,10.432,0.83605,IND,0.83605,,,,,-700.0,450.0,-750.0,475.0,0.83535,espnbet,109.0,113.0,0.0,-11.5,-115.0,-105.0,,,,,,,,,,,,,,,,,,,,,,
401704916,2024-12-08,2025,2024-12-08T23:00Z,,fourfactors_hl25_b2b_carry25_phase_luck_talent_ft_avail_v6,reconstructed,ATL,DEN,24,21,0,1,-11.541,0.52516,ATL,0.52516,,,,,-175.0,150.0,-115.0,-105.0,0.51083,espnbet,111.0,141.0,0.0,-0.5,-115.0,-105.0,,,,,,,,,,,,,,,,,,,,,,
401704917,2024-12-08,2025,2024-12-08T23:00Z,,fourfactors_hl25_b2b_carry25_phase_luck_talent_ft_avail_v6,reconstructed,MIA,CLE,21,24,1,1,-27.115,0.43904,CLE,0.56096,,,,,135.0,-155.0,120.0,-145.0,0.4344,espnbet,122.0,113.0,1.0,2.5,-110.0,-110.0,,,,,,,,,,,,,,,,,,,,,,
401704918,2024-12-08,2025,2024-12-08T23:30Z,,fourfactors_hl25_b2b_carry25_phase_luck_talent_ft_avail_v6,reconstructed,ORL,PHO,25,22,0,1,3.547,0.58402,ORL,0.58402,,,,,-115.0,-105.0,-130.0,110.0,0.54274,espnbet,115.0,110.0,1.0,-1.5,-110.0,-110.0,,,,,,,,,,,,,,,,,,,,,,
401704919,2024-12-08,2025,2024-12-09T00:00Z,,fourfactors_hl25_b2b_carry25_phase_luck_talent_ft_avail_v6,reconstructed,WAS,MEM,21,24,1,1,-67.716,0.12899,MEM,0.87101,,,,,360.0,-500.0,340.0,-450.0,0.21739,espnbet,112.0,140.0,0.0,10.5,-120.0,100.0,,,,,,,,,,,,,,,,,,,,,,
401704920,2024-12-08,2025,2024-12-09T00:00Z,,fourfactors_hl25_b2b_carry25_phase_luck_talent_ft_avail_v6,reconstructed,SAS,NOP,23,24,0,1,26.265,0.6887,SAS,0.6887,,,,,-170.0,145.0,-280.0,230.0,0.70859,espnbet,121.0,116.0,1.0,-6.5,-115.0,-105.0,,,,,,,,,,,,,,,,,,,,,,
401704921,2024-12-08,2025,2024-12-09T01:30Z,,fourfactors_hl25_b2b_carry25_phase_luck_talent_ft_avail_v6,reconstructed,GSW,MIN,22,22,0,0,1.478,0.47164,MIN,0.52836,,,,,100.0,-120.0,-120.0,100.0,0.52174,espnbet,114.0,106.0,1.0,-1.5,-105.0,-115.0,,,,,,,,,,,,,,,,,,,,,,
401704922,2024-12-08,2025,2024-12-09T02:00Z,,fourfactors_hl25_b2b_carry25_phase_luck_talent_ft_avail_v6,reconstructed,LAC,HOU,24,23,0,0,-14.99,0.42471,HOU,0.57529,,,,,100.0,-120.0,130.0,-150.0,0.42017,espnbet,106.0,117.0,0.0,3.5,-115.0,-105.0,,,,,,,,,,,,,,,,,,,,,,
401704923,2024-12-08,2025,2024-12-09T02:00Z,,fourfactors_hl25_b2b_carry25_phase_luck_talent_ft_avail_v6,reconstructed,SAC,UTA,24,22,0,0,27.049,0.83272,SAC,0.83272,,,,,-900.0,550.0,-700.0,450.0,0.82796,espnbet,141.0,97.0,1.0,-10.5,-120.0,100.0,,,,,,,,,,,,,,,,,,,,,,
401704924,2024-12-08,2025,2024-12-09T02:30Z,,fourfactors_hl25_b2b_carry25_phase_luck_talent_ft_avail_v6,reconstructed,LAL,POR,23,23,0,0,16.831,0.67024,LAL,0.67024,,,,,-750.0,475.0,-290.0,240.0,0.71657,espnbet,107.0,98.0,1.0,-7.5,-105.0,-115.0,,,,,,,,,,,,,,,,,,,,,,
401704925,2024-12-09,2025,2024-12-10T00:30Z,,fourfactors_hl25_b2b_carry25_phase_luck_talent_ft_avail_v6,reconstructed,TOR,NYK,24,23,0,0,-30.621,0.27587,NYK,0.72413,,,,,280.0,-360.0,250.0,-310.0,0.27425,espnbet,108.0,113.0,0.0,7.5,-105.0,-115.0,,,,,,,,,,,,,,,,,,,,,,
401734902,2024-12-10,2025,2024-12-11T00:00Z,,fourfactors_hl25_b2b_carry25_phase_luck_talent_ft_avail_v6,reconstructed,MIL,ORL,23,26,0,0,5.275,0.72539,MIL,0.72539,,,,,-195.0,165.0,-360.0,280.0,0.74836,espnbet,114.0,109.0,1.0,-8.5,-105.0,-115.0,,,,,,,,,,,,,,,,,,,,,,
401734903,2024-12-10,2025,2024-12-11T02:30Z,,fourfactors_hl25_b2b_carry25_phase_luck_talent_ft_avail_v6,reconstructed,OKC,DAL,23,24,0,0,5.503,0.62795,OKC,0.62795,,,,,-185.0,155.0,-175.0,150.0,0.61404,espnbet,118.0,104.0,1.0,-4.5,-105.0,-115.0,,,,,,,,,,,,,,,,,,,,,,
401734904,2024-12-11,2025,2024-12-12T00:00Z,,fourfactors_hl25_b2b_carry25_phase_luck_talent_ft_avail_v6,reconstructed,NYK,ATL,24,25,0,0,27.992,0.73972,NYK,0.73972,,,,,-400.0,300.0,-360.0,280.0,0.74836,espnbet,100.0,108.0,0.0,-8.5,100.0,-120.0,,,,,,,,,,,,,,,,,,,,,,
401734905,2024-12-11,2025,2024-12-12T02:30Z,,fourfactors_hl25_b2b_carry25_phase_luck_talent_ft_avail_v6,reconstructed,HOU,GSW,24,23,0,0,1.959,0.50773,HOU,0.50773,,,,,-130.0,110.0,-150.0,130.0,0.57983,espnbet,91.0,90.0,1.0,-3.5,-105.0,-115.0,,,,,,,,,,,,,,,,,,,,,,
401736799,2024-12-12,2025,2024-12-13T00:30Z,,fourfactors_hl25_b2b_carry25_phase_luck_talent_ft_avail_v6,reconstructed,BOS,DET,24,25,0,0,32.255,0.84812,BOS,0.84812,,,,,-1200.0,700.0,-750.0,475.0,0.83535,espnbet,123.0,99.0,1.0,-11.5,-110.0,-110.0,,,,,,,,,,,,,,,,,,,,,,
401736800,2024-12-12,2025,2024-12-13T00:30Z,,fourfactors_hl25_b2b_carry25_phase_luck_talent_ft_avail_v6,reconstructed,MIA,TOR,22,25,0,0,21.681,0.81451,MIA,0.81451,,,,,-550.0,380.0,-600.0,400.0,0.81081,espnbet,114.0,104.0,1.0,-10.5,-105.0,-115.0,,,,,,,,,,,,,,,,,,,,,,
401736801,2024-12-12,2025,2024-12-13T01:00Z,,fourfactors_hl25_b2b_carry25_phase_luck_talent_ft_avail_v6,reconstructed,NOP,SAC,25,25,0,0,-41.012,0.21858,SAC,0.78142,,,,,180.0,-215.0,200.0,-240.0,0.32075,espnbet,109.0,111.0,0.0,6.5,-105.0,-115.0,,,,,,,,,,,,,,,,,,,,,,
401736802,2024-12-13,2025,2024-12-14T00:00Z,,fourfactors_hl25_b2b_carry25_phase_luck_talent_ft_avail_v6,reconstructed,CLE,WAS,25,22,0,0,81.284,0.94709,CLE,0.94709,,,,,-4000.0,1300.0,-2000.0,1000.0,0.91286,espnbet,115.0,105.0,1.0,-17.5,-105.0,-115.0,,,,,,,,,,,,,,,,,,,,,,
401736803,2024-12-13,2025,2024-12-14T00:00Z,,fourfactors_hl25_b2b_carry25_phase_luck_talent_ft_avail_v6,reconstructed,PHI,IND,22,25,0,0,2.119,0.61193,PHI,0.61193,,,,,-215.0,180.0,-250.0,210.0,0.68889,espnbet,107.0,121.0,0.0,-6.5,-105.0,-115.0,,,,,,,,,,,,,,,,,,,,,,
401736804,2024-12-13,2025,2024-12-14T01:00Z,,fourfactors_hl25_b2b_carry25_phase_luck_talent_ft_avail_v6,reconstructed,MIN,LAL,23,24,0,0,18.921,0.77312,MIN,0.77312,,,,,-225.0,190.0,-380.0,300.0,0.76,espnbet,97.0,87.0,1.0,-8.5,-110.0,-110.0,,,,,,,,,,,,,,,,,,,,,,
401736805,2024-12-13,2025,2024-12-14T01:00Z,,fourfactors_hl25_b2b_carry25_phase_luck_talent_ft_avail_v6,reconstructed,MEM,BRK,25,24,0,0,36.538,0.66881,MEM,0.66881,,,,,-650.0,425.0,-550.0,380.0,0.80243,espnbet,135.0,119.0,1.0,-9.5,-120.0,100.0,,,,,,,,,,,,,,,,,,,,,,
401736806,2024-12-13,2025,2024-12-14T01:00Z,,fourfactors_hl25_b2b_carry25_phase_luck_talent_ft_avail_v6,reconstructed,CHI,CHO,25,24,0,0,14.055,0.68408,CHI,0.68408,,,,,-210.0,175.0,-215.0,180.0,0.65649,espnbet,109.0,95.0,1.0,-5.5,-115.0,-105.0,,,,,,,,,,,,,,,,,,,,,,
401736807,2024-12-13,2025,2024-12-14T02:00Z,,fourfactors_hl25_b2b_carry25_phase_luck_talent_ft_avail_v6,reconstructed,DEN,LAC,22,25,0,0,12.521,0.80737,DEN,0.80737,,,,,-300.0,250.0,-290.0,240.0,0.71657,espnbet,120.0,98.0,1.0,-7.5,-105.0,-115.0,,,,,,,,,,,,,,,,,,,,,,
401736808,2024-12-13,2025,2024-12-14T02:30Z,,fourfactors_hl25_b2b_carry25_phase_luck_talent_ft_avail_v6,reconstructed,UTA,PHO,23,23,0,0,-28.188,0.39315,PHO,0.60685,,,,,170.0,-200.0,225.0,-275.0,0.29557,espnbet,126.0,134.0,0.0,6.5,-105.0,-115.0,,,,,,,,,,,,,,,,,,,,,,
401736809,2024-12-13,2025,2024-12-14T03:00Z,,fourfactors_hl25_b2b_carry25_phase_luck_talent_ft_avail_v6,reconstructed,POR,SAS,24,24,0,0,-25.101,0.37142,SAS,0.62858,,,,,125.0,-145.0,130.0,-155.0,0.41701,espnbet,116.0,118.0,0.0,3.5,-110.0,-110.0,,,,,,,,,,,,,,,,,,,,,,
401736810,2024-12-15,2025,2024-12-15T22:00Z,,fourfactors_hl25_b2b_carry25_phase_luck_talent_ft_avail_v6,reconstructed,IND,NOP,26,26,0,0,19.28,0.72829,IND,0.72829,,,,,-215.0,180.0,-275.0,225.0,0.70443,espnbet,119.0,104.0,1.0,-7.5,-105.0,-115.0,,,,,,,,,,,,,,,,,,,,,,
401736811,2024-12-15,2025,2024-12-15T23:00Z,,fourfactors_hl25_b2b_carry25_phase_luck_talent_ft_avail_v6,reconstructed,WAS,BOS,23,25,0,0,-73.521,0.06914,BOS,0.93086,,,,,750.0,-1400.0,1000.0,-2000.0,0.08714,espnbet,98.0,112.0,0.0,17.5,-110.0,-110.0,,,,,,,,,,,,,,,,,,,,,,
401737902,2024-12-15,2025,2024-12-15T23:00Z,,fourfactors_hl25_b2b_carry25_phase_luck_talent_ft_avail_v6,reconstructed,ORL,NYK,27,25,0,0,-12.374,0.36118,NYK,0.63882,,,,,165.0,-195.0,150.0,-175.0,0.38596,espnbet,91.0,100.0,0.0,4.5,-110.0,-110.0,,,,,,,,,,,,,,,,,,,,,,
401736812,2024-12-15,2025,2024-12-16T00:00Z,,fourfactors_hl25_b2b_carry25_phase_luck_talent_ft_avail_v6,reconstructed,SAS,MIN,25,24,0,0,-13.533,0.37957,MIN,0.62043,,,,,180.0,-215.0,155.0,-185.0,0.37661,espnbet,92.0,106.0,0.0,4.5,-105.0,-115.0,,,,,,,,,,,,,,,,,,,,,,
401736813,2024-12-15,2025,2024-12-16T01:00Z,,fourfactors_hl25_b2b_carry25_phase_luck_talent_ft_avail_v6,reconstructed,PHO,POR,24,25,0,0,28.953,0.84203,PHO,0.84203,,,,,-500.0,360.0,-700.0,450.0,0.82796,espnbet,116.0,109.0,1.0,-11.5,-105.0,-115.0,,,,,,,,,,,,,,,,,,,,,,
401737912,2024-12-15,2025,2024-12-16T01:30Z,,fourfactors_hl25_b2b_carry25_phase_luck_talent_ft_avail_v6,reconstructed,GSW,DAL,24,25,0,0,-8.189,0.44902,DAL,0.55098,,,,,110.0,-130.0,-110.0,-110.0,0.5,espnbet,133.0,143.0,0.0,-1.5,-105.0,-115.0,,,,,,,,,,,,,,,,,,,,,,
401736814,2024-12-15,2025,2024-12-16T02:30Z,,fourfactors_hl25_b2b_carry25_phase_luck_talent_ft_avail_v6,reconstructed,LAL,MEM,25,26,0,0,-34.548,0.36792,MEM,0.63208,,,,,120.0,-140.0,110.0,-130.0,0.45726,espnbet,116.0,110.0,1.0,2.5,-110.0,-110.0,,,,,,,,,,,,,,,,,,,,,,
401736815,2024-12-16,2025,2024-12-17T00:00Z,,fourfactors_hl25_b2b_carry25_phase_luck_talent_ft_avail_v6,reconstructed,CHO,PHI,25,23,0,0,-10.796,0.46673,PHI,0.53327,,,,,110.0,-130.0,115.0,-135.0,0.44741,espnbet,108.0,121.0,0.0,2.5,-115.0,-105.0,,,,,,,,,,,,,,,,,,,,,,
401736816,2024-12-16,2025,2024-12-17T00:00Z,,fourfactors_hl25_b2b_carry25_phase_luck_talent_ft_avail_v6,reconstructed,DET,MIA,26,23,0,0,-21.905,0.29321,MIA,0.70679,,,,,135.0,-155.0,160.0,-190.0,0.3699,espnbet,125.0,124.0,1.0,4.5,-105.0,-115.0,,,,,,,,,,,,,,,,,,,,,,
401736817,2024-12-16,2025,2024-12-17T00:30Z,,fourfactors_hl25_b2b_carry25_phase_luck_talent_ft_avail_v6,reconstructed,TOR,CHI,26,26,0,0,-9.876,0.44303,CHI,0.55697,,,,,-120.0,100.0,-105.0,-115.0,0.48917,espnbet,121.0,122.0,0.0,1.5,-115.0,-105.0,,,,,,,,,,,,,,,,,,,,,,
401736818,2024-12-16,2025,2024-12-17T00:30Z,,fourfactors_hl25_b2b_carry25_phase_luck_talent_ft_avail_v6,reconstructed,BRK,CLE,25,26,0,0,-48.029,0.24584,CLE,0.75416,,,,,450.0,-700.0,380.0,-550.0,0.19757,espnbet,101.0,130.0,0.0,10.5,-110.0,-110.0,,,,,,,,,,,,,,,,,,,,,,
401736819,2024-12-16,2025,2024-12-17T03:00Z,,fourfactors_hl25_b2b_carry25_phase_luck_talent_ft_avail_v6,reconstructed,SAC,DEN,26,23,0,0,-1.605,0.53627,SAC,0.53627,,,,,-115.0,-105.0,-115.0,-105.0,0.51083,espnbet,129.0,130.0,0.0,-1.5,-105.0,-115.0,,,,,,,,,,,,,,,,,,,,,,
401736820,2024-12-16,2025,2024-12-17T03:30Z,,fourfactors_hl25_b2b_carry25_phase_luck_talent_ft_avail_v6,reconstructed,LAC,UTA,26,24,0,0,23.105,0.64559,LAC,0.64559,,,,,-500.0,360.0,-300.0,250.0,0.72414,espnbet,144.0,107.0,1.0,-7.5,-115.0,-105.0,,,,,,,,,,,,,,,,,,,,,,
401704926,2024-12-19,2025,2024-12-20T00:00Z,,fourfactors_hl25_b2b_carry25_phase_luck_talent_ft_avail_v6,reconstructed,DET,UTA,27,25,0,0,21.033,0.62891,DET,0.62891,,,,,-190.0,160.0,-185.0,155.0,0.62339,espnbet,119.0,126.0,0.0,-4.5,-105.0,-115.0,,,,,,,,,,,,,,,,,,,,,,
401704927,2024-12-19,2025,2024-12-20T00:00Z,,fourfactors_hl25_b2b_carry25_phase_luck_talent_ft_avail_v6,reconstructed,ORL,OKC,28,25,0,0,-26.433,0.28105,OKC,0.71895,,,,,150.0,-175.0,210.0,-260.0,0.30875,espnbet,99.0,105.0,0.0,6.5,-110.0,-110.0,,,,,,,,,,,,,,,,,,,,,,
401704928,2024-12-19,2025,2024-12-20T00:00Z,,fourfactors_hl25_b2b_carry25_phase_luck_talent_ft_avail_v6,reconstructed,WAS,CHO,24,26,0,0,-25.34,0.32297,CHO,0.67703,,,,,135.0,-155.0,135.0,-165.0,0.40597,espnbet,123.0,114.0,1.0,3.5,-105.0,-115.0,,,,,,,,,,,,,,,,,,,,,,
401704929,2024-12-19,2025,2024-12-20T00:30Z,,fourfactors_hl25_b2b_carry25_phase_luck_talent_ft_avail_v6,reconstructed,BOS,CHI,26,27,0,0,29.489,0.88311,BOS,0.88311,,,,,-1600.0,800.0,-1300.0,750.0,0.88755,espnbet,108.0,117.0,0.0,-14.5,-110.0,-110.0,,,,,,,,,,,,,,,,,,,,,,
401704930,2024-12-19,2025,2024-12-20T00:30Z,,fourfactors_hl25_b2b_carry25_phase_luck_talent_ft_avail_v6,reconstructed,TOR,BRK,27,26,0,0,6.19,0.43676,BRK,0.56324,,,,,-170.0,145.0,-130.0,110.0,0.54274,espnbet,94.0,101.0,0.0,-2.5,-105.0,-115.0,,,,,,,,,,,,,,,,,,,,,,
401704931,2024-12-19,2025,2024-12-20T01:00Z,,fourfactors_hl25_b2b_carry25_phase_luck_talent_ft_avail_v6,reconstructed,HOU,NOP,26,27,0,0,42.181,0.77169,HOU,0.77169,,,,,-550.0,380.0,-410.0,315.0,0.76939,espnbet,133.0,113.0,1.0,-9.5,-110.0,-110.0,,,,,,,,,,,,,,,,,,,,,,
401704932,2024-12-19,2025,2024-12-20T01:00Z,,fourfactors_hl25_b2b_carry25_phase_luck_talent_ft_avail_v6,reconstructed,MEM,GSW,27,25,0,0,9.648,0.59195,MEM,0.59195,,,,,-165.0,140.0,-125.0,105.0,0.53247,espnbet,144.0,93.0,1.0,-1.5,-115.0,-105.0,,,,,,,,,,,,,,,,,,,,,,
401704936,2024-12-19,2025,2024-12-20T01:00Z,,fourfactors_hl25_b2b_carry25_phase_luck_talent_ft_avail_v6,reconstructed,SAS,ATL,26,27,0,0,2.818,0.54225,SAS,0.54225,,,,,100.0,-120.0,-110.0,-110.0,0.5,espnbet,133.0,126.0,1.0,-1.5,100.0,-120.0,,,,,,,,,,,,,,,,,,,,,,
401704934,2024-12-19,2025,2024-12-20T01:30Z,,fourfactors_hl25_b2b_carry25_phase_luck_talent_ft_avail_v6,reconstructed,DAL,LAC,26,27,0,0,21.244,0.74225,DAL,0.74225,,,,,-225.0,190.0,-120.0,100.0,0.52174,espnbet,95.0,118.0,0.0,-1.5,100.0,-120.0,,,,,,,,,,,,,,,,,,,,,,
401704935,2024-12-19,2025,2024-12-20T02:00Z,,fourfactors_hl25_b2b_carry25_phase_luck_talent_ft_avail_v6,reconstructed,PHO,IND,25,27,0,0,8.162,0.67526,PHO,0.67526,,,,,-270.0,220.0,-240.0,195.0,0.67557,espnbet,111.0,120.0,0.0,-6.5,100.0,-120.0,,,,,,,,,,,,,,,,,,,,,,
401704933,2024-12-19,2025,2024-12-20T02:30Z,,fourfactors_hl25_b2b_carry25_phase_luck_talent_ft_avail_v6,reconstructed,MIN,NYK,25,26,0,0,-6.509,0.54374,MIN,0.54374,,,,,-125.0,105.0,-155.0,130.0,0.58299,espnbet,107.0,133.0,0.0,-3.5,-110.0,-110.0,,,,,,,,,,,,,,,,,,,,,,
401704937,2024-12-19,2025,2024-12-20T03:00Z,,fourfactors_hl25_b2b_carry25_phase_luck_talent_ft_avail_v6,reconstructed,POR,DEN,26,24,0,0,-40.053,0.19351,DEN,0.80649,,,,,270.0,-340.0,280.0,-360.0,0.25164,espnbet,126.0,124.0,1.0,8.5,-110.0,-110.0,,,,,,,,,,,,,,,,,,,,,,
401704938,2024-12-19,2025,2024-12-20T03:00Z,,fourfactors_hl25_b2b_carry25_phase_luck_talent_ft_avail_v6,reconstructed,SAC,LAL,27,26,0,0,17.086,0.70822,SAC,0.70822,,,,,-150.0,130.0,-195.0,160.0,0.63217,espnbet,100.0,113.0,0.0,-4.5,-115.0,-105.0,,,,,,,,,,,,,,,,,,,,,,
401704939,2024-12-20,2025,2024-12-21T00:00Z,,fourfactors_hl25_b2b_carry25_phase_luck_talent_ft_avail_v6,reconstructed,PHI,CHO,24,27,0,1,12.968,0.78759,PHI,0.78759,,,,,-380.0,290.0,-800.0,500.0,0.84211,espnbet,108.0,98.0,1.0,-13.5,-110.0,-110.0,,,,,,,,,,,,,,,,,,,,,,
401704940,2024-12-20,2025,2024-12-21T00:30Z,,fourfactors_hl25_b2b_carry25_phase_luck_talent_ft_avail_v6,reconstructed,CLE,MIL,27,25,0,0,21.895,0.70429,CLE,0.70429,,,,,-190.0,160.0,-380.0,290.0,0.75535,espnbet,124.0,101.0,1.0,-8.5,-115.0,-105.0,,,,,,,,,,,,,,,,,,,,,,
401704941,2024-12-20,2025,2024-12-21T01:00Z,,fourfactors_hl25_b2b_carry25_phase_luck_talent_ft_avail_v6,reconstructed,MIA,OKC,24,26,0,1,-19.571,0.4955,OKC,0.5045,,,,,100.0,-120.0,-110.0,-110.0,0.5,espnbet,97.0,104.0,0.0,1.5,-115.0,-105.0,,,,,,,,,,,,,,,,,,,,,,
401704942,2024-12-21,2025,2024-12-21T23:00Z,,fourfactors_hl25_b2b_carry25_phase_luck_talent_ft_avail_v6,reconstructed,SAC,LAL,28,27,0,0,14.761,0.7332,SAC,0.7332,,,,,-155.0,135.0,-170.0,140.0,0.60177,espnbet,99.0,103.0,0.0,-3.5,-120.0,100.0,,,,,,,,,,,,,,,,,,,,,,
401704943,2024-12-21,2025,2024-12-22T00:00Z,,fourfactors_hl25_b2b_carry25_phase_luck_talent_ft_avail_v6,reconstructed,ORL,MIA,29,25,0,1,-3.368,0.48417,MIA,0.51583,,,,,-120.0,100.0,-130.0,110.0,0.54274,espnbet,121.0,114.0,1.0,-1.5,-115.0,-105.0,,,,,,,,,,,,,,,,,,,,,,
401704944,2024-12-21,2025,2024-12-22T00:30Z,,fourfactors_hl25_b2b_carry25_phase_luck_talent_ft_avail_v6,reconstructed,ATL,MEM,28,28,0,0,-34.899,0.39211,MEM,0.60789,,,,,105.0,-125.0,110.0,-130.0,0.45726,espnbet,112.0,128.0,0.0,1.5,-105.0,-115.0,,,,,,,,,,,,,,,,,,,,,,
401704945,2024-12-21,2025,2024-12-22T00:30Z,,fourfactors_hl25_b2b_carry25_phase_luck_talent_ft_avail_v6,reconstructed,BRK,UTA,27,26,0,0,10.106,0.58833,BRK,0.58833,,,,,-135.0,115.0,-125.0,105.0,0.53247,espnbet,94.0,105.0,0.0,-1.5,-115.0,-105.0,,,,,,,,,,,,,,,,,,,,,,
401704946,2024-12-21,2025,2024-12-22T01:00Z,,fourfactors_hl25_b2b_carry25_phase_luck_talent_ft_avail_v6,reconstructed,CLE,PHI,28,25,1,1,43.52,0.78065,CLE,0.78065,,,,,-650.0,425.0,-415.0,320.0,0.77192,espnbet,126.0,99.0,1.0,-9.5,-105.0,-115.0,,,,,,,,,,,,,,,,,,,,,,
401704947,2024-12-21,2025,2024-12-22T01:00Z,,fourfactors_hl25_b2b_carry25_phase_luck_talent_ft_avail_v6,reconstructed,CHI,BOS,28,27,0,0,-26.424,0.20582,BOS,0.79418,,,,,425.0,-650.0,475.0,-675.0,0.16644,espnbet,98.0,123.0,0.0,12.5,-115.0,-105.0,,,,,,,,,,,,,,,,,,,,,,
401704948,2024-12-21,2025,2024-12-22T01:00Z,,fourfactors_hl25_b2b_carry25_phase_luck_talent_ft_avail_v6,reconstructed,MIL,WAS,26,25,1,0,53.608,0.79028,MIL,0.79028,,,,,-750.0,475.0,-380.0,290.0,0.75535,espnbet,112.0,101.0,1.0,-8.5,-115.0,-105.0,,,,,,,,,,,,,,,,,,,,,,
401704949,2024-12-21,2025,2024-12-22T01:00Z,,fourfactors_hl25_b2b_carry25_phase_luck_talent_ft_avail_v6,reconstructed,MIN,GSW,26,26,0,0,4.433,0.66587,MIN,0.66587,,,,,-165.0,140.0,-170.0,145.0,0.6067,espnbet,103.0,113.0,0.0,-4.5,-110.0,-110.0,,,,,,,,,,,,,,,,,,,,,,
401704950,2024-12-21,2025,2024-12-22T01:00Z,,fourfactors_hl25_b2b_carry25_phase_luck_talent_ft_avail_v6,reconstructed,NOP,NYK,28,27,0,0,-51.095,0.26247,NYK,0.73753,,,,,320.0,-425.0,260.0,-325.0,0.26646,espnbet,93.0,104.0,0.0,8.5,-115.0,-105.0,,,,,,,,,,,,,,,,,,,,,,
401704951,2024-12-21,2025,2024-12-22T01:30Z,,fourfactors_hl25_b2b_carry25_phase_luck_talent_ft_avail_v6,reconstructed,DAL,LAC,27,28,0,0,13.464,0.5457,DAL,0.5457,,,,,-145.0,125.0,-160.0,135.0,0.59119,espnbet,113.0,97.0,1.0,-3.5,-115.0,-105.0,,,,,,,,,,,,,,,,,,,,,,
401704952,2024-12-21,2025,2024-12-22T01:30Z,,fourfactors_hl25_b2b_carry25_phase_luck_talent_ft_avail_v6,reconstructed,SAS,POR,27,27,0,0,24.65,0.76628,SAS,0.76628,,,,,-240.0,200.0,-275.0,225.0,0.70443,espnbet,114.0,94.0,1.0,-6.5,-115.0,-105.0,,,,,,,,,,,,,,,,,,,,,,
401704953,2024-12-21,2025,2024-12-22T02:00Z,,fourfactors_hl25_b2b_carry25_phase_luck_talent_ft_avail_v6,reconstructed,PHO,DET,26,28,0,0,11.881,0.7326,PHO,0.7326,,,,,-270.0,220.0,-240.0,195.0,0.67557,espnbet,125.0,133.0,0.0,-5.5,-115.0,-105.0,,,,,,,,,,,,,,,,,,,,,,
401704954,2024-12-22,2025,2024-12-22T23:00Z,,fourfactors_hl25_b2b_carry25_phase_luck_talent_ft_avail_v6,reconstructed,TOR,HOU,28,27,0,0,-28.294,0.27787,HOU,0.72213,,,,,270.0,-340.0,300.0,-390.0,0.23902,espnbet,110.0,114.0,0.0,8.5,-105.0,-115.0,,,,,,,,,,,,,,,,,,,,,,
401704955,2024-12-22,2025,2024-12-22T23:00Z,,fourfactors_hl25_b2b_carry25_phase_luck_talent_ft_avail_v6,reconstructed,SAC,IND,29,28,1,0,10.734,0.66092,SAC,0.66092,,,,,-155.0,135.0,-140.0,120.0,0.56204,espnbet,95.0,122.0,0.0,-3.5,-105.0,-115.0,,,,,,,,,,,,,,,,,,,,,,
401704956,2024-12-22,2025,2024-12-23T00:00Z,,fourfactors_hl25_b2b_carry25_phase_luck_talent_ft_avail_v6,reconstructed,NOP,DEN,29,25,1,0,-42.448,0.1795,DEN,0.8205,,,,,280.0,-360.0,270.0,-340.0,0.25913,espnbet,129.0,132.0,0.0,8.5,-105.0,-115.0,,,,,,,,,,,,,,,,,,,,,,
401704957,2024-12-23,2025,2024-12-24T00:00Z,,fourfactors_hl25_b2b_carry25_phase_luck_talent_ft_avail_v6,reconstructed,CHO,HOU,28,28,0,1,-35.921,0.3142,HOU,0.6858,,,,,230.0,-280.0,185.0,-230.0,0.33486,espnbet,101.0,114.0,0.0,6.5,-115.0,-105.0,,,,,,,,,,,,,,,,,,,,,,
401704958,2024-12-23,2025,2024-12-24T00:00Z,,fourfactors_hl25_b2b_carry25_phase_luck_talent_ft_avail_v6,reconstructed,CLE,UTA,29,27,0,0,63.96,0.89518,CLE,0.89518,,,,,-1400.0,750.0,-1200.0,700.0,0.88073,espnbet,124.0,113.0,1.0,-14.5,-105.0,-115.0,,,,,,,,,,,,,,,,,,,,,,
401704959,2024-12-23,2025,2024-12-24T00:00Z,,fourfactors_hl25_b2b_carry25_phase_luck_talent_ft_avail_v6,reconstructed,ORL,BOS,30,28,0,0,-24.424,0.16651,BOS,0.83349,,,,,215.0,-260.0,295.0,-385.0,0.2418,espnbet,108.0,104.0,1.0,7.5,-105.0,-115.0,,,,,,,,,,,,,,,,,,,,,,
401704960,2024-12-23,2025,2024-12-24T00:00Z,,fourfactors_hl25_b2b_carry25_phase_luck_talent_ft_avail_v6,reconstructed,PHI,SAS,26,28,0,0,-11.882,0.49761,SAS,0.50239,,,,,-200.0,170.0,-225.0,185.0,0.66365,espnbet,111.0,106.0,1.0,-5.5,-105.0,-115.0,,,,,,,,,,,,,,,,,,,,,,
401704961,2024-12-23,2025,2024-12-24T00:30Z,,fourfactors_hl25_b2b_carry25_phase_luck_talent_ft_avail_v6,reconstructed,ATL,MIN,29,27,0,0,-14.676,0.39255,MIN,0.60745,,,,,150.0,-175.0,125.0,-150.0,0.42553,espnbet,117.0,104.0,1.0,3.5,-115.0,-105.0,,,,,,,,,,,,,,,,,,,,,,
401704962,2024-12-23,2025,2024-12-24T00:30Z,,fourfactors_hl25_b2b_carry25_phase_luck_talent_ft_avail_v6,reconstructed,MIA,BRK,26,28,0,0,25.843,0.75187,MIA,0.75187,,,,,-400.0,300.0,-450.0,340.0,0.78261,espnbet,110.0,95.0,1.0,-9.5,-110.0,-110.0,,,,,,,,,,,,,,,,,,,,,,
401704963,2024-12-23,2025,2024-12-24T00:30Z,,fourfactors_hl25_b2b_carry25_phase_luck_talent_ft_avail_v6,reconstructed,NYK,TOR,28,29,0,1,33.315,0.88448,NYK,0.88448,,,,,-1600.0,800.0,-1000.0,600.0,0.8642,espnbet,139.0,125.0,1.0,-13.5,-105.0,-115.0,,,,,,,,,,,,,,,,,,,,,,
401704964,2024-12-23,2025,2024-12-24T01:00Z,,fourfactors_hl25_b2b_carry25_phase_luck_talent_ft_avail_v6,reconstructed,CHI,MIL,29,27,0,0,-16.982,0.53108,CHI,0.53108,,,,,105.0,-125.0,-140.0,115.0,0.55638,espnbet,91.0,112.0,0.0,-2.5,-115.0,-105.0,,,,,,,,,,,,,,,,,,,,,,
401704965,2024-12-23,2025,2024-12-24T01:00Z,,fourfactors_hl25_b2b_carry25_phase_luck_talent_ft_avail_v6,reconstructed,MEM,LAC,29,29,0,0,25.723,0.687,MEM,0.687,,,,,-170.0,145.0,-240.0,200.0,0.67925,espnbet,110.0,114.0,0.0,-6.5,105.0,-130.0,,,,,,,,,,,,,,,,,,,,,,
401704966,2024-12-23,2025,2024-12-24T01:00Z,,fourfactors_hl25_b2b_carry25_phase_luck_talent_ft_avail_v6,reconstructed,OKC,WAS,27,26,0,0,70.262,0.94013,OKC,0.94013,,,,,-5000.0,1500.0,-2500.0,1100.0,0.92025,espnbet,123.0,105.0,1.0,-17.5,-110.0,-110.0,,,,,,,,,,,,,,,,,,,,,,
401704967,2024-12-23,2025,2024-12-24T01:30Z,,fourfactors_hl25_b2b_carry25_phase_luck_talent_ft_avail_v6,reconstructed,DAL,POR,28,28,0,0,47.577,0.85767,DAL,0.85767,,,,,-450.0,340.0,-1000.0,600.0,0.8642,espnbet,132.0,108.0,1.0,-12.5,-115.0,-105.0,,,,,,,,,,,,,,,,,,,,,,
401704968,2024-12-23,2025,2024-12-24T03:00Z,,fourfactors_hl25_b2b_carry25_phase_luck_talent_ft_avail_v6,reconstructed,DEN,PHO,26,27,1,0,12.755,0.64333,DEN,0.64333,,,,,-360.0,280.0,-200.0,170.0,0.64286,espnbet,117.0,90.0,1.0,-4.5,-110.0,-110.0,,,,,,,,,,,,,,,,,,,,,,
401704969,2024-12-23,2025,2024-12-24T03:00Z,,fourfactors_hl25_b2b_carry25_phase_luck_talent_ft_avail_v6,reconstructed,GSW,IND,27,29,0,1,4.449,0.58024,GSW,0.58024,,,,,-225.0,190.0,-215.0,180.0,0.65649,espnbet,105.0,111.0,0.0,-5.5,-120.0,100.0,,,,,,,,,,,,,,,,,,,,,,
401704970,2024-12-23,2025,2024-12-24T03:30Z,,fourfactors_hl25_b2b_carry25_phase_luck_talent_ft_avail_v6,reconstructed,LAL,DET,28,29,0,0,3.311,0.6618,LAL,0.6618,,,,,-250.0,210.0,-260.0,210.0,0.69125,espnbet,114.0,117.0,0.0,-6.5,-115.0,-105.0,,,,,,,,,,,,,,,,,,,,,,
401704971,2024-12-25,2025,2024-12-25T17:00Z,,fourfactors_hl25_b2b_carry25_phase_luck_talent_ft_avail_v6,reconstructed,NYK,SAS,29,29,0,0,22.35,0.73331,NYK,0.73331,,,,,-500.0,360.0,-370.0,290.0,0.75431,espnbet,117.0,114.0,1.0,-8.5,-110.0,-110.0,,,,,,,,,,,,,,,,,,,,,,
401704972,2024-12-25,2025,2024-12-25T19:30Z,,fourfactors_hl25_b2b_carry25_phase_luck_talent_ft_avail_v6,reconstructed,DAL,MIN,29,28,0,0,19.235,0.73567,DAL,0.73567,,,,,-165.0,140.0,-210.0,175.0,0.6507,espnbet,99.0,105.0,0.0,-5.5,-105.0,-115.0,,,,,,,,,,,,,,,,,,,,,,
401704973,2024-12-25,2025,2024-12-25T22:00Z,,fourfactors_hl25_b2b_carry25_phase_luck_talent_ft_avail_v6,reconstructed,BOS,PHI,29,27,0,0,35.684,0.83023,BOS,0.83023,,,,,-300.0,240.0,-450.0,340.0,0.78261,espnbet,114.0,118.0,0.0,-9.5,-115.0,-105.0,,,,,,,,,,,,,,,,,,,,,,
401704974,2024-12-25,2025,2024-12-26T01:00Z,,fourfactors_hl25_b2b_carry25_phase_luck_talent_ft_avail_v6,reconstructed,GSW,LAL,28,29,0,0,9.567,0.61776,GSW,0.61776,,,,,-145.0,125.0,-170.0,145.0,0.6067,espnbet,113.0,115.0,0.0,-4.5,-115.0,-105.0,,,,,,,,,,,,,,,,,,,,,,
401704975,2024-12-25,2025,2024-12-26T03:30Z,,fourfactors_hl25_b2b_carry25_phase_luck_talent_ft_avail_v6,reconstructed,PHO,DEN,28,27,0,0,-19.37,0.41681,DEN,0.58319,,,,,-115.0,-105.0,115.0,-135.0,0.44741,espnbet,110.0,100.0,1.0,2.5,-115.0,-105.0,,,,,,,,,,,,,,,,,,,,,,
401704976,2024-12-26,2025,2024-12-27T00:00Z,,fourfactors_hl25_b2b_carry25_phase_luck_talent_ft_avail_v6,reconstructed,IND,OKC,30,28,0,0,-28.711,0.37941,OKC,0.62059,,,,,160.0,-190.0,180.0,-220.0,0.34188,espnbet,114.0,120.0,0.0,5.5,-115.0,-105.0,,,,,,,,,,,,,,,,,,,,,,
401704977,2024-12-26,2025,2024-12-27T00:00Z,,fourfactors_hl25_b2b_carry25_phase_luck_talent_ft_avail_v6,reconstructed,ORL,MIA,31,27,0,0,-4.375,0.48806,MIA,0.51194,,,,,-115.0,-105.0,-115.0,-105.0,0.51083,espnbet,88.0,89.0,0.0,1.5,-125.0,100.0,,,,,,,,,,,,,,,,,,,,,,
401704978,2024-12-26,2025,2024-12-27T00:00Z,,fourfactors_hl25_b2b_carry25_phase_luck_talent_ft_avail_v6,reconstructed,WAS,CHO,27,29,0,0,-19.039,0.39794,CHO,0.60206,,,,,115.0,-135.0,160.0,-190.0,0.3699,espnbet,113.0,110.0,1.0,4.5,-110.0,-110.0,,,,,,,,,,,,,,,,,,,,,,
401704979,2024-12-26,2025,2024-12-27T00:30Z,,fourfactors_hl25_b2b_carry25_phase_luck_talent_ft_avail_v6,reconstructed,ATL,CHI,30,30,0,0,1.879,0.69232,ATL,0.69232,,,,,-280.0,230.0,-205.0,170.0,0.64473,espnbet,141.0,133.0,1.0,-4.5,-115.0,-105.0,,,,,,,,,,,,,,,,,,,,,,
401704980,2024-12-26,2025,2024-12-27T01:00Z,,fourfactors_hl25_b2b_carry25_phase_luck_talent_ft_avail_v6,reconstructed,MEM,TOR,30,30,0,0,40.128,0.83274,MEM,0.83274,,,,,-900.0,550.0,-600.0,400.0,0.81081,espnbet,155.0,126.0,1.0,-10.5,-110.0,-110.0,,,,,,,,,,,,,,,,,,,,,,
401704981,2024-12-26,2025,2024-12-27T01:00Z,,fourfactors_hl25_b2b_carry25_phase_luck_talent_ft_avail_v6,reconstructed,MIL,BRK,28,29,0,0,35.724,0.7011,MIL,0.7011,,,,,-400.0,300.0,-260.0,210.0,0.69125,espnbet,105.0,111.0,0.0,-6.5,-115.0,-105.0,,,,,,,,,,,,,,,,,,,,,,
401704982,2024-12-26,2025,2024-12-27T01:00Z,,fourfactors_hl25_b2b_carry25_phase_luck_talent_ft_avail_v6,reconstructed,NOP,HOU,30,29,0,0,-45.246,0.32191,HOU,0.67809,,,,,290.0,-380.0,230.0,-285.0,0.29046,espnbet,111.0,128.0,0.0,6.5,-110.0,-110.0,,,,,,,,,,,,,,,,,,,,,,
401704983,2024-12-26,2025,2024-12-27T03:00Z,,fourfactors_hl25_b2b_carry25_phase_luck_talent_ft_avail_v6,reconstructed,POR,UTA,29,28,0,0,-5.296,0.51796,POR,0.51796,,,,,-145.0,125.0,-160.0,135.0,0.59119,espnbet,122.0,120.0,1.0,-3.5,-110.0,-110.0,,,,,,,,,,,,,,,,,,,,,,
401704984,2024-12-26,2025,2024-12-27T03:00Z,,fourfactors_hl25_b2b_carry25_phase_luck_talent_ft_avail_v6,reconstructed,SAC,DET,30,30,0,0,9.995,0.72068,SAC,0.72068,,,,,-200.0,170.0,-200.0,160.0,0.63415,espnbet,113.0,114.0,0.0,-4.5,-125.0,100.0,,,,,,,,,,,,,,,,,,,,,,
401704985,2024-12-27,2025,2024-12-28T00:00Z,,fourfactors_hl25_b2b_carry25_phase_luck_talent_ft_avail_v6,reconstructed,ORL,NYK,32,30,1,0,-19.318,0.27489,NYK,0.72511,,,,,220.0,-270.0,200.0,-240.0,0.32075,espnbet,85.0,108.0,0.0,6.5,-115.0,-105.0,,,,,,,,,,,,,,,,,,,,,,
401704986,2024-12-27,2025,2024-12-28T00:30Z,,fourfactors_hl25_b2b_carry25_phase_luck_talent_ft_avail_v6,reconstructed,BOS,IND,30,31,0,1,23.415,0.82161,BOS,0.82161,,,,,-500.0,360.0,-650.0,425.0,0.81982,espnbet,142.0,105.0,1.0,-11.5,-115.0,-105.0,,,,,,,,,,,,,,,,,,,,,,
401704987,2024-12-27,2025,2024-12-28T00:30Z,,fourfactors_hl25_b2b_carry25_phase_luck_talent_ft_avail_v6,reconstructed,BRK,SAS,30,30,1,0,-19.535,0.26819,SAS,0.73181,,,,,225.0,-275.0,270.0,-340.0,0.25913,espnbet,87.0,96.0,0.0,7.5,100.0,-125.0,,,,,,,,,,,,,,,,,,,,,,
401704988,2024-12-27,2025,2024-12-28T01:00Z,,fourfactors_hl25_b2b_carry25_phase_luck_talent_ft_avail_v6,reconstructed,HOU,MIN,30,29,1,0,13.026,0.53291,HOU,0.53291,,,,,105.0,-125.0,-110.0,-110.0,0.5,espnbet,112.0,113.0,0.0,-0.5,-115.0,-105.0,,,,,,,,,,,,,,,,,,,,,,
401704989,2024-12-27,2025,2024-12-28T01:00Z,,fourfactors_hl25_b2b_carry25_phase_luck_talent_ft_avail_v6,reconstructed,NOP,MEM,31,31,1,1,-58.92,0.28503,MEM,0.71497,,,,,340.0,-450.0,230.0,-280.0,0.29141,espnbet,124.0,132.0,0.0,7.5,-115.0,-105.0,,,,,,,,,,,,,,,,,,,,,,
401704990,2024-12-27,2025,2024-12-28T02:00Z,,fourfactors_hl25_b2b_carry25_phase_luck_talent_ft_avail_v6,reconstructed,DEN,CLE,28,30,0,0,-24.592,0.43501,CLE,0.56499,,,,,105.0,-125.0,125.0,-145.0,0.42888,espnbet,135.0,149.0,0.0,3.5,-115.0,-105.0,,,,,,,,,,,,,,,,,,,,,,
401704991,2024-12-27,2025,2024-12-28T02:00Z,,fourfactors_hl25_b2b_carry25_phase_luck_talent_ft_avail_v6,reconstructed,PHO,DAL,29,30,0,0,-23.026,0.37183,DAL,0.62817,,,,,-120.0,100.0,-115.0,-105.0,0.51083,espnbet,89.0,98.0,0.0,-0.5,-115.0,-105.0,,,,,,,,,,,,,,,,,,,,,,
401704992,2024-12-27,2025,2024-12-28T03:00Z,,fourfactors_hl25_b2b_carry25_phase_luck_talent_ft_avail_v6,reconstructed,LAC,GSW,30,29,0,0,-2.603,0.5835,LAC,0.5835,,,,,-125.0,105.0,-210.0,175.0,0.6507,espnbet,102.0,92.0,1.0,-5.5,-110.0,-110.0,,,,,,,,,,,,,,,,,,,,,,
401704993,2024-12-28,2025,2024-12-28T20:00Z,,fourfactors_hl25_b2b_carry25_phase_luck_talent_ft_avail_v6,reconstructed,ATL,MIA,31,28,0,0,-12.509,0.49623,MIA,0.50377,,,,,-145.0,125.0,-105.0,-115.0,0.48917,espnbet,120.0,110.0,1.0,-0.5,-105.0,-115.0,,,,,,,,,,,,,,,,,,,,,,
401704994,2024-12-28,2025,2024-12-28T23:00Z,,fourfactors_hl25_b2b_carry25_phase_luck_talent_ft_avail_v6,reconstructed,CHO,OKC,30,29,0,0,-50.592,0.1611,OKC,0.8389,,,,,600.0,-1000.0,700.0,-1200.0,0.11927,espnbet,94.0,106.0,0.0,13.5,-105.0,-115.0,,,,,,,,,,,,,,,,,,,,,,
401704995,2024-12-28,2025,2024-12-29T00:00Z,,fourfactors_hl25_b2b_carry25_phase_luck_talent_ft_avail_v6,reconstructed,WAS,NYK,28,31,0,1,-61.956,0.13565,NYK,0.86435,,,,,500.0,-800.0,600.0,-1000.0,0.1358,espnbet,132.0,136.0,0.0,13.5,-115.0,-105.0,,,,,,,,,,,,,,,,,,,,,,
401704996,2024-12-28,2025,2024-12-29T01:00Z,,fourfactors_hl25_b2b_carry25_phase_luck_talent_ft_avail_v6,reconstructed,CHI,MIL,31,29,0,0,-20.448,0.46872,MIL,0.53128,,,,,105.0,-125.0,105.0,-125.0,0.46753,espnbet,116.0,111.0,1.0,1.5,-110.0,-110.0,,,,,,,,,,,,,,,,,,,,,,
401704997,2024-12-28,2025,2024-12-29T01:30Z,,fourfactors_hl25_b2b_carry25_phase_luck_talent_ft_avail_v6,reconstructed,GSW,PHO,30,30,1,1,6.816,0.52865,GSW,0.52865,,,,,-280.0,230.0,-240.0,200.0,0.67925,espnbet,109.0,105.0,1.0,-6.5,-115.0,-105.0,,,,,,,,,,,,,,,,,,,,,,
401704998,2024-12-28,2025,2024-12-29T02:00Z,,fourfactors_hl25_b2b_carry25_phase_luck_talent_ft_avail_v6,reconstructed,DEN,DET,29,31,1,0,20.533,0.71116,DEN,0.71116,,,,,-240.0,200.0,-250.0,210.0,0.68889,espnbet,134.0,121.0,1.0,-6.5,-105.0,-115.0,,,,,,,,,,,,,,,,,,,,,,
401704999,2024-12-28,2025,2024-12-29T02:30Z,,fourfactors_hl25_b2b_carry25_phase_luck_talent_ft_avail_v6,reconstructed,UTA,PHI,29,28,0,0,-14.274,0.42262,PHI,0.57738,,,,,210.0,-250.0,250.0,-300.0,0.27586,espnbet,111.0,114.0,0.0,7.5,-110.0,-110.0,,,,,,,,,,,,,,,,,,,,,,
401705000,2024-12-28,2025,2024-12-29T03:00Z,,fourfactors_hl25_b2b_carry25_phase_luck_talent_ft_avail_v6,reconstructed,POR,DAL,30,31,0,1,-48.883,0.34453,DAL,0.65547,,,,,150.0,-175.0,130.0,-150.0,0.42017,espnbet,126.0,122.0,1.0,3.5,-115.0,-105.0,,,,,,,,,,,,,,,,,,,,,,
401705001,2024-12-28,2025,2024-12-29T03:30Z,,fourfactors_hl25_b2b_carry25_phase_luck_talent_ft_avail_v6,reconstructed,LAL,SAC,30,31,0,0,-6.816,0.49634,SAC,0.50366,,,,,-130.0,110.0,135.0,-165.0,0.40597,espnbet,132.0,122.0,1.0,3.5,-105.0,-115.0,,,,,,,,,,,,,,,,,,,,,,
401705002,2024-12-29,2025,2024-12-29T20:30Z,,fourfactors_hl25_b2b_carry25_phase_luck_talent_ft_avail_v6,reconstructed,ORL,BRK,33,31,0,0,19.636,0.72578,ORL,0.72578,,,,,-190.0,160.0,-350.0,275.0,0.74468,espnbet,102.0,101.0,1.0,-7.5,-110.0,-110.0,,,,,,,,,,,,,,,,,,,,,,
401705003,2024-12-29,2025,2024-12-29T23:00Z,,fourfactors_hl25_b2b_carry25_phase_luck_talent_ft_avail_v6,reconstructed,BOS,IND,31,32,0,0,32.163,0.80677,BOS,0.80677,,,,,-750.0,475.0,-525.0,400.0,0.80769,espnbet,114.0,123.0,0.0,-10.5,-110.0,-110.0,,,,,,,,,,,,,,,,,,,,,,
401705004,2024-12-29,2025,2024-12-29T23:00Z,,fourfactors_hl25_b2b_carry25_phase_luck_talent_ft_avail_v6,reconstructed,TOR,ATL,31,32,0,1,-13.792,0.47775,ATL,0.52225,,,,,100.0,-120.0,-110.0,-110.0,0.5,espnbet,107.0,136.0,0.0,-1.5,-105.0,-115.0,,,,,,,,,,,,,,,,,,,,,,
401705005,2024-12-29,2025,2024-12-30T00:00Z,,fourfactors_hl25_b2b_carry25_phase_luck_talent_ft_avail_v6,reconstructed,HOU,MIA,31,29,0,1,10.817,0.75643,HOU,0.75643,,,,,-280.0,230.0,-340.0,270.0,0.74087,espnbet,100.0,104.0,0.0,-8.5,100.0,-120.0,,,,,,,,,,,,,,,,,,,,,,
401705006,2024-12-29,2025,2024-12-30T00:00Z,,fourfactors_hl25_b2b_carry25_phase_luck_talent_ft_avail_v6,reconstructed,OKC,MEM,30,32,1,0,0.724,0.62303,OKC,0.62303,,,,,-300.0,250.0,-300.0,245.0,0.72125,espnbet,130.0,106.0,1.0,-8.5,-105.0,-115.0,,,,,,,,,,,,,,,,,,,,,,
401705007,2024-12-29,2025,2024-12-30T02:00Z,,fourfactors_hl25_b2b_carry25_phase_luck_talent_ft_avail_v6,reconstructed,MIN,SAS,30,31,0,0,4.475,0.62847,MIN,0.62847,,,,,-290.0,240.0,-230.0,190.0,0.66901,espnbet,112.0,110.0,1.0,-6.5,-110.0,-110.0,,,,,,,,,,,,,,,,,,,,,,
401705008,2024-12-30,2025,2024-12-31T00:00Z,,fourfactors_hl25_b2b_carry25_phase_luck_talent_ft_avail_v6,reconstructed,CHO,CHI,31,32,0,0,-17.031,0.39945,CHI,0.60055,,,,,210.0,-250.0,150.0,-175.0,0.38596,espnbet,108.0,115.0,0.0,4.5,-110.0,-110.0,,,,,,,,,,,,,,,,,,,,,,
401705009,2024-12-30,2025,2024-12-31T00:00Z,,fourfactors_hl25_b2b_carry25_phase_luck_talent_ft_avail_v6,reconstructed,WAS,NYK,29,32,0,0,-58.537,0.12241,NYK,0.87759,,,,,400.0,-600.0,550.0,-900.0,0.14599,espnbet,106.0,126.0,0.0,12.5,-110.0,-110.0,,,,,,,,,,,,,,,,,,,,,,
401705010,2024-12-30,2025,2024-12-31T01:00Z,,fourfactors_hl25_b2b_carry25_phase_luck_talent_ft_avail_v6,reconstructed,NOP,LAC,32,31,0,0,-33.883,0.40371,LAC,0.59629,,,,,195.0,-230.0,155.0,-185.0,0.37661,espnbet,113.0,116.0,0.0,4.5,100.0,-120.0,,,,,,,,,,,,,,,,,,,,,,
401705011,2024-12-30,2025,2024-12-31T02:00Z,,fourfactors_hl25_b2b_carry25_phase_luck_talent_ft_avail_v6,reconstructed,UTA,DEN,30,30,0,0,-37.439,0.26344,DEN,0.73656,,,,,290.0,-380.0,240.0,-300.0,0.28169,espnbet,121.0,132.0,0.0,7.5,-110.0,-110.0,,,,,,,,,,,,,,,,,,,,,,
401705012,2024-12-30,2025,2024-12-31T03:00Z,,fourfactors_hl25_b2b_carry25_phase_luck_talent_ft_avail_v6,reconstructed,GSW,CLE,31,31,0,0,-34.837,0.28159,CLE,0.71841,,,,,135.0,-155.0,135.0,-155.0,0.41179,espnbet,95.0,113.0,0.0,3.5,-110.0,-110.0,,,,,,,,,,,,,,,,,,,,,,
401705013,2024-12-30,2025,2024-12-31T03:00Z,,fourfactors_hl25_b2b_carry25_phase_luck_talent_ft_avail_v6,reconstructed,POR,PHI,31,29,0,0,-20.333,0.28861,PHI,0.71139,,,,,200.0,-240.0,235.0,-290.0,0.28645,espnbet,103.0,125.0,0.0,6.5,-105.0,-115.0,,,,,,,,,,,,,,,,,,,,,,
401705014,2024-12-30,2025,2024-12-31T03:00Z,,fourfactors_hl25_b2b_carry25_phase_luck_talent_ft_avail_v6,reconstructed,SAC,DAL,32,32,0,0,-17.97,0.7404,SAC,0.7404,,,,,-155.0,135.0,-330.0,260.0,0.73424,espnbet,110.0,100.0,1.0,-7.5,-120.0,100.0,,,,,,,,,,,,,,,,,,,,,,
401705015,2024-12-31,2025,2024-12-31T20:00Z,,fourfactors_hl25_b2b_carry25_phase_luck_talent_ft_avail_v6,reconstructed,BOS,TOR,32,32,0,0,46.98,0.91841,BOS,0.91841,,,,,-5000.0,1500.0,-2000.0,1000.0,0.91286,espnbet,125.0,71.0,1.0,-16.5,-115.0,-105.0,,,,,,,,,,,,,,,,,,,,,,
401705016,2024-12-31,2025,2024-12-31T20:00Z,,fourfactors_hl25_b2b_carry25_phase_luck_talent_ft_avail_v6,reconstructed,IND,MIL,33,30,0,0,-11.223,0.52124,IND,0.52124,,,,,-115.0,-105.0,110.0,-130.0,0.45726,espnbet,112.0,120.0,0.0,1.5,-105.0,-115.0,,,,,,,,,,,,,,,,,,,,,,
401705017,2024-12-31,2025,2025-01-01T00:00Z,,fourfactors_hl25_b2b_carry25_phase_luck_talent_ft_avail_v6,reconstructed,SAS,LAC,32,32,0,1,-3.443,0.63187,SAS,0.63187,,,,,-140.0,120.0,-155.0,135.0,0.58821,espnbet,122.0,86.0,1.0,-3.5,-105.0,-115.0,,,,,,,,,,,,,,,,,,,,,,
401705018,2024-12-31,2025,2025-01-01T01:00Z,,fourfactors_hl25_b2b_carry25_phase_luck_talent_ft_avail_v6,reconstructed,OKC,MIN,31,31,0,0,26.147,0.73334,OKC,0.73334,,,,,-300.0,250.0,-260.0,215.0,0.69466,espnbet,113.0,105.0,1.0,-6.5,-105.0,-115.0,,,,,,,,,,,,,,,,,,,,,,
401705019,2024-12-31,2025,2025-01-01T02:00Z,,fourfactors_hl25_b2b_carry25_phase_luck_talent_ft_avail_v6,reconstructed,PHO,MEM,31,33,0,0,-28.266,0.55979,PHO,0.55979,,,,,-320.0,260.0,-220.0,180.0,0.65812,espnbet,112.0,117.0,0.0,-5.5,-115.0,-105.0,,,,,,,,,,,,,,,,,,,,,,
401705020,2024-12-31,2025,2025-01-01T02:00Z,,fourfactors_hl25_b2b_carry25_phase_luck_talent_ft_avail_v6,reconstructed,LAL,CLE,31,32,0,1,-42.342,0.28351,CLE,0.71649,,,,,125.0,-145.0,150.0,-180.0,0.38356,espnbet,110.0,122.0,0.0,4.5,-105.0,-115.0,,,,,,,,,,,,,,,,,,,,,,
401705021,2025-01-01,2025,2025-01-02T00:00Z,,fourfactors_hl25_b2b_carry25_phase_luck_talent_ft_avail_v6,reconstructed,DET,ORL,32,34,0,0,-7.465,0.5677,DET,0.5677,,,,,-130.0,110.0,-135.0,115.0,0.55259,espnbet,105.0,96.0,1.0,-2.5,-105.0,-115.0,,,,,,,,,,,,,,,,,,,,,,
401705022,2025-01-01,2025,2025-01-02T00:00Z,,fourfactors_hl25_b2b_carry25_phase_luck_talent_ft_avail_v6,reconstructed,WAS,CHI,30,33,0,0,-31.062,0.39358,CHI,0.60642,,,,,165.0,-195.0,200.0,-245.0,0.31944,espnbet,125.0,107.0,1.0,6.5,-115.0,-105.0,,,,,,,,,,,,,,,,,,,,,,
401705023,2025-01-01,2025,2025-01-02T00:30Z,,fourfactors_hl25_b2b_carry25_phase_luck_talent_ft_avail_v6,reconstructed,MIA,NOP,30,33,0,0,34.663,0.75713,MIA,0.75713,,,,,-425.0,320.0,-380.0,300.0,0.76,espnbet,119.0,108.0,1.0,-8.5,-115.0,-105.0,,,,,,,,,,,,,,,,,,,,,,
401705024,2025-01-01,2025,2025-01-02T00:30Z,,fourfactors_hl25_b2b_carry25_phase_luck_talent_ft_avail_v6,reconstructed,NYK,UTA,33,31,0,0,48.23,0.85534,NYK,0.85534,,,,,-1600.0,800.0,-700.0,500.0,0.84,espnbet,119.0,103.0,1.0,-11.5,-120.0,100.0,,,,,,,,,,,,,,,,,,,,,,
401705025,2025-01-01,2025,2025-01-02T00:30Z,,fourfactors_hl25_b2b_carry25_phase_luck_talent_ft_avail_v6,reconstructed,TOR,BRK,33,32,1,0,-5.189,0.4887,BRK,0.5113,,,,,-110.0,-110.0,-120.0,100.0,0.52174,espnbet,130.0,113.0,1.0,-1.5,-105.0,-115.0,,,,,,,,,,,,,,,,,,,,,,
401705026,2025-01-01,2025,2025-01-02T01:00Z,,fourfactors_hl25_b2b_carry25_phase_luck_talent_ft_avail_v6,reconstructed,HOU,DAL,32,33,0,0,-2.209,0.74619,HOU,0.74619,,,,,-225.0,190.0,-200.0,165.0,0.63855,espnbet,110.0,99.0,1.0,-4.5,-115.0,-105.0,,,,,,,,,,,,,,,,,,,,,,
401705027,2025-01-01,2025,2025-01-02T02:00Z,,fourfactors_hl25_b2b_carry25_phase_luck_talent_ft_avail_v6,reconstructed,DEN,ATL,31,33,0,0,13.84,0.77876,DEN,0.77876,,,,,-200.0,170.0,-350.0,275.0,0.74468,espnbet,139.0,120.0,1.0,-8.5,-110.0,-110.0,,,,,,,,,,,,,,,,,,,,,,
401705028,2025-01-01,2025,2025-01-02T03:00Z,,fourfactors_hl25_b2b_carry25_phase_luck_talent_ft_avail_v6,reconstructed,SAC,PHI,33,30,0,0,5.206,0.67207,SAC,0.67207,,,,,-290.0,240.0,-240.0,200.0,0.67925,espnbet,113.0,107.0,1.0,-6.5,100.0,-120.0,,,,,,,,,,,,,,,,,,,,,,
401705029,2025-01-02,2025,2025-01-03T00:30Z,,fourfactors_hl25_b2b_carry25_phase_luck_talent_ft_avail_v6,reconstructed,MIA,IND,31,34,1,0,10.153,0.58005,MIA,0.58005,,,,,-135.0,115.0,-140.0,120.0,0.56204,espnbet,115.0,128.0,0.0,-2.5,-110.0,-110.0,,,,,,,,,,,,,,,,,,,,,,
401705030,2025-01-02,2025,2025-01-03T00:30Z,,fourfactors_hl25_b2b_carry25_phase_luck_talent_ft_avail_v6,reconstructed,MIN,BOS,32,33,0,0,-27.93,0.34672,BOS,0.65328,,,,,145.0,-170.0,120.0,-140.0,0.43796,espnbet,115.0,118.0,0.0,2.5,100.0,-120.0,,,,,,,,,,,,,,,,,,,,,,
401705031,2025-01-02,2025,2025-01-03T01:00Z,,fourfactors_hl25_b2b_carry25_phase_luck_talent_ft_avail_v6,reconstructed,MIL,BRK,31,33,0,1,34.785,0.86307,MIL,0.86307,,,,,-1000.0,600.0,-800.0,500.0,0.84211,espnbet,110.0,113.0,0.0,-12.5,-105.0,-115.0,,,,,,,,,,,,,,,,,,,,,,
401705032,2025-01-02,2025,2025-01-03T01:00Z,,fourfactors_hl25_b2b_carry25_phase_luck_talent_ft_avail_v6,reconstructed,OKC,LAC,32,33,0,0,31.869,0.84861,OKC,0.84861,,,,,-500.0,360.0,-800.0,500.0,0.84211,espnbet,116.0,98.0,1.0,-12.5,100.0,-120.0,,,,,,,,,,,,,,,,,,,,,,
401705033,2025-01-02,2025,2025-01-03T03:00Z,,fourfactors_hl25_b2b_carry25_phase_luck_talent_ft_avail_v6,reconstructed,GSW,PHI,32,31,0,1,5.432,0.6256,GSW,0.6256,,,,,-140.0,120.0,-155.0,135.0,0.58821,espnbet,139.0,105.0,1.0,-3.5,-115.0,-105.0,,,,,,,,,,,,,,,,,,,,,,
401705034,2025-01-02,2025,2025-01-03T03:30Z,,fourfactors_hl25_b2b_carry25_phase_luck_talent_ft_avail_v6,reconstructed,LAL,POR,32,32,0,0,25.187,0.76478,LAL,0.76478,,,,,-380.0,290.0,-275.0,220.0,0.7012,espnbet,114.0,106.0,1.0,-6.5,-110.0,-110.0,,,,,,,,,,,,,,,,,,,,,,
401705035,2025-01-03,2025,2025-01-04T00:00Z,,fourfactors_hl25_b2b_carry25_phase_luck_talent_ft_avail_v6,reconstructed,DET,CHO,33,32,0,0,15.294,0.75067,DET,0.75067,,,,,-200.0,170.0,-300.0,240.0,0.71831,espnbet,98.0,94.0,1.0,-7.5,-115.0,-105.0,,,,,,,,,,,,,,,,,,,,,,
401705036,2025-01-03,2025,2025-01-04T00:30Z,,fourfactors_hl25_b2b_carry25_phase_luck_talent_ft_avail_v6,reconstructed,TOR,ORL,34,35,0,0,-19.532,0.46468,ORL,0.53532,,,,,105.0,-125.0,105.0,-125.0,0.46753,espnbet,97.0,106.0,0.0,1.5,-110.0,-110.0,,,,,,,,,,,,,,,,,,,,,,
401705037,2025-01-03,2025,2025-01-04T01:00Z,,fourfactors_hl25_b2b_carry25_phase_luck_talent_ft_avail_v6,reconstructed,HOU,BOS,33,34,0,1,-19.217,0.39455,BOS,0.60545,,,,,115.0,-135.0,145.0,-175.0,0.39076,espnbet,86.0,109.0,0.0,3.5,100.0,-120.0,,,,,,,,,,,,,,,,,,,,,,
401705038,2025-01-03,2025,2025-01-04T01:00Z,,fourfactors_hl25_b2b_carry25_phase_luck_talent_ft_avail_v6,reconstructed,NOP,WAS,34,31,0,0,4.161,0.73475,NOP,0.73475,,,,,-190.0,160.0,-320.0,260.0,0.73282,espnbet,132.0,120.0,1.0,-7.5,-115.0,-105.0,,,,,,,,,,,,,,,,,,,,,,
401705039,2025-01-03,2025,2025-01-04T01:00Z,,fourfactors_hl25_b2b_carry25_phase_luck_talent_ft_avail_v6,reconstructed,OKC,NYK,33,34,1,0,5.13,0.64253,OKC,0.64253,,,,,-200.0,170.0,-175.0,145.0,0.60924,espnbet,117.0,107.0,1.0,-4.5,-105.0,-115.0,,,,,,,,,,,,,,,,,,,,,,
401705040,2025-01-03,2025,2025-01-04T01:30Z,,fourfactors_hl25_b2b_carry25_phase_luck_talent_ft_avail_v6,reconstructed,DAL,CLE,34,33,0,0,-23.672,0.35038,CLE,0.64962,,,,,155.0,-185.0,340.0,-450.0,0.21739,espnbet,122.0,134.0,0.0,9.5,-110.0,-110.0,,,,,,,,,,,,,,,,,,,,,,
401705041,2025-01-03,2025,2025-01-04T02:00Z,,fourfactors_hl25_b2b_carry25_phase_luck_talent_ft_avail_v6,reconstructed,DEN,SAS,32,33,0,0,11.268,0.72218,DEN,0.72218,,,,,-195.0,165.0,-230.0,190.0,0.66901,espnbet,110.0,113.0,0.0,-5.5,-120.0,100.0,,,,,,,,,,,,,,,,,,,,,,
401705042,2025-01-03,2025,2025-01-04T03:00Z,,fourfactors_hl25_b2b_carry25_phase_luck_talent_ft_avail_v6,reconstructed,SAC,MEM,34,34,0,0,-21.891,0.62212,SAC,0.62212,,,,,-190.0,160.0,-170.0,140.0,0.60177,espnbet,138.0,133.0,1.0,-3.5,-110.0,-110.0,,,,,,,,,,,,,,,,,,,,,,
401705043,2025-01-03,2025,2025-01-04T03:30Z,,fourfactors_hl25_b2b_carry25_phase_luck_talent_ft_avail_v6,reconstructed,LAL,ATL,33,34,1,0,-2.289,0.49814,ATL,0.50186,,,,,-170.0,145.0,-145.0,120.0,0.5656,espnbet,119.0,102.0,1.0,-1.5,-120.0,100.0,,,,,,,,,,,,,,,,,,,,,,
401705044,2025-01-04,2025,2025-01-04T23:00Z,,fourfactors_hl25_b2b_carry25_phase_luck_talent_ft_avail_v6,reconstructed,BRK,PHI,34,32,0,0,-14.268,0.31841,PHI,0.68159,,,,,230.0,-280.0,315.0,-400.0,0.23148,espnbet,94.0,123.0,0.0,9.5,-115.0,-105.0,,,,,,,,,,,,,,,,,,,,,,
401705045,2025-01-04,2025,2025-01-05T00:00Z,,fourfactors_hl25_b2b_carry25_phase_luck_talent_ft_avail_v6,reconstructed,DET,MIN,34,33,1,0,-9.689,0.33496,MIN,0.66504,,,,,180.0,-215.0,215.0,-260.0,0.30534,espnbet,119.0,105.0,1.0,6.5,-110.0,-110.0,,,,,,,,,,,,,,,,,,,,,,
401705046,2025-01-04,2025,2025-01-05T00:00Z,,fourfactors_hl25_b2b_carry25_phase_luck_talent_ft_avail_v6,reconstructed,IND,PHO,35,32,0,0,3.674,0.69019,IND,0.69019,,,,,-130.0,110.0,-150.0,125.0,0.57447,espnbet,126.0,108.0,1.0,-2.5,-115.0,-105.0,,,,,,,,,,,,,,,,,,,,,,
401705047,2025-01-04,2025,2025-01-05T01:00Z,,fourfactors_hl25_b2b_carry25_phase_luck_talent_ft_avail_v6,reconstructed,MIA,UTA,32,32,0,0,30.78,0.76367,MIA,0.76367,,,,,-380.0,290.0,-400.0,300.0,0.7619,espnbet,100.0,136.0,0.0,-8.5,-115.0,-105.0,,,,,,,,,,,,,,,,,,,,,,
401705048,2025-01-04,2025,2025-01-05T01:00Z,,fourfactors_hl25_b2b_carry25_phase_luck_talent_ft_avail_v6,reconstructed,CHI,NYK,34,35,0,1,-30.546,0.30642,NYK,0.69358,,,,,210.0,-250.0,180.0,-220.0,0.34188,espnbet,139.0,126.0,1.0,5.5,-105.0,-115.0,,,,,,,,,,,,,,,,,,,,,,
401705049,2025-01-04,2025,2025-01-05T01:00Z,,fourfactors_hl25_b2b_carry25_phase_luck_talent_ft_avail_v6,reconstructed,MIL,POR,32,33,0,0,38.015,0.87107,MIL,0.87107,,,,,-900.0,550.0,-800.0,500.0,0.84211,espnbet,102.0,105.0,0.0,-11.5,-120.0,100.0,,,,,,,,,,,,,,,,,,,,,,
401705050,2025-01-04,2025,2025-01-05T01:00Z,,fourfactors_hl25_b2b_carry25_phase_luck_talent_ft_avail_v6,reconstructed,SAS,DEN,34,33,1,1,-10.352,0.44295,DEN,0.55705,,,,,110.0,-130.0,125.0,-150.0,0.42553,espnbet,111.0,122.0,0.0,3.5,-115.0,-105.0,,,,,,,,,,,,,,,,,,,,,,
401705051,2025-01-04,2025,2025-01-05T01:30Z,,fourfactors_hl25_b2b_carry25_phase_luck_talent_ft_avail_v6,reconstructed,GSW,MEM,33,35,0,1,-17.286,0.53492,GSW,0.53492,,,,,-230.0,195.0,-150.0,125.0,0.57447,espnbet,121.0,113.0,1.0,-3.5,-105.0,-115.0,,,,,,,,,,,,,,,,,,,,,,
401705052,2025-01-04,2025,2025-01-05T03:30Z,,fourfactors_hl25_b2b_carry25_phase_luck_talent_ft_avail_v6,reconstructed,LAC,ATL,34,35,0,1,0.084,0.5447,LAC,0.5447,,,,,-145.0,125.0,-275.0,220.0,0.7012,espnbet,131.0,105.0,1.0,-7.5,-105.0,-115.0,,,,,,,,,,,,,,,,,,,,,,
401705053,2025-01-05,2025,2025-01-05T20:30Z,,fourfactors_hl25_b2b_carry25_phase_luck_talent_ft_avail_v6,reconstructed,OKC,BOS,34,35,0,0,-4.187,0.42675,BOS,0.57325,,,,,-130.0,110.0,-110.0,-110.0,0.5,espnbet,105.0,92.0,1.0,-0.5,-110.0,-110.0,,,,,,,,,,,,,,,,,,,,,,
401705054,2025-01-05,2025,2025-01-05T23:00Z,,fourfactors_hl25_b2b_carry25_phase_luck_talent_ft_avail_v6,reconstructed,CLE,CHO,34,33,0,0,62.583,0.92843,CLE,0.92843,,,,,-1800.0,900.0,-1400.0,800.0,0.89362,espnbet,115.0,105.0,1.0,-16.5,-105.0,-115.0,,,,,,,,,,,,,,,,,,,,,,
401705055,2025-01-05,2025,2025-01-05T23:00Z,,fourfactors_hl25_b2b_carry25_phase_luck_talent_ft_avail_v6,reconstructed,WAS,NOP,32,35,0,0,-7.34,0.39392,NOP,0.60608,,,,,145.0,-170.0,195.0,-230.0,0.32722,espnbet,98.0,110.0,0.0,5.5,-105.0,-115.0,,,,,,,,,,,,,,,,,,,,,,
401705056,2025-01-05,2025,2025-01-05T23:30Z,,fourfactors_hl25_b2b_carry25_phase_luck_talent_ft_avail_v6,reconstructed,ORL,UTA,36,33,0,1,19.469,0.75971,ORL,0.75971,,,,,-225.0,190.0,-425.0,320.0,0.77273,espnbet,92.0,105.0,0.0,-9.5,100.0,-120.0,,,,,,,,,,,,,,,,,,,,,,
401705057,2025-01-05,2025,2025-01-06T00:00Z,,fourfactors_hl25_b2b_carry25_phase_luck_talent_ft_avail_v6,reconstructed,HOU,LAL,34,34,0,0,8.413,0.59183,HOU,0.59183,,,,,-190.0,160.0,-185.0,155.0,0.62339,espnbet,119.0,115.0,1.0,-4.5,-105.0,-115.0,,,,,,,,,,,,,,,,,,,,,,
401705058,2025-01-05,2025,2025-01-06T01:30Z,,fourfactors_hl25_b2b_carry25_phase_luck_talent_ft_avail_v6,reconstructed,GSW,SAC,34,35,1,0,4.428,0.35601,SAC,0.64399,,,,,-115.0,-105.0,-160.0,135.0,0.59119,espnbet,99.0,129.0,0.0,-3.5,-105.0,-115.0,,,,,,,,,,,,,,,,,,,,,,
401705059,2025-01-06,2025,2025-01-07T00:00Z,,fourfactors_hl25_b2b_carry25_phase_luck_talent_ft_avail_v6,reconstructed,DET,POR,35,34,0,0,22.165,0.71922,DET,0.71922,,,,,-225.0,190.0,-230.0,190.0,0.66901,espnbet,118.0,115.0,1.0,-6.5,-105.0,-115.0,,,,,,,,,,,,,,,,,,,,,,
401705060,2025-01-06,2025,2025-01-07T00:00Z,,fourfactors_hl25_b2b_carry25_phase_luck_talent_ft_avail_v6,reconstructed,PHI,PHO,33,33,0,0,0.528,0.51343,PHI,0.51343,,,,,-155.0,135.0,110.0,-130.0,0.45726,espnbet,99.0,109.0,0.0,1.5,-110.0,-110.0,,,,,,,,,,,,,,,,,,,,,,
401705061,2025-01-06,2025,2025-01-07T00:30Z,,fourfactors_hl25_b2b_carry25_phase_luck_talent_ft_avail_v6,reconstructed,BRK,IND,35,36,0,0,-26.629,0.25571,IND,0.74429,,,,,280.0,-360.0,400.0,-550.0,0.19118,espnbet,99.0,113.0,0.0,11.5,-110.0,-110.0,,,,,,,,,,,,,,,,,,,,,,
401705062,2025-01-06,2025,2025-01-07T00:30Z,,fourfactors_hl25_b2b_carry25_phase_luck_talent_ft_avail_v6,reconstructed,NYK,ORL,36,37,0,1,24.741,0.82364,NYK,0.82364,,,,,-750.0,475.0,-500.0,375.0,0.79832,espnbet,94.0,103.0,0.0,-10.5,-110.0,-110.0,,,,,,,,,,,,,,,,,,,,,,
401705063,2025-01-06,2025,2025-01-07T00:30Z,,fourfactors_hl25_b2b_carry25_phase_luck_talent_ft_avail_v6,reconstructed,TOR,MIL,35,33,0,0,-31.066,0.32449,MIL,0.67551,,,,,250.0,-300.0,190.0,-230.0,0.33099,espnbet,104.0,128.0,0.0,6.5,-120.0,100.0,,,,,,,,,,,,,,,,,,,,,,
401705064,2025-01-06,2025,2025-01-07T01:00Z,,fourfactors_hl25_b2b_carry25_phase_luck_talent_ft_avail_v6,reconstructed,CHI,SAS,35,35,0,0,-7.123,0.45026,SAS,0.54974,,,,,105.0,-125.0,120.0,-145.0,0.4344,espnbet,114.0,110.0,1.0,2.5,-105.0,-115.0,,,,,,,,,,,,,,,,,,,,,,
401705065,2025-01-06,2025,2025-01-07T01:00Z,,fourfactors_hl25_b2b_carry25_phase_luck_talent_ft_avail_v6,reconstructed,MEM,DAL,36,35,0,0,4.997,0.60023,MEM,0.60023,,,,,-170.0,145.0,-185.0,155.0,0.62339,espnbet,119.0,104.0,1.0,-4.5,-110.0,-110.0,,,,,,,,,,,,,,,,,,,,,,
401705066,2025-01-06,2025,2025-01-07T01:00Z,,fourfactors_hl25_b2b_carry25_phase_luck_talent_ft_avail_v6,reconstructed,MIN,LAC,34,35,0,0,1.195,0.59637,MIN,0.59637,,,,,-145.0,125.0,-135.0,115.0,0.55259,espnbet,108.0,106.0,1.0,-2.5,100.0,-120.0,,,,,,,,,,,,,,,,,,,,,,
401705067,2025-01-06,2025,2025-01-07T03:00Z,,fourfactors_hl25_b2b_carry25_phase_luck_talent_ft_avail_v6,reconstructed,SAC,MIA,36,33,1,0,4.834,0.63016,SAC,0.63016,,,,,-140.0,120.0,-180.0,150.0,0.61644,espnbet,123.0,118.0,1.0,-3.5,-115.0,-105.0,,,,,,,,,,,,,,,,,,,,,,
401705068,2025-01-07,2025,2025-01-08T00:00Z,,fourfactors_hl25_b2b_carry25_phase_luck_talent_ft_avail_v6,reconstructed,CHO,PHO,34,34,0,1,-17.129,0.33795,PHO,0.66205,,,,,150.0,-175.0,165.0,-200.0,0.36145,espnbet,115.0,104.0,1.0,4.5,-105.0,-115.0,,,,,,,,,,,,,,,,,,,,,,
401705069,2025-01-07,2025,2025-01-08T00:00Z,,fourfactors_hl25_b2b_carry25_phase_luck_talent_ft_avail_v6,reconstructed,WAS,HOU,33,35,0,0,-41.189,0.22272,HOU,0.77728,,,,,340.0,-450.0,600.0,-900.0,0.13699,espnbet,112.0,135.0,0.0,13.5,-110.0,-110.0,,,,,,,,,,,,,,,,,,,,,,
401705070,2025-01-07,2025,2025-01-08T00:30Z,,fourfactors_hl25_b2b_carry25_phase_luck_talent_ft_avail_v6,reconstructed,DAL,LAL,36,35,1,0,12.403,0.4276,LAL,0.5724,,,,,135.0,-155.0,200.0,-245.0,0.31944,espnbet,118.0,97.0,1.0,5.5,100.0,-120.0,,,,,,,,,,,,,,,,,,,,,,
401705071,2025-01-07,2025,2025-01-08T01:00Z,,fourfactors_hl25_b2b_carry25_phase_luck_talent_ft_avail_v6,reconstructed,NOP,MIN,36,35,0,1,-25.262,0.488,MIN,0.512,,,,,190.0,-225.0,145.0,-175.0,0.39076,espnbet,97.0,104.0,0.0,3.5,-105.0,-115.0,,,,,,,,,,,,,,,,,,,,,,
401705072,2025-01-07,2025,2025-01-08T02:00Z,,fourfactors_hl25_b2b_carry25_phase_luck_talent_ft_avail_v6,reconstructed,UTA,ATL,34,36,0,0,-13.381,0.41949,ATL,0.58051,,,,,190.0,-225.0,180.0,-220.0,0.34188,espnbet,121.0,124.0,0.0,5.5,-110.0,-110.0,,,,,,,,,,,,,,,,,,,,,,
401705073,2025-01-07,2025,2025-01-08T03:00Z,,fourfactors_hl25_b2b_carry25_phase_luck_talent_ft_avail_v6,reconstructed,DEN,BOS,34,36,0,0,-15.976,0.3813,BOS,0.6187,,,,,145.0,-170.0,350.0,-450.0,0.21359,espnbet,106.0,118.0,0.0,10.5,-115.0,-105.0,,,,,,,,,,,,,,,,,,,,,,
401705074,2025-01-07,2025,2025-01-08T03:00Z,,fourfactors_hl25_b2b_carry25_phase_luck_talent_ft_avail_v6,reconstructed,GSW,MIA,35,34,0,1,3.571,0.61867,GSW,0.61867,,,,,-280.0,230.0,-380.0,300.0,0.76,espnbet,98.0,114.0,0.0,-9.5,100.0,-120.0,,,,,,,,,,,,,,,,,,,,,,
401705075,2025-01-08,2025,2025-01-09T00:00Z,,fourfactors_hl25_b2b_carry25_phase_luck_talent_ft_avail_v6,reconstructed,CLE,OKC,35,35,0,0,8.918,0.63774,CLE,0.63774,,,,,-130.0,110.0,-145.0,125.0,0.57112,espnbet,129.0,122.0,1.0,-2.5,-115.0,-105.0,,,,,,,,,,,,,,,,,,,,,,
401705076,2025-01-08,2025,2025-01-09T00:00Z,,fourfactors_hl25_b2b_carry25_phase_luck_talent_ft_avail_v6,reconstructed,IND,CHI,37,36,0,0,6.784,0.68051,IND,0.68051,,,,,-200.0,170.0,-200.0,170.0,0.64286,espnbet,129.0,113.0,1.0,-5.5,-105.0,-115.0,,,,,,,,,,,,,,,,,,,,,,
401705078,2025-01-08,2025,2025-01-09T00:00Z,,fourfactors_hl25_b2b_carry25_phase_luck_talent_ft_avail_v6,reconstructed,PHI,WAS,34,34,0,1,27.206,0.78168,PHI,0.78168,,,,,-600.0,400.0,-450.0,340.0,0.78261,espnbet,109.0,103.0,1.0,-10.5,-105.0,-115.0,,,,,,,,,,,,,,,,,,,,,,
401705077,2025-01-08,2025,2025-01-09T00:30Z,,fourfactors_hl25_b2b_carry25_phase_luck_talent_ft_avail_v6,reconstructed,NYK,TOR,37,36,0,0,44.519,0.81476,NYK,0.81476,,,,,-900.0,550.0,-900.0,550.0,0.85401,espnbet,112.0,98.0,1.0,-12.5,-105.0,-115.0,,,,,,,,,,,,,,,,,,,,,,
401705079,2025-01-08,2025,2025-01-09T00:30Z,,fourfactors_hl25_b2b_carry25_phase_luck_talent_ft_avail_v6,reconstructed,BRK,DET,36,36,0,0,-22.373,0.35216,DET,0.64784,,,,,220.0,-270.0,340.0,-450.0,0.21739,espnbet,98.0,113.0,0.0,9.5,-110.0,-110.0,,,,,,,,,,,,,,,,,,,,,,
401705080,2025-01-08,2025,2025-01-09T01:00Z,,fourfactors_hl25_b2b_carry25_phase_luck_talent_ft_avail_v6,reconstructed,NOP,POR,37,35,1,0,2.443,0.64828,NOP,0.64828,,,,,-140.0,120.0,-125.0,105.0,0.53247,espnbet,100.0,119.0,0.0,-1.5,-110.0,-110.0,,,,,,,,,,,,,,,,,,,,,,
401705081,2025-01-08,2025,2025-01-09T02:00Z,,fourfactors_hl25_b2b_carry25_phase_luck_talent_ft_avail_v6,reconstructed,DEN,LAC,35,36,1,0,14.529,0.47727,LAC,0.52273,,,,,100.0,-120.0,145.0,-170.0,0.3933,espnbet,126.0,103.0,1.0,3.5,-105.0,-115.0,,,,,,,,,,,,,,,,,,,,,,
401705082,2025-01-08,2025,2025-01-09T02:30Z,,fourfactors_hl25_b2b_carry25_phase_luck_talent_ft_avail_v6,reconstructed,MIL,SAS,34,36,0,0,8.201,0.69298,MIL,0.69298,,,,,-225.0,190.0,-200.0,165.0,0.63855,espnbet,121.0,105.0,1.0,-4.5,-115.0,-105.0,,,,,,,,,,,,,,,,,,,,,,
401705083,2025-01-09,2025,2025-01-10T00:00Z,,fourfactors_hl25_b2b_carry25_phase_luck_talent_ft_avail_v6,reconstructed,CLE,TOR,36,37,1,1,63.991,0.90344,CLE,0.90344,,,,,-1400.0,750.0,-1000.0,600.0,0.8642,espnbet,132.0,126.0,1.0,-13.5,-110.0,-110.0,,,,,,,,,,,,,,,,,,,,,,
401705084,2025-01-09,2025,2025-01-10T00:00Z,,fourfactors_hl25_b2b_carry25_phase_luck_talent_ft_avail_v6,reconstructed,DET,GSW,37,36,1,0,-2.969,0.54264,DET,0.54264,,,,,-145.0,125.0,125.0,-150.0,0.42553,espnbet,104.0,107.0,0.0,2.5,-105.0,-115.0,,,,,,,,,,,,,,,,,,,,,,
401705085,2025-01-09,2025,2025-01-10T00:00Z,,fourfactors_hl25_b2b_carry25_phase_luck_talent_ft_avail_v6,reconstructed,ORL,MIN,38,36,0,0,-4.056,0.36971,MIN,0.63029,,,,,145.0,-170.0,190.0,-230.0,0.33099,espnbet,89.0,104.0,0.0,5.5,-105.0,-115.0,,,,,,,,,,,,,,,,,,,,,,
401705087,2025-01-09,2025,2025-01-10T00:30Z,,fourfactors_hl25_b2b_carry25_phase_luck_talent_ft_avail_v6,reconstructed,DAL,POR,37,36,0,1,35.004,0.77492,DAL,0.77492,,,,,-280.0,230.0,-290.0,240.0,0.71657,espnbet,117.0,111.0,1.0,-7.5,-110.0,-110.0,,,,,,,,,,,,,,,,,,,,,,
401705086,2025-01-09,2025,2025-01-10T01:00Z,,fourfactors_hl25_b2b_carry25_phase_luck_talent_ft_avail_v6,reconstructed,MEM,HOU,37,36,0,0,9.678,0.57248,MEM,0.57248,,,,,-110.0,-110.0,-150.0,125.0,0.57447,espnbet,115.0,119.0,0.0,-2.5,-110.0,-110.0,,,,,,,,,,,,,,,,,,,,,,
401705088,2025-01-09,2025,2025-01-10T02:00Z,,fourfactors_hl25_b2b_carry25_phase_luck_talent_ft_avail_v6,reconstructed,PHO,ATL,35,37,0,0,-2.554,0.67553,PHO,0.67553,,,,,-195.0,165.0,-245.0,200.0,0.68056,espnbet,123.0,115.0,1.0,-5.5,-120.0,100.0,,,,,,,,,,,,,,,,,,,,,,
401705089,2025-01-09,2025,2025-01-10T02:00Z,,fourfactors_hl25_b2b_carry25_phase_luck_talent_ft_avail_v6,reconstructed,UTA,MIA,35,35,0,0,-22.141,0.38993,MIA,0.61007,,,,,145.0,-170.0,170.0,-200.0,0.35714,espnbet,92.0,97.0,0.0,5.5,-110.0,-110.0,,,,,,,,,,,,,,,,,,,,,,
401705091,2025-01-10,2025,2025-01-11T00:00Z,,fourfactors_hl25_b2b_carry25_phase_luck_talent_ft_avail_v6,reconstructed,IND,GSW,38,37,0,1,0.561,0.76281,IND,0.76281,,,,,-240.0,200.0,-530.0,390.0,0.80477,espnbet,108.0,96.0,1.0,-10.5,-115.0,-105.0,,,,,,,,,,,,,,,,,,,,,,
401705092,2025-01-10,2025,2025-01-11T00:00Z,,fourfactors_hl25_b2b_carry25_phase_luck_talent_ft_avail_v6,reconstructed,ORL,MIL,39,35,1,0,-15.581,0.28512,MIL,0.71488,,,,,130.0,-150.0,185.0,-230.0,0.33486,espnbet,106.0,109.0,0.0,6.5,-115.0,-105.0,,,,,,,,,,,,,,,,,,,,,,
401705093,2025-01-10,2025,2025-01-11T00:00Z,,fourfactors_hl25_b2b_carry25_phase_luck_talent_ft_avail_v6,reconstructed,PHI,NOP,35,38,0,0,19.323,0.66521,PHI,0.66521,,,,,-170.0,145.0,-290.0,230.0,0.71047,espnbet,115.0,123.0,0.0,-6.5,-120.0,100.0,,,,,,,,,,,,,,,,,,,,,,
401705094,2025-01-10,2025,2025-01-11T00:30Z,,fourfactors_hl25_b2b_carry25_phase_luck_talent_ft_avail_v6,reconstructed,BOS,SAC,37,37,0,0,25.668,0.80263,BOS,0.80263,,,,,-600.0,400.0,-750.0,475.0,0.83535,espnbet,97.0,114.0,0.0,-12.5,100.0,-120.0,,,,,,,,,,,,,,,,,,,,,,
401705095,2025-01-10,2025,2025-01-11T00:30Z,,fourfactors_hl25_b2b_carry25_phase_luck_talent_ft_avail_v6,reconstructed,NYK,OKC,38,36,0,0,-9.495,0.54442,NYK,0.54442,,,,,100.0,-120.0,120.0,-145.0,0.4344,espnbet,101.0,126.0,0.0,2.5,-105.0,-115.0,,,,,,,,,,,,,,,,,,,,,,
401705096,2025-01-10,2025,2025-01-11T01:00Z,,fourfactors_hl25_b2b_carry25_phase_luck_talent_ft_avail_v6,reconstructed,CHI,WAS,37,35,0,0,27.32,0.75259,CHI,0.75259,,,,,-700.0,450.0,-550.0,400.0,0.80882,espnbet,138.0,105.0,1.0,-10.5,-110.0,-110.0,,,,,,,,,,,,,,,,,,,,,,
401705097,2025-01-10,2025,2025-01-11T02:00Z,,fourfactors_hl25_b2b_carry25_phase_luck_talent_ft_avail_v6,reconstructed,DEN,BRK,36,37,0,0,44.801,0.82648,DEN,0.82648,,,,,-1000.0,600.0,-1200.0,700.0,0.88073,espnbet,124.0,105.0,1.0,-14.5,-115.0,-105.0,,,,,,,,,,,,,,,,,,,,,,
401705099,2025-01-11,2025,2025-01-11T22:00Z,,fourfactors_hl25_b2b_carry25_phase_luck_talent_ft_avail_v6,reconstructed,PHO,UTA,36,36,0,0,15.403,0.77272,PHO,0.77272,,,,,-700.0,450.0,-700.0,450.0,0.82796,espnbet,114.0,106.0,1.0,-10.5,-115.0,-105.0,,,,,,,,,,,,,,,,,,,,,,
401705100,2025-01-11,2025,2025-01-12T00:00Z,,fourfactors_hl25_b2b_carry25_phase_luck_talent_ft_avail_v6,reconstructed,DET,TOR,38,38,0,0,21.244,0.64748,DET,0.64748,,,,,-215.0,180.0,-210.0,175.0,0.6507,espnbet,123.0,114.0,1.0,-5.5,-105.0,-115.0,,,,,,,,,,,,,,,,,,,,,,
401705101,2025-01-11,2025,2025-01-12T01:00Z,,fourfactors_hl25_b2b_carry25_phase_luck_talent_ft_avail_v6,reconstructed,MIN,MEM,37,38,0,0,-14.195,0.52317,MIN,0.52317,,,,,-130.0,110.0,-130.0,110.0,0.54274,espnbet,125.0,127.0,0.0,-1.5,-120.0,100.0,,,,,,,,,,,,,,,,,,,,,,
401705102,2025-01-11,2025,2025-01-12T03:00Z,,fourfactors_hl25_b2b_carry25_phase_luck_talent_ft_avail_v6,reconstructed,POR,MIA,37,36,0,0,-23.926,0.31249,MIA,0.68751,,,,,145.0,-170.0,160.0,-190.0,0.3699,espnbet,98.0,119.0,0.0,4.5,-105.0,-115.0,,,,,,,,,,,,,,,,,,,,,,
401705105,2025-01-12,2025,2025-01-12T20:00Z,,fourfactors_hl25_b2b_carry25_phase_luck_talent_ft_avail_v6,reconstructed,NYK,MIL,39,36,0,0,3.316,0.61539,NYK,0.61539,,,,,-170.0,145.0,-185.0,155.0,0.62339,espnbet,140.0,106.0,1.0,-5.5,100.0,-120.0,,,,,,,,,,,,,,,,,,,,,,
401705106,2025-01-12,2025,2025-01-12T20:00Z,,fourfactors_hl25_b2b_carry25_phase_luck_talent_ft_avail_v6,reconstructed,DAL,DEN,38,37,0,0,-4.372,0.31758,DEN,0.68242,,,,,140.0,-165.0,190.0,-225.0,0.33248,espnbet,101.0,112.0,0.0,5.5,-110.0,-110.0,,,,,,,,,,,,,,,,,,,,,,
401705107,2025-01-12,2025,2025-01-12T20:30Z,,fourfactors_hl25_b2b_carry25_phase_luck_talent_ft_avail_v6,reconstructed,CHI,SAC,38,38,0,0,-8.901,0.33186,SAC,0.66814,,,,,125.0,-145.0,170.0,-200.0,0.35714,espnbet,119.0,124.0,0.0,5.5,-115.0,-105.0,,,,,,,,,,,,,,,,,,,,,,
401705108,2025-01-12,2025,2025-01-12T23:00Z,,fourfactors_hl25_b2b_carry25_phase_luck_talent_ft_avail_v6,reconstructed,BOS,NOP,38,39,0,0,50.438,0.94478,BOS,0.94478,,,,,-1400.0,750.0,-1400.0,750.0,0.88806,espnbet,120.0,119.0,1.0,-14.5,-110.0,-110.0,,,,,,,,,,,,,,,,,,,,,,
401705109,2025-01-12,2025,2025-01-12T23:00Z,,fourfactors_hl25_b2b_carry25_phase_luck_talent_ft_avail_v6,reconstructed,CLE,IND,37,39,0,0,33.659,0.71871,CLE,0.71871,,,,,-425.0,320.0,-380.0,300.0,0.76,espnbet,93.0,108.0,0.0,-8.5,-120.0,100.0,,,,,,,,,,,,,,,,,,,,,,
401705110,2025-01-12,2025,2025-01-12T23:00Z,,fourfactors_hl25_b2b_carry25_phase_luck_talent_ft_avail_v6,reconstructed,ORL,PHI,40,36,0,0,2.187,0.53988,ORL,0.53988,,,,,-135.0,115.0,-125.0,105.0,0.53247,espnbet,104.0,99.0,1.0,-1.5,-110.0,-110.0,,,,,,,,,,,,,,,,,,,,,,
401705111,2025-01-12,2025,2025-01-12T23:00Z,,fourfactors_hl25_b2b_carry25_phase_luck_talent_ft_avail_v6,reconstructed,WAS,OKC,36,37,0,0,-66.897,0.10612,OKC,0.89388,,,,,800.0,-1600.0,900.0,-1800.0,0.09548,espnbet,95.0,136.0,0.0,15.5,-105.0,-115.0,,,,,,,,,,,,,,,,,,,,,,
401705112,2025-01-12,2025,2025-01-13T01:00Z,,fourfactors_hl25_b2b_carry25_phase_luck_talent_ft_avail_v6,reconstructed,UTA,BRK,37,38,1,0,9.655,0.56579,UTA,0.56579,,,,,-145.0,125.0,-145.0,120.0,0.5656,espnbet,112.0,111.0,1.0,-3.5,100.0,-120.0,,,,,,,,,,,,,,,,,,,,,,
401705113,2025-01-12,2025,2025-01-13T02:00Z,,fourfactors_hl25_b2b_carry25_phase_luck_talent_ft_avail_v6,reconstructed,PHO,CHO,37,35,1,0,17.909,0.75436,PHO,0.75436,,,,,-340.0,270.0,-275.0,225.0,0.70443,espnbet,120.0,113.0,1.0,-6.5,-115.0,-105.0,,,,,,,,,,,,,,,,,,,,,,
401705114,2025-01-13,2025,2025-01-14T00:00Z,,fourfactors_hl25_b2b_carry25_phase_luck_talent_ft_avail_v6,reconstructed,WAS,MIN,37,38,1,0,-44.643,0.14237,MIN,0.85763,,,,,600.0,-1000.0,700.0,-1100.0,0.12,espnbet,106.0,120.0,0.0,14.5,-110.0,-110.0,,,,,,,,,,,,,,,,,,,,,,
401705115,2025-01-13,2025,2025-01-14T00:30Z,,fourfactors_hl25_b2b_carry25_phase_luck_talent_ft_avail_v6,reconstructed,NYK,DET,40,39,1,0,20.711,0.75931,NYK,0.75931,,,,,-280.0,230.0,-320.0,260.0,0.73282,espnbet,119.0,124.0,0.0,-7.5,-115.0,-105.0,,,,,,,,,,,,,,,,,,,,,,
401705116,2025-01-13,2025,2025-01-14T00:30Z,,fourfactors_hl25_b2b_carry25_phase_luck_talent_ft_avail_v6,reconstructed,TOR,GSW,39,38,0,0,-23.884,0.58775,TOR,0.58775,,,,,155.0,-185.0,185.0,-230.0,0.33486,espnbet,104.0,101.0,1.0,4.5,-105.0,-115.0,,,,,,,,,,,,,,,,,,,,,,
401705117,2025-01-13,2025,2025-01-14T01:00Z,,fourfactors_hl25_b2b_carry25_phase_luck_talent_ft_avail_v6,reconstructed,HOU,MEM,37,39,0,0,-6.915,0.53015,HOU,0.53015,,,,,-135.0,115.0,-140.0,115.0,0.55638,espnbet,120.0,118.0,1.0,-2.5,-110.0,-110.0,,,,,,,,,,,,,,,,,,,,,,
401705118,2025-01-13,2025,2025-01-14T03:30Z,,fourfactors_hl25_b2b_carry25_phase_luck_talent_ft_avail_v6,reconstructed,LAL,SAS,36,37,0,0,-2.732,0.60308,LAL,0.60308,,,,,-150.0,130.0,-175.0,145.0,0.60924,espnbet,102.0,126.0,0.0,-4.5,-105.0,-115.0,,,,,,,,,,,,,,,,,,,,,,
401705119,2025-01-13,2025,2025-01-14T03:30Z,,fourfactors_hl25_b2b_carry25_phase_luck_talent_ft_avail_v6,reconstructed,LAC,MIA,37,37,0,0,-9.138,0.55006,LAC,0.55006,,,,,-200.0,170.0,-320.0,250.0,0.72727,espnbet,109.0,98.0,1.0,-7.5,-120.0,100.0,,,,,,,,,,,,,,,,,,,,,,
401705120,2025-01-14,2025,2025-01-15T00:00Z,,fourfactors_hl25_b2b_carry25_phase_luck_talent_ft_avail_v6,reconstructed,IND,CLE,40,38,0,0,-29.111,0.27703,CLE,0.72297,,,,,200.0,-240.0,270.0,-340.0,0.25913,espnbet,117.0,127.0,0.0,8.5,-120.0,100.0,,,,,,,,,,,,,,,,,,,,,,
401705121,2025-01-14,2025,2025-01-15T00:00Z,,fourfactors_hl25_b2b_carry25_phase_luck_talent_ft_avail_v6,reconstructed,PHI,OKC,37,38,0,0,-40.701,0.13703,OKC,0.86297,,,,,500.0,-800.0,900.0,-1800.0,0.09548,espnbet,102.0,118.0,0.0,15.5,-110.0,-110.0,,,,,,,,,,,,,,,,,,,,,,
401705122,2025-01-14,2025,2025-01-15T00:30Z,,fourfactors_hl25_b2b_carry25_phase_luck_talent_ft_avail_v6,reconstructed,ATL,PHO,38,38,0,0,-3.252,0.41972,PHO,0.58028,,,,,110.0,-130.0,115.0,-135.0,0.44741,espnbet,122.0,117.0,1.0,2.5,-115.0,-105.0,,,,,,,,,,,,,,,,,,,,,,
401705123,2025-01-14,2025,2025-01-15T01:00Z,,fourfactors_hl25_b2b_carry25_phase_luck_talent_ft_avail_v6,reconstructed,CHI,NOP,39,40,0,0,18.903,0.52421,CHI,0.52421,,,,,-135.0,115.0,-125.0,105.0,0.53247,espnbet,113.0,119.0,0.0,-1.5,-115.0,-105.0,,,,,,,,,,,,,,,,,,,,,,
401705124,2025-01-14,2025,2025-01-15T01:00Z,,fourfactors_hl25_b2b_carry25_phase_luck_talent_ft_avail_v6,reconstructed,MIL,SAC,37,39,0,0,0.728,0.47232,SAC,0.52768,,,,,-135.0,115.0,-130.0,110.0,0.54274,espnbet,130.0,115.0,1.0,-2.5,-105.0,-115.0,,,,,,,,,,,,,,,,,,,,,,
401705125,2025-01-14,2025,2025-01-15T02:30Z,,fourfactors_hl25_b2b_carry25_phase_luck_talent_ft_avail_v6,reconstructed,DAL,DEN,39,38,0,0,-6.575,0.33973,DEN,0.66027,,,,,155.0,-185.0,115.0,-135.0,0.44741,espnbet,99.0,118.0,0.0,2.5,-110.0,-110.0,,,,,,,,,,,,,,,,,,,,,,
401705126,2025-01-14,2025,2025-01-15T03:00Z,,fourfactors_hl25_b2b_carry25_phase_luck_talent_ft_avail_v6,reconstructed,POR,BRK,38,39,0,0,5.382,0.50523,POR,0.50523,,,,,-275.0,225.0,-170.0,140.0,0.60177,espnbet,114.0,132.0,0.0,-3.5,-105.0,-115.0,,,,,,,,,,,,,,,,,,,,,,
401705127,2025-01-15,2025,2025-01-16T00:00Z,,fourfactors_hl25_b2b_carry25_phase_luck_talent_ft_avail_v6,reconstructed,PHI,NYK,38,41,1,0,-26.865,0.1959,NYK,0.8041,,,,,220.0,-270.0,175.0,-210.0,0.3493,espnbet,119.0,125.0,0.0,5.5,-110.0,-110.0,,,,,,,,,,,,,,,,,,,,,,
401705128,2025-01-15,2025,2025-01-16T00:30Z,,fourfactors_hl25_b2b_carry25_phase_luck_talent_ft_avail_v6,reconstructed,TOR,BOS,40,39,0,0,-48.393,0.10027,BOS,0.89973,,,,,500.0,-800.0,750.0,-1400.0,0.11194,espnbet,110.0,97.0,1.0,13.5,-105.0,-115.0,,,,,,,,,,,,,,,,,,,,,,
401705129,2025-01-15,2025,2025-01-16T01:00Z,,fourfactors_hl25_b2b_carry25_phase_luck_talent_ft_avail_v6,reconstructed,CHI,ATL,40,39,1,1,1.865,0.62525,CHI,0.62525,,,,,-130.0,110.0,-250.0,200.0,0.68182,espnbet,94.0,110.0,0.0,-6.5,-105.0,-115.0,,,,,,,,,,,,,,,,,,,,,,
401705130,2025-01-15,2025,2025-01-16T01:00Z,,fourfactors_hl25_b2b_carry25_phase_luck_talent_ft_avail_v6,reconstructed,MIL,ORL,38,41,1,0,11.672,0.71362,MIL,0.71362,,,,,-225.0,190.0,-250.0,210.0,0.68889,espnbet,122.0,93.0,1.0,-6.5,-105.0,-115.0,,,,,,,,,,,,,,,,,,,,,,
401705132,2025-01-15,2025,2025-01-16T01:00Z,,fourfactors_hl25_b2b_carry25_phase_luck_talent_ft_avail_v6,reconstructed,NOP,DAL,41,40,1,1,-28.573,0.49741,DAL,0.50259,,,,,-105.0,-115.0,-115.0,-105.0,0.51083,espnbet,119.0,116.0,1.0,-1.5,-105.0,-115.0,,,,,,,,,,,,,,,,,,,,,,
401705133,2025-01-15,2025,2025-01-16T01:00Z,,fourfactors_hl25_b2b_carry25_phase_luck_talent_ft_avail_v6,reconstructed,SAS,MEM,38,40,0,0,-13.977,0.45677,MEM,0.54323,,,,,135.0,-155.0,120.0,-140.0,0.43796,espnbet,115.0,129.0,0.0,2.5,-110.0,-110.0,,,,,,,,,,,,,,,,,,,,,,
401705134,2025-01-15,2025,2025-01-16T02:00Z,,fourfactors_hl25_b2b_carry25_phase_luck_talent_ft_avail_v6,reconstructed,DEN,HOU,39,38,1,0,8.973,0.647,DEN,0.647,,,,,110.0,-130.0,165.0,-200.0,0.36145,espnbet,108.0,128.0,0.0,5.5,-110.0,-110.0,,,,,,,,,,,,,,,,,,,,,,
401705135,2025-01-15,2025,2025-01-16T02:00Z,,fourfactors_hl25_b2b_carry25_phase_luck_talent_ft_avail_v6,reconstructed,UTA,CHO,38,36,0,0,0.556,0.53464,UTA,0.53464,,,,,135.0,-155.0,180.0,-220.0,0.34188,espnbet,112.0,117.0,0.0,5.5,-105.0,-115.0,,,,,,,,,,,,,,,,,,,,,,
401705131,2025-01-15,2025,2025-01-16T02:30Z,,fourfactors_hl25_b2b_carry25_phase_luck_talent_ft_avail_v6,reconstructed,MIN,GSW,39,39,0,0,7.12,0.74648,MIN,0.74648,,,,,-215.0,180.0,-260.0,215.0,0.69466,espnbet,115.0,116.0,0.0,-6.5,-115.0,-105.0,,,,,,,,,,,,,,,,,,,,,,
401705136,2025-01-15,2025,2025-01-16T03:00Z,,fourfactors_hl25_b2b_carry25_phase_luck_talent_ft_avail_v6,reconstructed,LAL,MIA,37,38,0,0,-8.428,0.56595,LAL,0.56595,,,,,-155.0,135.0,-185.0,155.0,0.62339,espnbet,117.0,108.0,1.0,-4.5,-105.0,-115.0,,,,,,,,,,,,,,,,,,,,,,
401705137,2025-01-15,2025,2025-01-16T03:30Z,,fourfactors_hl25_b2b_carry25_phase_luck_talent_ft_avail_v6,reconstructed,LAC,BRK,38,40,0,1,22.659,0.84134,LAC,0.84134,,,,,-1200.0,700.0,-2000.0,1000.0,0.91286,espnbet,126.0,67.0,1.0,-15.5,-110.0,-110.0,,,,,,,,,,,,,,,,,,,,,,
401705138,2025-01-16,2025,2025-01-17T00:00Z,,fourfactors_hl25_b2b_carry25_phase_luck_talent_ft_avail_v6,reconstructed,DET,IND,40,41,0,0,-6.512,0.50919,DET,0.50919,,,,,-140.0,120.0,105.0,-125.0,0.46753,espnbet,100.0,111.0,0.0,1.5,-105.0,-115.0,,,,,,,,,,,,,,,,,,,,,,
401705139,2025-01-16,2025,2025-01-17T00:00Z,,fourfactors_hl25_b2b_carry25_phase_luck_talent_ft_avail_v6,reconstructed,WAS,PHO,38,39,0,0,-37.285,0.203,PHO,0.797,,,,,400.0,-600.0,450.0,-700.0,0.17204,espnbet,123.0,130.0,0.0,11.5,-105.0,-115.0,,,,,,,,,,,,,,,,,,,,,,
401705140,2025-01-16,2025,2025-01-17T00:30Z,,fourfactors_hl25_b2b_carry25_phase_luck_talent_ft_avail_v6,reconstructed,OKC,CLE,39,39,0,0,0.133,0.52489,OKC,0.52489,,,,,-135.0,115.0,-135.0,115.0,0.55259,espnbet,134.0,114.0,1.0,-2.5,-110.0,-110.0,,,,,,,,,,,,,,,,,,,,,,
401705141,2025-01-16,2025,2025-01-17T03:00Z,,fourfactors_hl25_b2b_carry25_phase_luck_talent_ft_avail_v6,reconstructed,POR,LAC,39,39,0,1,-27.034,0.30673,LAC,0.69327,,,,,195.0,-230.0,240.0,-290.0,0.28343,espnbet,89.0,118.0,0.0,7.5,-110.0,-110.0,,,,,,,,,,,,,,,,,,,,,,
401705142,2025-01-16,2025,2025-01-17T03:00Z,,fourfactors_hl25_b2b_carry25_phase_luck_talent_ft_avail_v6,reconstructed,SAC,HOU,40,39,0,1,-5.548,0.71103,SAC,0.71103,,,,,-145.0,125.0,-195.0,165.0,0.63659,espnbet,132.0,127.0,1.0,-4.5,-115.0,-105.0,,,,,,,,,,,,,,,,,,,,,,
401705143,2025-01-17,2025,2025-01-18T00:00Z,,fourfactors_hl25_b2b_carry25_phase_luck_talent_ft_avail_v6,reconstructed,BOS,ORL,40,42,0,0,30.968,0.91926,BOS,0.91926,,,,,-800.0,500.0,-1600.0,800.0,0.89441,espnbet,121.0,94.0,1.0,-14.5,-110.0,-110.0,,,,,,,,,,,,,,,,,,,,,,
401705144,2025-01-17,2025,2025-01-18T00:30Z,,fourfactors_hl25_b2b_carry25_phase_luck_talent_ft_avail_v6,reconstructed,NYK,MIN,42,40,0,0,12.203,0.64463,NYK,0.64463,,,,,-150.0,130.0,-150.0,125.0,0.57447,espnbet,99.0,116.0,0.0,-2.5,-120.0,100.0,,,,,,,,,,,,,,,,,,,,,,
401705145,2025-01-17,2025,2025-01-18T01:00Z,,fourfactors_hl25_b2b_carry25_phase_luck_talent_ft_avail_v6,reconstructed,MIA,DEN,39,40,0,0,-14.946,0.61078,MIA,0.61078,,,,,-140.0,120.0,135.0,-160.0,0.40881,espnbet,113.0,133.0,0.0,3.5,-110.0,-110.0,,,,,,,,,,,,,,,,,,,,,,
401705146,2025-01-17,2025,2025-01-18T01:00Z,,fourfactors_hl25_b2b_carry25_phase_luck_talent_ft_avail_v6,reconstructed,MIL,TOR,39,41,0,0,32.097,0.83632,MIL,0.83632,,,,,-750.0,475.0,-600.0,425.0,0.81818,espnbet,130.0,112.0,1.0,-10.5,-115.0,-105.0,,,,,,,,,,,,,,,,,,,,,,
401705147,2025-01-17,2025,2025-01-18T01:00Z,,fourfactors_hl25_b2b_carry25_phase_luck_talent_ft_avail_v6,reconstructed,NOP,UTA,42,39,0,0,1.984,0.72576,NOP,0.72576,,,,,-425.0,320.0,-800.0,500.0,0.84211,espnbet,136.0,123.0,1.0,-11.5,-120.0,100.0,,,,,,,,,,,,,,,,,,,,,,
401705150,2025-01-17,2025,2025-01-18T01:00Z,,fourfactors_hl25_b2b_carry25_phase_luck_talent_ft_avail_v6,reconstructed,CHI,CHO,41,37,0,0,14.487,0.69596,CHI,0.69596,,,,,-190.0,160.0,-195.0,160.0,0.63217,espnbet,123.0,125.0,0.0,-4.5,-110.0,-110.0,,,,,,,,,,,,,,,,,,,,,,
401705149,2025-01-17,2025,2025-01-18T01:30Z,,fourfactors_hl25_b2b_carry25_phase_luck_talent_ft_avail_v6,reconstructed,DAL,OKC,41,40,0,1,-27.762,0.3287,OKC,0.6713,,,,,195.0,-230.0,125.0,-150.0,0.42553,espnbet,106.0,98.0,1.0,2.5,-120.0,100.0,,,,,,,,,,,,,,,,,,,,,,
401705148,2025-01-17,2025,2025-01-18T02:30Z,,fourfactors_hl25_b2b_carry25_phase_luck_talent_ft_avail_v6,reconstructed,SAS,MEM,39,41,0,0,-16.52,0.49621,MEM,0.50379,,,,,115.0,-135.0,-125.0,105.0,0.53247,espnbet,112.0,140.0,0.0,-1.5,-110.0,-110.0,,,,,,,,,,,,,,,,,,,,,,
401705151,2025-01-17,2025,2025-01-18T03:30Z,,fourfactors_hl25_b2b_carry25_phase_luck_talent_ft_avail_v6,reconstructed,LAL,BRK,38,41,0,0,26.87,0.78265,LAL,0.78265,,,,,-750.0,475.0,-450.0,340.0,0.78261,espnbet,102.0,101.0,1.0,-9.5,-110.0,-110.0,,,,,,,,,,,,,,,,,,,,,,
401705152,2025-01-18,2025,2025-01-18T21:00Z,,fourfactors_hl25_b2b_carry25_phase_luck_talent_ft_avail_v6,reconstructed,DET,PHO,41,40,0,0,-2.823,0.48508,PHO,0.51492,,,,,105.0,-125.0,-105.0,-115.0,0.48917,espnbet,121.0,125.0,0.0,-0.5,-105.0,-115.0,,,,,,,,,,,,,,,,,,,,,,
401705153,2025-01-18,2025,2025-01-19T00:00Z,,fourfactors_hl25_b2b_carry25_phase_luck_talent_ft_avail_v6,reconstructed,BOS,ATL,41,40,1,0,29.126,0.8001,BOS,0.8001,,,,,-650.0,425.0,-450.0,340.0,0.78261,espnbet,115.0,119.0,0.0,-9.5,-110.0,-110.0,,,,,,,,,,,,,,,,,,,,,,
401705154,2025-01-18,2025,2025-01-19T00:00Z,,fourfactors_hl25_b2b_carry25_phase_luck_talent_ft_avail_v6,reconstructed,IND,PHI,42,39,0,0,16.064,0.77559,IND,0.77559,,,,,-300.0,250.0,-475.0,360.0,0.79167,espnbet,115.0,102.0,1.0,-10.5,-110.0,-110.0,,,,,,,,,,,,,,,,,,,,,,
401705155,2025-01-18,2025,2025-01-19T01:30Z,,fourfactors_hl25_b2b_carry25_phase_luck_talent_ft_avail_v6,reconstructed,GSW,WAS,40,39,0,0,36.85,0.81968,GSW,0.81968,,,,,-1200.0,700.0,-1000.0,600.0,0.8642,espnbet,122.0,114.0,1.0,-13.5,-110.0,-110.0,,,,,,,,,,,,,,,,,,,,,,
401705156,2025-01-18,2025,2025-01-19T02:00Z,,fourfactors_hl25_b2b_carry25_phase_luck_talent_ft_avail_v6,reconstructed,MIN,CLE,41,40,1,0,-22.437,0.31735,CLE,0.68265,,,,,170.0,-200.0,170.0,-200.0,0.35714,espnbet,117.0,124.0,0.0,4.5,100.0,-120.0,,,,,,,,,,,,,,,,,,,,,,
401705157,2025-01-18,2025,2025-01-19T03:00Z,,fourfactors_hl25_b2b_carry25_phase_luck_talent_ft_avail_v6,reconstructed,POR,HOU,40,40,0,0,-38.09,0.26197,HOU,0.73803,,,,,380.0,-550.0,375.0,-500.0,0.20168,espnbet,103.0,125.0,0.0,10.5,-110.0,-110.0,,,,,,,,,,,,,,,,,,,,,,
401705158,2025-01-19,2025,2025-01-19T20:00Z,,fourfactors_hl25_b2b_carry25_phase_luck_talent_ft_avail_v6,reconstructed,MIA,SAS,40,40,0,0,1.859,0.66134,MIA,0.66134,,,,,-140.0,120.0,-155.0,130.0,0.58299,espnbet,128.0,107.0,1.0,-2.5,-115.0,-105.0,,,,,,,,,,,,,,,,,,,,,,
401705159,2025-01-19,2025,2025-01-19T23:00Z,,fourfactors_hl25_b2b_carry25_phase_luck_talent_ft_avail_v6,reconstructed,ORL,DEN,43,41,0,0,-28.785,0.19006,DEN,0.80994,,,,,180.0,-215.0,220.0,-270.0,0.29984,espnbet,100.0,113.0,0.0,7.5,-110.0,-110.0,,,,,,,,,,,,,,,,,,,,,,
401705160,2025-01-19,2025,2025-01-20T00:00Z,,fourfactors_hl25_b2b_carry25_phase_luck_talent_ft_avail_v6,reconstructed,MIL,PHI,40,40,0,1,25.673,0.87966,MIL,0.87966,,,,,-425.0,320.0,-725.0,500.0,0.84058,espnbet,123.0,109.0,1.0,-13.5,-110.0,-110.0,,,,,,,,,,,,,,,,,,,,,,
401705161,2025-01-19,2025,2025-01-20T00:00Z,,fourfactors_hl25_b2b_carry25_phase_luck_talent_ft_avail_v6,reconstructed,OKC,BRK,41,42,0,0,61.991,0.86178,OKC,0.86178,,,,,-2000.0,1000.0,-1800.0,900.0,0.90452,espnbet,127.0,101.0,1.0,-16.5,-110.0,-110.0,,,,,,,,,,,,,,,,,,,,,,
401705162,2025-01-19,2025,2025-01-20T02:00Z,,fourfactors_hl25_b2b_carry25_phase_luck_talent_ft_avail_v6,reconstructed,LAC,LAL,40,39,0,0,9.521,0.62712,LAC,0.62712,,,,,-135.0,115.0,-180.0,150.0,0.61644,espnbet,116.0,102.0,1.0,-4.5,-105.0,-115.0,,,,,,,,,,,,,,,,,,,,,,
401705163,2025-01-19,2025,2025-01-20T02:00Z,,fourfactors_hl25_b2b_carry25_phase_luck_talent_ft_avail_v6,reconstructed,POR,CHI,41,42,1,0,-23.186,0.35556,CHI,0.64444,,,,,135.0,-155.0,160.0,-190.0,0.3699,espnbet,113.0,102.0,1.0,4.5,-110.0,-110.0,,,,,,,,,,,,,,,,,,,,,,
401705164,2025-01-19,2025,2025-01-20T02:00Z,,fourfactors_hl25_b2b_carry25_phase_luck_talent_ft_avail_v6,reconstructed,SAC,WAS,41,40,0,1,41.992,0.92967,SAC,0.92967,,,,,-2000.0,1000.0,-3000.0,1200.0,0.92637,espnbet,123.0,100.0,1.0,-17.5,-115.0,-105.0,,,,,,,,,,,,,,,,,,,,,,
401705165,2025-01-20,2025,2025-01-20T17:00Z,,fourfactors_hl25_b2b_carry25_phase_luck_talent_ft_avail_v6,reconstructed,CHO,DAL,38,42,0,0,-26.239,0.31278,DAL,0.68722,,,,,175.0,-210.0,140.0,-165.0,0.40091,espnbet,110.0,105.0,1.0,3.5,-105.0,-115.0,,,,,,,,,,,,,,,,,,,,,,
401705166,2025-01-20,2025,2025-01-20T19:00Z,,fourfactors_hl25_b2b_carry25_phase_luck_talent_ft_avail_v6,reconstructed,HOU,DET,41,42,0,0,16.888,0.73139,HOU,0.73139,,,,,-320.0,260.0,-300.0,250.0,0.72414,espnbet,96.0,107.0,0.0,-7.5,-110.0,-110.0,,,,,,,,,,,,,,,,,,,,,,
401705167,2025-01-20,2025,2025-01-20T19:30Z,,fourfactors_hl25_b2b_carry25_phase_luck_talent_ft_avail_v6,reconstructed,MEM,MIN,42,42,0,0,12.022,0.59302,MEM,0.59302,,,,,-150.0,130.0,-200.0,170.0,0.64286,espnbet,108.0,106.0,1.0,-5.5,-105.0,-115.0,,,,,,,,,,,,,,,,,,,,,,
401705168,2025-01-20,2025,2025-01-20T20:00Z,,fourfactors_hl25_b2b_carry25_phase_luck_talent_ft_avail_v6,reconstructed,NYK,ATL,43,41,0,0,17.032,0.71649,NYK,0.71649,,,,,-260.0,215.0,-300.0,250.0,0.72414,espnbet,119.0,110.0,1.0,-8.5,-105.0,-115.0,,,,,,,,,,,,,,,,,,,,,,
401705169,2025-01-20,2025,2025-01-20T20:30Z,,fourfactors_hl25_b2b_carry25_phase_luck_talent_ft_avail_v6,reconstructed,CLE,PHO,41,41,0,0,30.887,0.66322,CLE,0.66322,,,,,-300.0,250.0,-275.0,230.0,0.7076,espnbet,118.0,92.0,1.0,-7.5,-115.0,-105.0,,,,,,,,,,,,,,,,,,,,,,
401705170,2025-01-20,2025,2025-01-20T22:00Z,,fourfactors_hl25_b2b_carry25_phase_luck_talent_ft_avail_v6,reconstructed,GSW,BOS,41,42,0,0,-24.406,0.24048,BOS,0.75952,,,,,240.0,-290.0,290.0,-380.0,0.24465,espnbet,85.0,125.0,0.0,8.5,-105.0,-115.0,,,,,,,,,,,,,,,,,,,,,,
401705171,2025-01-20,2025,2025-01-21T01:00Z,,fourfactors_hl25_b2b_carry25_phase_luck_talent_ft_avail_v6,reconstructed,NOP,UTA,43,40,0,0,6.167,0.76811,NOP,0.76811,,,,,-650.0,425.0,-650.0,425.0,0.81982,espnbet,123.0,119.0,1.0,-10.5,-115.0,-105.0,,,,,,,,,,,,,,,,,,,,,,
401705177,2025-01-20,2025,2025-01-21T03:30Z,,fourfactors_hl25_b2b_carry25_phase_luck_talent_ft_avail_v6,reconstructed,LAC,CHI,41,43,1,1,13.08,0.66714,LAC,0.66714,,,,,-270.0,220.0,-225.0,190.0,0.66752,espnbet,99.0,112.0,0.0,-5.5,-120.0,100.0,,,,,,,,,,,,,,,,,,,,,,
401705172,2025-01-21,2025,2025-01-22T00:30Z,,fourfactors_hl25_b2b_carry25_phase_luck_talent_ft_avail_v6,reconstructed,BRK,NYK,43,44,0,1,-46.789,0.18364,NYK,0.81636,,,,,400.0,-600.0,475.0,-750.0,0.16465,espnbet,95.0,99.0,0.0,11.5,100.0,-120.0,,,,,,,,,,,,,,,,,,,,,,
401705173,2025-01-21,2025,2025-01-22T00:30Z,,fourfactors_hl25_b2b_carry25_phase_luck_talent_ft_avail_v6,reconstructed,MIA,POR,41,42,0,0,28.114,0.8388,MIA,0.8388,,,,,-700.0,450.0,-375.0,290.0,0.75484,espnbet,107.0,116.0,0.0,-8.5,-115.0,-105.0,,,,,,,,,,,,,,,,,,,,,,
401705174,2025-01-21,2025,2025-01-22T00:30Z,,fourfactors_hl25_b2b_carry25_phase_luck_talent_ft_avail_v6,reconstructed,TOR,ORL,42,44,0,0,-9.767,0.52457,TOR,0.52457,,,,,125.0,-145.0,-105.0,-115.0,0.48917,espnbet,109.0,93.0,1.0,1.5,-115.0,-105.0,,,,,,,,,,,,,,,,,,,,,,
401705175,2025-01-21,2025,2025-01-22T03:00Z,,fourfactors_hl25_b2b_carry25_phase_luck_talent_ft_avail_v6,reconstructed,DEN,PHI,42,41,0,0,31.891,0.86467,DEN,0.86467,,,,,-1000.0,600.0,-750.0,525.0,0.8465,espnbet,144.0,109.0,1.0,-11.5,-110.0,-110.0,,,,,,,,,,,,,,,,,,,,,,
401705176,2025-01-21,2025,2025-01-22T03:30Z,,fourfactors_hl25_b2b_carry25_phase_luck_talent_ft_avail_v6,reconstructed,LAL,WAS,40,41,0,0,33.412,0.87244,LAL,0.87244,,,,,-1000.0,600.0,-900.0,600.0,0.86301,espnbet,111.0,88.0,1.0,-13.5,-115.0,-105.0,,,,,,,,,,,,,,,,,,,,,,
401705178,2025-01-22,2025,2025-01-23T00:30Z,,fourfactors_hl25_b2b_carry25_phase_luck_talent_ft_avail_v6,reconstructed,ATL,DET,42,43,0,0,0.63,0.61721,ATL,0.61721,,,,,-140.0,120.0,-165.0,140.0,0.59909,espnbet,104.0,114.0,0.0,-4.5,-105.0,-115.0,,,,,,,,,,,,,,,,,,,,,,
401705179,2025-01-22,2025,2025-01-23T00:30Z,,fourfactors_hl25_b2b_carry25_phase_luck_talent_ft_avail_v6,reconstructed,BRK,PHO,44,42,1,0,-27.438,0.23953,PHO,0.76047,,,,,380.0,-550.0,550.0,-800.0,0.14754,espnbet,84.0,108.0,0.0,12.5,-105.0,-115.0,,,,,,,,,,,,,,,,,,,,,,
401705180,2025-01-22,2025,2025-01-23T00:30Z,,fourfactors_hl25_b2b_carry25_phase_luck_talent_ft_avail_v6,reconstructed,DAL,MIN,43,43,0,0,0.824,0.46512,MIN,0.53488,,,,,105.0,-125.0,135.0,-160.0,0.40881,espnbet,114.0,115.0,0.0,3.5,-105.0,-115.0,,,,,,,,,,,,,,,,,,,,,,
401705181,2025-01-22,2025,2025-01-23T01:00Z,,fourfactors_hl25_b2b_carry25_phase_luck_talent_ft_avail_v6,reconstructed,HOU,CLE,42,42,0,0,-20.221,0.53464,HOU,0.53464,,,,,105.0,-125.0,-105.0,-115.0,0.48917,espnbet,109.0,108.0,1.0,-0.5,-105.0,-115.0,,,,,,,,,,,,,,,,,,,,,,
401705182,2025-01-22,2025,2025-01-23T01:00Z,,fourfactors_hl25_b2b_carry25_phase_luck_talent_ft_avail_v6,reconstructed,MEM,CHO,43,39,0,0,35.942,0.82414,MEM,0.82414,,,,,-750.0,475.0,-750.0,475.0,0.83535,espnbet,132.0,120.0,1.0,-11.5,-110.0,-110.0,,,,,,,,,,,,,,,,,,,,,,
401705184,2025-01-22,2025,2025-01-23T01:00Z,,fourfactors_hl25_b2b_carry25_phase_luck_talent_ft_avail_v6,reconstructed,OKC,UTA,42,41,0,0,55.624,0.89121,OKC,0.89121,,,,,-2500.0,1100.0,-1600.0,850.0,0.89941,espnbet,123.0,114.0,1.0,-15.5,-110.0,-110.0,,,,,,,,,,,,,,,,,,,,,,
401705185,2025-01-22,2025,2025-01-23T03:00Z,,fourfactors_hl25_b2b_carry25_phase_luck_talent_ft_avail_v6,reconstructed,SAC,GSW,42,42,0,0,12.087,0.79347,SAC,0.79347,,,,,-380.0,290.0,-280.0,230.0,0.70859,espnbet,123.0,117.0,1.0,-7.5,-110.0,-110.0,,,,,,,,,,,,,,,,,,,,,,
401705186,2025-01-22,2025,2025-01-23T03:30Z,,fourfactors_hl25_b2b_carry25_phase_luck_talent_ft_avail_v6,reconstructed,LAC,BOS,42,43,0,0,-22.384,0.19214,BOS,0.80786,,,,,320.0,-425.0,450.0,-700.0,0.17204,espnbet,113.0,117.0,0.0,11.5,-105.0,-115.0,,,,,,,,,,,,,,,,,,,,,,
401705188,2025-01-23,2025,2025-01-24T00:00Z,,fourfactors_hl25_b2b_carry25_phase_luck_talent_ft_avail_v6,reconstructed,ORL,POR,45,43,0,0,9.891,0.63366,ORL,0.63366,,,,,-450.0,340.0,-260.0,215.0,0.69466,espnbet,79.0,101.0,0.0,-6.5,-115.0,-105.0,,,,,,,,,,,,,,,,,,,,,,
401705189,2025-01-23,2025,2025-01-24T00:30Z,,fourfactors_hl25_b2b_carry25_phase_luck_talent_ft_avail_v6,reconstructed,ATL,TOR,43,43,1,0,13.334,0.67506,ATL,0.67506,,,,,-270.0,220.0,-215.0,175.0,0.65241,espnbet,119.0,122.0,0.0,-5.5,100.0,-120.0,,,,,,,,,,,,,,,,,,,,,,
401705191,2025-01-23,2025,2025-01-24T01:00Z,,fourfactors_hl25_b2b_carry25_phase_luck_talent_ft_avail_v6,reconstructed,OKC,DAL,43,44,1,1,27.495,0.81801,OKC,0.81801,,,,,-700.0,450.0,-625.0,450.0,0.82583,espnbet,115.0,121.0,0.0,-11.5,-115.0,-105.0,,,,,,,,,,,,,,,,,,,,,,
401705190,2025-01-23,2025,2025-01-24T01:30Z,,fourfactors_hl25_b2b_carry25_phase_luck_talent_ft_avail_v6,reconstructed,MIL,MIA,41,42,0,0,14.409,0.65431,MIL,0.65431,,,,,-215.0,180.0,-250.0,200.0,0.68182,espnbet,125.0,96.0,1.0,-5.5,-115.0,-105.0,,,,,,,,,,,,,,,,,,,,,,
401705192,2025-01-23,2025,2025-01-24T02:00Z,,fourfactors_hl25_b2b_carry25_phase_luck_talent_ft_avail_v6,reconstructed,DEN,SAC,43,43,0,1,14.264,0.68626,DEN,0.68626,,,,,-280.0,230.0,-320.0,260.0,0.73282,espnbet,132.0,123.0,1.0,-7.5,-105.0,-115.0,,,,,,,,,,,,,,,,,,,,,,
401705194,2025-01-23,2025,2025-01-24T03:00Z,,fourfactors_hl25_b2b_carry25_phase_luck_talent_ft_avail_v6,reconstructed,GSW,CHI,43,44,1,0,-1.2,0.49352,CHI,0.50648,,,,,-155.0,135.0,-170.0,140.0,0.60177,espnbet,131.0,106.0,1.0,-4.5,100.0,-120.0,,,,,,,,,,,,,,,,,,,,,,
401705195,2025-01-23,2025,2025-01-24T03:00Z,,fourfactors_hl25_b2b_carry25_phase_luck_talent_ft_avail_v6,reconstructed,LAL,BOS,41,44,0,1,-28.962,0.35576,BOS,0.64424,,,,,200.0,-240.0,205.0,-250.0,0.31461,espnbet,117.0,96.0,1.0,6.5,-115.0,-105.0,,,,,,,,,,,,,,,,,,,,,,
401705549,2025-01-23,2025,2025-01-24T03:30Z,,fourfactors_hl25_b2b_carry25_phase_luck_talent_ft_avail_v6,reconstructed,LAC,WAS,43,42,1,0,44.403,0.67536,LAC,0.67536,,,,,-900.0,550.0,-1600.0,800.0,0.89441,espnbet,110.0,93.0,1.0,-14.5,-110.0,-110.0,,,,,,,,,,,,,,,,,,,,,,
401705196,2025-01-24,2025,2025-01-25T00:00Z,,fourfactors_hl25_b2b_carry25_phase_luck_talent_ft_avail_v6,reconstructed,CHO,POR,40,44,0,1,3.172,0.56202,CHO,0.56202,,,,,-175.0,150.0,-105.0,-115.0,0.48917,espnbet,97.0,102.0,0.0,-0.5,-110.0,-110.0,,,,,,,,,,,,,,,,,,,,,,
401705197,2025-01-24,2025,2025-01-25T00:00Z,,fourfactors_hl25_b2b_carry25_phase_luck_talent_ft_avail_v6,reconstructed,PHI,CLE,42,43,0,0,-46.766,0.25706,CLE,0.74294,,,,,340.0,-450.0,320.0,-425.0,0.22727,espnbet,132.0,129.0,1.0,9.5,-115.0,-105.0,,,,,,,,,,,,,,,,,,,,,,
401705198,2025-01-24,2025,2025-01-25T01:00Z,,fourfactors_hl25_b2b_carry25_phase_luck_talent_ft_avail_v6,reconstructed,MEM,NOP,44,44,0,0,33.707,0.71959,MEM,0.71959,,,,,-650.0,425.0,-450.0,340.0,0.78261,espnbet,139.0,126.0,1.0,-9.5,-110.0,-110.0,,,,,,,,,,,,,,,,,,,,,,
401705200,2025-01-25,2025,2025-01-25T20:00Z,,fourfactors_hl25_b2b_carry25_phase_luck_talent_ft_avail_v6,reconstructed,MIN,DEN,44,44,0,0,-15.803,0.34076,DEN,0.65924,,,,,120.0,-140.0,135.0,-155.0,0.41179,espnbet,133.0,104.0,1.0,3.5,-110.0,-110.0,,,,,,,,,,,,,,,,,,,,,,
401705201,2025-01-25,2025,2025-01-25T22:30Z,,fourfactors_hl25_b2b_carry25_phase_luck_talent_ft_avail_v6,reconstructed,DAL,BOS,45,45,0,0,-17.979,0.19166,BOS,0.80834,,,,,240.0,-290.0,300.0,-400.0,0.2381,espnbet,107.0,122.0,0.0,8.5,-105.0,-115.0,,,,,,,,,,,,,,,,,,,,,,
401705202,2025-01-25,2025,2025-01-25T23:00Z,,fourfactors_hl25_b2b_carry25_phase_luck_talent_ft_avail_v6,reconstructed,BRK,MIA,45,43,0,0,-29.93,0.2965,MIA,0.7035,,,,,320.0,-425.0,225.0,-275.0,0.29557,espnbet,97.0,106.0,0.0,6.5,-105.0,-115.0,,,,,,,,,,,,,,,,,,,,,,
401705203,2025-01-25,2025,2025-01-26T00:00Z,,fourfactors_hl25_b2b_carry25_phase_luck_talent_ft_avail_v6,reconstructed,CHO,NOP,41,45,1,1,-3.457,0.53068,CHO,0.53068,,,,,110.0,-130.0,110.0,-130.0,0.45726,espnbet,123.0,92.0,1.0,2.5,-115.0,-105.0,,,,,,,,,,,,,,,,,,,,,,
401705204,2025-01-25,2025,2025-01-26T00:00Z,,fourfactors_hl25_b2b_carry25_phase_luck_talent_ft_avail_v6,reconstructed,ORL,DET,46,44,0,0,-13.854,0.5164,ORL,0.5164,,,,,-145.0,125.0,-170.0,145.0,0.6067,espnbet,121.0,113.0,1.0,-3.5,-115.0,-105.0,,,,,,,,,,,,,,,,,,,,,,
401705205,2025-01-25,2025,2025-01-26T00:30Z,,fourfactors_hl25_b2b_carry25_phase_luck_talent_ft_avail_v6,reconstructed,ATL,TOR,44,44,0,0,12.252,0.75697,ATL,0.75697,,,,,-155.0,135.0,-215.0,180.0,0.65649,espnbet,94.0,117.0,0.0,-5.5,-115.0,-105.0,,,,,,,,,,,,,,,,,,,,,,
401705206,2025-01-25,2025,2025-01-26T00:30Z,,fourfactors_hl25_b2b_carry25_phase_luck_talent_ft_avail_v6,reconstructed,CLE,HOU,44,43,1,0,18.615,0.56612,CLE,0.56612,,,,,-185.0,155.0,-175.0,150.0,0.61404,espnbet,131.0,135.0,0.0,-4.5,-110.0,-110.0,,,,,,,,,,,,,,,,,,,,,,
401705207,2025-01-25,2025,2025-01-26T00:30Z,,fourfactors_hl25_b2b_carry25_phase_luck_talent_ft_avail_v6,reconstructed,NYK,SAC,45,44,0,0,8.75,0.57683,NYK,0.57683,,,,,-250.0,210.0,-190.0,160.0,0.6301,espnbet,143.0,120.0,1.0,-4.5,-115.0,-105.0,,,,,,,,,,,,,,,,,,,,,,
401705208,2025-01-25,2025,2025-01-26T01:00Z,,fourfactors_hl25_b2b_carry25_phase_luck_talent_ft_avail_v6,reconstructed,CHI,PHI,45,43,0,1,9.333,0.64567,CHI,0.64567,,,,,-165.0,140.0,-150.0,130.0,0.57983,espnbet,97.0,109.0,0.0,-3.5,-105.0,-115.0,,,,,,,,,,,,,,,,,,,,,,
401705209,2025-01-25,2025,2025-01-26T01:00Z,,fourfactors_hl25_b2b_carry25_phase_luck_talent_ft_avail_v6,reconstructed,MEM,UTA,45,42,1,0,40.376,0.77341,MEM,0.77341,,,,,-650.0,425.0,-600.0,400.0,0.81081,espnbet,125.0,103.0,1.0,-11.5,-105.0,-115.0,,,,,,,,,,,,,,,,,,,,,,
401705210,2025-01-25,2025,2025-01-26T01:30Z,,fourfactors_hl25_b2b_carry25_phase_luck_talent_ft_avail_v6,reconstructed,GSW,LAL,44,42,0,0,-2.241,0.53029,GSW,0.53029,,,,,-110.0,-110.0,-105.0,-115.0,0.48917,espnbet,108.0,118.0,0.0,-0.5,-110.0,-110.0,,,,,,,,,,,,,,,,,,,,,,
401705211,2025-01-25,2025,2025-01-26T02:00Z,,fourfactors_hl25_b2b_carry25_phase_luck_talent_ft_avail_v6,reconstructed,PHO,WAS,43,43,0,0,39.339,0.89804,PHO,0.89804,,,,,-1200.0,700.0,-1200.0,700.0,0.88073,espnbet,119.0,109.0,1.0,-14.5,-110.0,-110.0,,,,,,,,,,,,,,,,,,,,,,
401705212,2025-01-25,2025,2025-01-26T03:30Z,,fourfactors_hl25_b2b_carry25_phase_luck_talent_ft_avail_v6,reconstructed,LAC,MIL,44,42,0,0,-10.478,0.52906,LAC,0.52906,,,,,-130.0,110.0,-165.0,140.0,0.59909,espnbet,127.0,117.0,1.0,-3.5,-110.0,-110.0,,,,,,,,,,,,,,,,,,,,,,
401705213,2025-01-26,2025,2025-01-26T23:00Z,,fourfactors_hl25_b2b_carry25_phase_luck_talent_ft_avail_v6,reconstructed,POR,OKC,45,44,0,0,-50.497,0.20136,OKC,0.79864,,,,,475.0,-750.0,600.0,-900.0,0.13699,espnbet,108.0,118.0,0.0,13.5,-115.0,-105.0,,,,,,,,,,,,,,,,,,,,,,
401705214,2025-01-27,2025,2025-01-28T00:00Z,,fourfactors_hl25_b2b_carry25_phase_luck_talent_ft_avail_v6,reconstructed,CHO,LAL,42,43,0,0,-14.556,0.32447,LAL,0.67553,,,,,200.0,-240.0,175.0,-215.0,0.34759,espnbet,107.0,112.0,0.0,4.5,100.0,-120.0,,,,,,,,,,,,,,,,,,,,,,
401705215,2025-01-27,2025,2025-01-28T00:00Z,,fourfactors_hl25_b2b_carry25_phase_luck_talent_ft_avail_v6,reconstructed,CLE,DET,45,45,0,0,29.878,0.79401,CLE,0.79401,,,,,-500.0,360.0,-500.0,360.0,0.7931,espnbet,110.0,91.0,1.0,-10.5,-115.0,-105.0,,,,,,,,,,,,,,,,,,,,,,
401705216,2025-01-27,2025,2025-01-28T00:30Z,,fourfactors_hl25_b2b_carry25_phase_luck_talent_ft_avail_v6,reconstructed,BOS,HOU,46,44,0,0,13.999,0.73421,BOS,0.73421,,,,,-275.0,225.0,-230.0,190.0,0.66901,espnbet,112.0,114.0,0.0,-5.5,-110.0,-110.0,,,,,,,,,,,,,,,,,,,,,,
401705217,2025-01-27,2025,2025-01-28T00:30Z,,fourfactors_hl25_b2b_carry25_phase_luck_talent_ft_avail_v6,reconstructed,BRK,SAC,46,45,0,0,-37.479,0.15125,SAC,0.84875,,,,,360.0,-500.0,500.0,-800.0,0.15789,espnbet,96.0,110.0,0.0,12.5,-110.0,-110.0,,,,,,,,,,,,,,,,,,,,,,
401705218,2025-01-27,2025,2025-01-28T00:30Z,,fourfactors_hl25_b2b_carry25_phase_luck_talent_ft_avail_v6,reconstructed,MIA,ORL,44,47,0,0,12.104,0.62014,MIA,0.62014,,,,,-110.0,-110.0,-105.0,-115.0,0.48917,espnbet,125.0,119.0,1.0,1.5,-110.0,-110.0,,,,,,,,,,,,,,,,,,,,,,
401705219,2025-01-27,2025,2025-01-28T00:30Z,,fourfactors_hl25_b2b_carry25_phase_luck_talent_ft_avail_v6,reconstructed,NYK,MEM,46,46,0,0,-4.714,0.62106,NYK,0.62106,,,,,-170.0,145.0,-170.0,140.0,0.60177,espnbet,143.0,106.0,1.0,-4.5,-105.0,-115.0,,,,,,,,,,,,,,,,,,,,,,
401705220,2025-01-27,2025,2025-01-28T00:30Z,,fourfactors_hl25_b2b_carry25_phase_luck_talent_ft_avail_v6,reconstructed,TOR,NOP,45,46,0,0,1.929,0.51714,TOR,0.51714,,,,,-130.0,110.0,-105.0,-115.0,0.48917,espnbet,113.0,104.0,1.0,-0.5,-105.0,-115.0,,,,,,,,,,,,,,,,,,,,,,
401705221,2025-01-27,2025,2025-01-28T01:00Z,,fourfactors_hl25_b2b_carry25_phase_luck_talent_ft_avail_v6,reconstructed,CHI,DEN,46,45,0,0,-26.142,0.22559,DEN,0.77441,,,,,260.0,-320.0,315.0,-400.0,0.23148,espnbet,129.0,121.0,1.0,9.5,-115.0,-105.0,,,,,,,,,,,,,,,,,,,,,,
401705222,2025-01-27,2025,2025-01-28T01:00Z,,fourfactors_hl25_b2b_carry25_phase_luck_talent_ft_avail_v6,reconstructed,MIN,ATL,45,45,0,0,16.513,0.71893,MIN,0.71893,,,,,-275.0,225.0,-500.0,375.0,0.79832,espnbet,100.0,92.0,1.0,-10.5,-110.0,-110.0,,,,,,,,,,,,,,,,,,,,,,
401705223,2025-01-27,2025,2025-01-28T01:30Z,,fourfactors_hl25_b2b_carry25_phase_luck_talent_ft_avail_v6,reconstructed,DAL,WAS,46,44,0,0,43.531,0.84121,DAL,0.84121,,,,,-750.0,475.0,-1200.0,700.0,0.88073,espnbet,130.0,108.0,1.0,-13.5,-105.0,-115.0,,,,,,,,,,,,,,,,,,,,,,
401705224,2025-01-27,2025,2025-01-28T02:00Z,,fourfactors_hl25_b2b_carry25_phase_luck_talent_ft_avail_v6,reconstructed,UTA,MIL,43,43,0,0,-38.022,0.29131,MIL,0.70869,,,,,300.0,-400.0,300.0,-385.0,0.23951,espnbet,110.0,125.0,0.0,8.5,-105.0,-115.0,,,,,,,,,,,,,,,,,,,,,,
401705225,2025-01-27,2025,2025-01-28T02:30Z,,fourfactors_hl25_b2b_carry25_phase_luck_talent_ft_avail_v6,reconstructed,PHO,LAC,44,45,0,0,-7.432,0.59226,PHO,0.59226,,,,,-105.0,-115.0,-105.0,-115.0,0.48917,espnbet,111.0,109.0,1.0,-1.5,100.0,-120.0,,,,,,,,,,,,,,,,,,,,,,
401705226,2025-01-28,2025,2025-01-29T00:30Z,,fourfactors_hl25_b2b_carry25_phase_luck_talent_ft_avail_v6,reconstructed,PHI,LAL,44,44,0,1,-14.312,0.40264,LAL,0.59736,,,,,145.0,-170.0,155.0,-190.0,0.37444,espnbet,118.0,104.0,1.0,4.5,-110.0,-110.0,,,,,,,,,,,,,,,,,,,,,,
401748705,2025-01-28,2025,2025-01-29T00:30Z,,fourfactors_hl25_b2b_carry25_phase_luck_talent_ft_avail_v6,reconstructed,ATL,HOU,46,45,1,1,-19.141,0.2878,HOU,0.7122,,,,,175.0,-210.0,160.0,-190.0,0.3699,espnbet,96.0,100.0,0.0,5.5,-120.0,100.0,,,,,,,,,,,,,,,,,,,,,,
401705227,2025-01-28,2025,2025-01-29T03:00Z,,fourfactors_hl25_b2b_carry25_phase_luck_talent_ft_avail_v6,reconstructed,GSW,UTA,45,44,0,1,20.011,0.80122,GSW,0.80122,,,,,-550.0,380.0,-470.0,350.0,0.78771,espnbet,114.0,103.0,1.0,-10.5,-110.0,-110.0,,,,,,,,,,,,,,,,,,,,,,
401705228,2025-01-28,2025,2025-01-29T03:00Z,,fourfactors_hl25_b2b_carry25_phase_luck_talent_ft_avail_v6,reconstructed,POR,MIL,46,44,0,1,-36.577,0.31826,MIL,0.68174,,,,,200.0,-240.0,185.0,-220.0,0.33791,espnbet,125.0,112.0,1.0,5.5,-110.0,-110.0,,,,,,,,,,,,,,,,,,,,,,
401705229,2025-01-29,2025,2025-01-30T00:00Z,,fourfactors_hl25_b2b_carry25_phase_luck_talent_ft_avail_v6,reconstructed,CHO,BRK,43,47,0,0,19.759,0.59263,CHO,0.59263,,,,,-145.0,125.0,-120.0,100.0,0.52174,espnbet,83.0,104.0,0.0,-1.5,-105.0,-115.0,,,,,,,,,,,,,,,,,,,,,,
401705230,2025-01-29,2025,2025-01-30T00:00Z,,fourfactors_hl25_b2b_carry25_phase_luck_talent_ft_avail_v6,reconstructed,IND,DET,45,46,0,0,12.024,0.68559,IND,0.68559,,,,,-210.0,175.0,-210.0,175.0,0.6507,espnbet,133.0,119.0,1.0,-5.5,-110.0,-110.0,,,,,,,,,,,,,,,,,,,,,,
401705231,2025-01-29,2025,2025-01-30T00:00Z,,fourfactors_hl25_b2b_carry25_phase_luck_talent_ft_avail_v6,reconstructed,WAS,TOR,45,46,0,0,-26.078,0.36827,TOR,0.63173,,,,,215.0,-260.0,190.0,-225.0,0.33248,espnbet,82.0,106.0,0.0,5.5,-105.0,-115.0,,,,,,,,,,,,,,,,,,,,,,
401705232,2025-01-29,2025,2025-01-30T00:30Z,,fourfactors_hl25_b2b_carry25_phase_luck_talent_ft_avail_v6,reconstructed,BOS,CHI,47,47,0,0,28.56,0.80697,BOS,0.80697,,,,,-1400.0,750.0,-1600.0,800.0,0.89441,espnbet,122.0,100.0,1.0,-14.5,-110.0,-110.0,,,,,,,,,,,,,,,,,,,,,,
401705233,2025-01-29,2025,2025-01-30T00:30Z,,fourfactors_hl25_b2b_carry25_phase_luck_talent_ft_avail_v6,reconstructed,MIA,CLE,45,46,0,0,-29.626,0.40596,CLE,0.59404,,,,,250.0,-300.0,160.0,-190.0,0.3699,espnbet,106.0,126.0,0.0,5.5,-120.0,100.0,,,,,,,,,,,,,,,,,,,,,,
401705234,2025-01-29,2025,2025-01-30T00:30Z,,fourfactors_hl25_b2b_carry25_phase_luck_talent_ft_avail_v6,reconstructed,NYK,DEN,47,46,0,0,1.893,0.54552,NYK,0.54552,,,,,-145.0,125.0,-145.0,120.0,0.5656,espnbet,122.0,112.0,1.0,-2.5,-115.0,-105.0,,,,,,,,,,,,,,,,,,,,,,
401705235,2025-01-29,2025,2025-01-30T00:30Z,,fourfactors_hl25_b2b_carry25_phase_luck_talent_ft_avail_v6,reconstructed,PHI,SAC,45,46,1,0,-18.308,0.20745,SAC,0.79255,,,,,250.0,-300.0,270.0,-340.0,0.25913,espnbet,117.0,104.0,1.0,8.5,-115.0,-105.0,,,,,,,,,,,,,,,,,,,,,,
401705236,2025-01-29,2025,2025-01-30T01:00Z,,fourfactors_hl25_b2b_carry25_phase_luck_talent_ft_avail_v6,reconstructed,NOP,DAL,47,47,0,0,-24.898,0.48285,DAL,0.51715,,,,,125.0,-145.0,-110.0,-110.0,0.5,espnbet,136.0,137.0,0.0,1.5,-120.0,100.0,,,,,,,,,,,,,,,,,,,,,,
401705237,2025-01-29,2025,2025-01-30T01:00Z,,fourfactors_hl25_b2b_carry25_phase_luck_talent_ft_avail_v6,reconstructed,SAS,LAC,43,46,0,0,-10.194,0.46933,LAC,0.53067,,,,,125.0,-145.0,145.0,-170.0,0.3933,espnbet,116.0,128.0,0.0,3.5,-105.0,-115.0,,,,,,,,,,,,,,,,,,,,,,
401705238,2025-01-29,2025,2025-01-30T02:00Z,,fourfactors_hl25_b2b_carry25_phase_luck_talent_ft_avail_v6,reconstructed,PHO,MIN,45,46,0,0,-10.47,0.63458,PHO,0.63458,,,,,105.0,-125.0,-115.0,-105.0,0.51083,espnbet,113.0,121.0,0.0,-0.5,-115.0,-105.0,,,,,,,,,,,,,,,,,,,,,,
401705239,2025-01-29,2025,2025-01-30T03:00Z,,fourfactors_hl25_b2b_carry25_phase_luck_talent_ft_avail_v6,reconstructed,GSW,OKC,46,45,1,0,-34.558,0.19062,OKC,0.80938,,,,,380.0,-550.0,340.0,-450.0,0.21739,espnbet,116.0,109.0,1.0,9.5,-110.0,-110.0,,,,,,,,,,,,,,,,,,,,,,
401705240,2025-01-30,2025,2025-01-31T00:00Z,,fourfactors_hl25_b2b_carry25_phase_luck_talent_ft_avail_v6,reconstructed,WAS,LAL,46,45,1,0,-40.848,0.17471,LAL,0.82529,,,,,200.0,-240.0,290.0,-370.0,0.24569,espnbet,96.0,134.0,0.0,8.5,-110.0,-110.0,,,,,,,,,,,,,,,,,,,,,,
401705241,2025-01-30,2025,2025-01-31T00:00Z,,fourfactors_hl25_b2b_carry25_phase_luck_talent_ft_avail_v6,reconstructed,CLE,ATL,47,47,1,0,36.946,0.79832,CLE,0.79832,,,,,-500.0,360.0,-600.0,440.0,0.82234,espnbet,137.0,115.0,1.0,-11.5,-105.0,-115.0,,,,,,,,,,,,,,,,,,,,,,
401705243,2025-01-30,2025,2025-01-31T02:00Z,,fourfactors_hl25_b2b_carry25_phase_luck_talent_ft_avail_v6,reconstructed,UTA,MIN,45,47,0,1,-33.687,0.32974,MIN,0.67026,,,,,250.0,-300.0,195.0,-240.0,0.32443,espnbet,113.0,138.0,0.0,5.5,-105.0,-115.0,,,,,,,,,,,,,,,,,,,,,,
401705242,2025-01-30,2025,2025-01-31T02:30Z,,fourfactors_hl25_b2b_carry25_phase_luck_talent_ft_avail_v6,reconstructed,MEM,HOU,47,46,0,0,5.847,0.57533,MEM,0.57533,,,,,-170.0,145.0,-175.0,145.0,0.60924,espnbet,120.0,119.0,1.0,-4.5,-105.0,-115.0,,,,,,,,,,,,,,,,,,,,,,
401705244,2025-01-30,2025,2025-01-31T03:00Z,,fourfactors_hl25_b2b_carry25_phase_luck_talent_ft_avail_v6,reconstructed,POR,ORL,47,48,0,0,-3.232,0.41402,ORL,0.58598,,,,,175.0,-210.0,160.0,-190.0,0.3699,espnbet,119.0,90.0,1.0,5.5,-110.0,-110.0,,,,,,,,,,,,,,,,,,,,,,
401705245,2025-01-31,2025,2025-02-01T00:00Z,,fourfactors_hl25_b2b_carry25_phase_luck_talent_ft_avail_v6,reconstructed,CHO,LAC,44,47,0,0,-21.667,0.23003,LAC,0.76997,,,,,750.0,-1400.0,550.0,-900.0,0.14599,espnbet,104.0,112.0,0.0,13.5,-110.0,-110.0,,,,,,,,,,,,,,,,,,,,,,
401705246,2025-01-31,2025,2025-02-01T00:00Z,,fourfactors_hl25_b2b_carry25_phase_luck_talent_ft_avail_v6,reconstructed,DET,DAL,47,48,0,0,-14.389,0.43841,DAL,0.56159,,,,,-105.0,-115.0,100.0,-120.0,0.47826,espnbet,117.0,102.0,1.0,1.5,-115.0,-105.0,,,,,,,,,,,,,,,,,,,,,,
401705247,2025-01-31,2025,2025-02-01T00:30Z,,fourfactors_hl25_b2b_carry25_phase_luck_talent_ft_avail_v6,reconstructed,PHI,DEN,46,47,0,0,-26.092,0.18921,DEN,0.81079,,,,,280.0,-360.0,320.0,-425.0,0.22727,espnbet,134.0,137.0,0.0,9.5,-110.0,-110.0,,,,,,,,,,,,,,,,,,,,,,
401705248,2025-01-31,2025,2025-02-01T00:30Z,,fourfactors_hl25_b2b_carry25_phase_luck_talent_ft_avail_v6,reconstructed,TOR,CHI,47,48,0,0,-4.76,0.54911,TOR,0.54911,,,,,-140.0,120.0,-170.0,140.0,0.60177,espnbet,106.0,122.0,0.0,-4.5,-105.0,-115.0,,,,,,,,,,,,,,,,,,,,,,
401705249,2025-01-31,2025,2025-02-01T01:00Z,,fourfactors_hl25_b2b_carry25_phase_luck_talent_ft_avail_v6,reconstructed,NOP,BOS,48,48,0,0,-41.345,0.15725,BOS,0.84275,,,,,400.0,-600.0,475.0,-750.0,0.16465,espnbet,116.0,118.0,0.0,11.5,-110.0,-110.0,,,,,,,,,,,,,,,,,,,,,,
401705250,2025-01-31,2025,2025-02-01T01:00Z,,fourfactors_hl25_b2b_carry25_phase_luck_talent_ft_avail_v6,reconstructed,SAS,MIL,44,45,0,0,-21.014,0.40406,MIL,0.59594,,,,,125.0,-145.0,120.0,-145.0,0.4344,espnbet,144.0,118.0,1.0,2.5,-105.0,-115.0,,,,,,,,,,,,,,,,,,,,,,
401705251,2025-01-31,2025,2025-02-01T03:00Z,,fourfactors_hl25_b2b_carry25_phase_luck_talent_ft_avail_v6,reconstructed,GSW,PHO,47,46,0,0,-0.459,0.42861,PHO,0.57139,,,,,-115.0,-105.0,120.0,-145.0,0.4344,espnbet,105.0,130.0,0.0,2.5,100.0,-120.0,,,,,,,,,,,,,,,,,,,,,,
401705252,2025-02-01,2025,2025-02-01T22:00Z,,fourfactors_hl25_b2b_carry25_phase_luck_talent_ft_avail_v6,reconstructed,IND,ATL,46,48,0,0,18.759,0.77796,IND,0.77796,,,,,-250.0,210.0,-400.0,310.0,0.76636,espnbet,132.0,127.0,1.0,-9.5,-105.0,-115.0,,,,,,,,,,,,,,,,,,,,,,
401705253,2025-02-01,2025,2025-02-01T22:00Z,,fourfactors_hl25_b2b_carry25_phase_luck_talent_ft_avail_v6,reconstructed,UTA,ORL,46,49,0,0,-9.047,0.47366,ORL,0.52634,,,,,190.0,-225.0,150.0,-180.0,0.38356,espnbet,113.0,99.0,1.0,3.5,-105.0,-115.0,,,,,,,,,,,,,,,,,,,,,,
401705254,2025-02-01,2025,2025-02-02T00:00Z,,fourfactors_hl25_b2b_carry25_phase_luck_talent_ft_avail_v6,reconstructed,CHO,DEN,45,48,1,1,-32.078,0.1615,DEN,0.8385,,,,,800.0,-1600.0,550.0,-800.0,0.14754,espnbet,104.0,107.0,0.0,12.5,100.0,-120.0,,,,,,,,,,,,,,,,,,,,,,
401705255,2025-02-01,2025,2025-02-02T01:00Z,,fourfactors_hl25_b2b_carry25_phase_luck_talent_ft_avail_v6,reconstructed,HOU,BRK,47,48,0,0,40.981,0.84361,HOU,0.84361,,,,,-1400.0,750.0,-850.0,575.0,0.85794,espnbet,98.0,110.0,0.0,-12.5,-115.0,-105.0,,,,,,,,,,,,,,,,,,,,,,
401705256,2025-02-01,2025,2025-02-02T01:00Z,,fourfactors_hl25_b2b_carry25_phase_luck_talent_ft_avail_v6,reconstructed,MIN,WAS,48,47,0,0,58.229,0.87513,MIN,0.87513,,,,,-2000.0,1000.0,-650.0,475.0,0.83287,espnbet,103.0,105.0,0.0,-11.5,-110.0,-110.0,,,,,,,,,,,,,,,,,,,,,,
401705257,2025-02-01,2025,2025-02-02T01:00Z,,fourfactors_hl25_b2b_carry25_phase_luck_talent_ft_avail_v6,reconstructed,OKC,SAC,46,47,0,0,23.491,0.63426,OKC,0.63426,,,,,-500.0,360.0,-275.0,225.0,0.70443,espnbet,144.0,110.0,1.0,-7.5,-105.0,-115.0,,,,,,,,,,,,,,,,,,,,,,
401705258,2025-02-01,2025,2025-02-02T01:30Z,,fourfactors_hl25_b2b_carry25_phase_luck_talent_ft_avail_v6,reconstructed,NYK,LAL,48,46,0,0,16.466,0.78167,NYK,0.78167,,,,,-500.0,360.0,-550.0,380.0,0.80243,espnbet,112.0,128.0,0.0,-10.5,-105.0,-115.0,,,,,,,,,,,,,,,,,,,,,,
401705259,2025-02-01,2025,2025-02-02T01:30Z,,fourfactors_hl25_b2b_carry25_phase_luck_talent_ft_avail_v6,reconstructed,SAS,MIA,45,46,1,0,1.987,0.45869,MIA,0.54131,,,,,-115.0,-105.0,125.0,-150.0,0.42553,espnbet,103.0,105.0,0.0,2.5,-105.0,-115.0,,,,,,,,,,,,,,,,,,,,,,
401705260,2025-02-01,2025,2025-02-02T03:00Z,,fourfactors_hl25_b2b_carry25_phase_luck_talent_ft_avail_v6,reconstructed,POR,PHO,48,47,0,1,-15.539,0.33489,PHO,0.66511,,,,,130.0,-150.0,165.0,-200.0,0.36145,espnbet,127.0,108.0,1.0,4.5,-105.0,-115.0,,,,,,,,,,,,,,,,,,,,,,
401705261,2025-02-02,2025,2025-02-02T20:00Z,,fourfactors_hl25_b2b_carry25_phase_luck_talent_ft_avail_v6,reconstructed,DET,CHI,48,49,0,0,-0.401,0.60898,DET,0.60898,,,,,-190.0,160.0,-230.0,190.0,0.66901,espnbet,127.0,119.0,1.0,-5.5,-115.0,-105.0,,,,,,,,,,,,,,,,,,,,,,
401705262,2025-02-02,2025,2025-02-02T20:30Z,,fourfactors_hl25_b2b_carry25_phase_luck_talent_ft_avail_v6,reconstructed,CLE,DAL,48,49,0,0,23.599,0.82549,CLE,0.82549,,,,,-750.0,475.0,-1200.0,750.0,0.88696,espnbet,144.0,101.0,1.0,-15.5,-105.0,-115.0,,,,,,,,,,,,,,,,,,,,,,
401705263,2025-02-02,2025,2025-02-02T20:30Z,,fourfactors_hl25_b2b_carry25_phase_luck_talent_ft_avail_v6,reconstructed,TOR,LAC,48,48,0,0,-20.634,0.39072,LAC,0.60928,,,,,175.0,-210.0,175.0,-210.0,0.3493,espnbet,115.0,108.0,1.0,5.5,-105.0,-115.0,,,,,,,,,,,,,,,,,,,,,,
401705264,2025-02-02,2025,2025-02-02T23:00Z,,fourfactors_hl25_b2b_carry25_phase_luck_talent_ft_avail_v6,reconstructed,PHI,BOS,47,49,0,0,-34.525,0.12767,BOS,0.87233,,,,,450.0,-700.0,450.0,-700.0,0.17204,espnbet,110.0,118.0,0.0,12.5,-115.0,-105.0,,,,,,,,,,,,,,,,,,,,,,
401705265,2025-02-02,2025,2025-02-03T01:30Z,,fourfactors_hl25_b2b_carry25_phase_luck_talent_ft_avail_v6,reconstructed,MIL,MEM,46,48,0,0,-3.636,0.6084,MIL,0.6084,,,,,-185.0,155.0,-170.0,140.0,0.60177,espnbet,119.0,132.0,0.0,-3.5,-115.0,-105.0,,,,,,,,,,,,,,,,,,,,,,
401705266,2025-02-03,2025,2025-02-04T00:00Z,,fourfactors_hl25_b2b_carry25_phase_luck_talent_ft_avail_v6,reconstructed,CHO,WAS,46,48,0,0,27.095,0.6642,CHO,0.6642,,,,,-185.0,155.0,-180.0,150.0,0.61644,espnbet,114.0,124.0,0.0,-4.5,-110.0,-110.0,,,,,,,,,,,,,,,,,,,,,,
401705267,2025-02-03,2025,2025-02-04T00:00Z,,fourfactors_hl25_b2b_carry25_phase_luck_talent_ft_avail_v6,reconstructed,DET,ATL,49,49,1,0,5.345,0.54549,DET,0.54549,,,,,-155.0,135.0,-190.0,160.0,0.6301,espnbet,130.0,132.0,0.0,-4.5,-115.0,-105.0,,,,,,,,,,,,,,,,,,,,,,
401705268,2025-02-03,2025,2025-02-04T00:30Z,,fourfactors_hl25_b2b_carry25_phase_luck_talent_ft_avail_v6,reconstructed,NYK,HOU,49,48,0,0,8.983,0.74222,NYK,0.74222,,,,,-200.0,170.0,-285.0,230.0,0.70954,espnbet,124.0,118.0,1.0,-7.5,-110.0,-110.0,,,,,,,,,,,,,,,,,,,,,,
401705270,2025-02-03,2025,2025-02-04T01:00Z,,fourfactors_hl25_b2b_carry25_phase_luck_talent_ft_avail_v6,reconstructed,MIN,SAC,49,48,0,0,10.242,0.42438,SAC,0.57562,,,,,-110.0,-110.0,-190.0,160.0,0.6301,espnbet,114.0,116.0,0.0,-4.5,-110.0,-110.0,,,,,,,,,,,,,,,,,,,,,,
401705271,2025-02-03,2025,2025-02-04T01:00Z,,fourfactors_hl25_b2b_carry25_phase_luck_talent_ft_avail_v6,reconstructed,OKC,MIL,47,47,0,1,20.003,0.82724,OKC,0.82724,,,,,-425.0,320.0,-1800.0,900.0,0.90452,espnbet,125.0,96.0,1.0,-17.5,-110.0,-110.0,,,,,,,,,,,,,,,,,,,,,,
401705269,2025-02-03,2025,2025-02-04T01:50Z,,fourfactors_hl25_b2b_carry25_phase_luck_talent_ft_avail_v6,reconstructed,MEM,SAS,49,46,1,0,19.354,0.60509,MEM,0.60509,,,,,-240.0,200.0,-160.0,135.0,0.59119,espnbet,128.0,109.0,1.0,-4.5,-105.0,-115.0,,,,,,,,,,,,,,,,,,,,,,
401705272,2025-02-03,2025,2025-02-04T02:00Z,,fourfactors_hl25_b2b_carry25_phase_luck_talent_ft_avail_v6,reconstructed,DEN,NOP,49,49,0,0,32.189,0.80347,DEN,0.80347,,,,,-1200.0,700.0,-415.0,320.0,0.77192,espnbet,125.0,113.0,1.0,-9.5,-105.0,-115.0,,,,,,,,,,,,,,,,,,,,,,
401705273,2025-02-03,2025,2025-02-04T02:00Z,,fourfactors_hl25_b2b_carry25_phase_luck_talent_ft_avail_v6,reconstructed,UTA,IND,47,47,0,0,-32.245,0.31174,IND,0.68826,,,,,210.0,-250.0,200.0,-245.0,0.31944,espnbet,111.0,112.0,0.0,6.5,-110.0,-110.0,,,,,,,,,,,,,,,,,,,,,,
401705274,2025-02-03,2025,2025-02-04T03:00Z,,fourfactors_hl25_b2b_carry25_phase_luck_talent_ft_avail_v6,reconstructed,GSW,ORL,48,50,0,0,13.959,0.70571,GSW,0.70571,,,,,-130.0,110.0,-170.0,140.0,0.60177,espnbet,104.0,99.0,1.0,-3.5,-105.0,-115.0,,,,,,,,,,,,,,,,,,,,,,
401705275,2025-02-03,2025,2025-02-04T03:00Z,,fourfactors_hl25_b2b_carry25_phase_luck_talent_ft_avail_v6,reconstructed,POR,PHO,49,48,0,0,-10.795,0.31083,PHO,0.68917,,,,,150.0,-175.0,170.0,-200.0,0.35714,espnbet,121.0,119.0,1.0,4.5,100.0,-120.0,,,,,,,,,,,,,,,,,,,,,,
401705278,2025-02-04,2025,2025-02-05T00:00Z,,fourfactors_hl25_b2b_carry25_phase_luck_talent_ft_avail_v6,reconstructed,PHI,DAL,48,50,0,0,-11.393,0.59641,PHI,0.59641,,,,,-115.0,-105.0,-175.0,145.0,0.60924,espnbet,118.0,116.0,1.0,-3.5,-115.0,-105.0,,,,,,,,,,,,,,,,,,,,,,
401705276,2025-02-04,2025,2025-02-05T00:30Z,,fourfactors_hl25_b2b_carry25_phase_luck_talent_ft_avail_v6,reconstructed,CLE,BOS,49,50,0,0,8.6,0.4731,BOS,0.5269,,,,,-130.0,110.0,-120.0,100.0,0.52174,espnbet,105.0,112.0,0.0,-1.5,-105.0,-115.0,,,,,,,,,,,,,,,,,,,,,,
401705277,2025-02-04,2025,2025-02-05T00:30Z,,fourfactors_hl25_b2b_carry25_phase_luck_talent_ft_avail_v6,reconstructed,BRK,HOU,49,49,0,1,-34.701,0.41082,HOU,0.58918,,,,,340.0,-450.0,315.0,-400.0,0.23148,espnbet,99.0,97.0,1.0,8.5,100.0,-120.0,,,,,,,,,,,,,,,,,,,,,,
401705279,2025-02-04,2025,2025-02-05T00:30Z,,fourfactors_hl25_b2b_carry25_phase_luck_talent_ft_avail_v6,reconstructed,TOR,NYK,49,50,0,1,-30.098,0.28367,NYK,0.71633,,,,,210.0,-250.0,185.0,-220.0,0.33791,espnbet,115.0,121.0,0.0,5.5,-105.0,-115.0,,,,,,,,,,,,,,,,,,,,,,
401705280,2025-02-04,2025,2025-02-05T01:00Z,,fourfactors_hl25_b2b_carry25_phase_luck_talent_ft_avail_v6,reconstructed,CHI,MIA,50,47,0,0,-2.182,0.45358,MIA,0.54642,,,,,140.0,-165.0,135.0,-160.0,0.40881,espnbet,133.0,124.0,1.0,3.5,-110.0,-110.0,,,,,,,,,,,,,,,,,,,,,,
401705281,2025-02-04,2025,2025-02-05T03:00Z,,fourfactors_hl25_b2b_carry25_phase_luck_talent_ft_avail_v6,reconstructed,LAC,LAL,49,47,0,0,1.429,0.63795,LAC,0.63795,,,,,-275.0,225.0,-360.0,280.0,0.74836,espnbet,97.0,122.0,0.0,-8.5,-110.0,-110.0,,,,,,,,,,,,,,,,,,,,,,
401705282,2025-02-04,2025,2025-02-05T03:00Z,,fourfactors_hl25_b2b_carry25_phase_luck_talent_ft_avail_v6,reconstructed,POR,IND,50,48,1,1,-19.658,0.33511,IND,0.66489,,,,,160.0,-190.0,170.0,-205.0,0.35527,espnbet,112.0,89.0,1.0,5.5,-115.0,-105.0,,,,,,,,,,,,,,,,,,,,,,
401705283,2025-02-05,2025,2025-02-06T00:00Z,,fourfactors_hl25_b2b_carry25_phase_luck_talent_ft_avail_v6,reconstructed,CHO,MIL,47,48,0,0,-24.717,0.32675,MIL,0.67325,,,,,300.0,-400.0,400.0,-525.0,0.19231,espnbet,102.0,112.0,0.0,8.5,100.0,-120.0,,,,,,,,,,,,,,,,,,,,,,
401705284,2025-02-05,2025,2025-02-06T00:00Z,,fourfactors_hl25_b2b_carry25_phase_luck_talent_ft_avail_v6,reconstructed,DET,CLE,50,50,0,1,-36.11,0.32405,CLE,0.67595,,,,,170.0,-200.0,140.0,-165.0,0.40091,espnbet,115.0,118.0,0.0,3.5,-105.0,-115.0,,,,,,,,,,,,,,,,,,,,,,
401705285,2025-02-05,2025,2025-02-06T00:00Z,,fourfactors_hl25_b2b_carry25_phase_luck_talent_ft_avail_v6,reconstructed,ATL,SAS,50,47,0,0,-4.724,0.52291,ATL,0.52291,,,,,140.0,-165.0,150.0,-175.0,0.38596,espnbet,125.0,126.0,0.0,4.5,-110.0,-110.0,,,,,,,,,,,,,,,,,,,,,,
401705286,2025-02-05,2025,2025-02-06T00:30Z,,fourfactors_hl25_b2b_carry25_phase_luck_talent_ft_avail_v6,reconstructed,BRK,WAS,50,49,1,0,14.038,0.58503,BRK,0.58503,,,,,-120.0,100.0,-220.0,180.0,0.65812,espnbet,102.0,119.0,0.0,-5.5,-115.0,-105.0,,,,,,,,,,,,,,,,,,,,,,
401705287,2025-02-05,2025,2025-02-06T00:30Z,,fourfactors_hl25_b2b_carry25_phase_luck_talent_ft_avail_v6,reconstructed,PHI,MIA,49,48,1,1,-4.922,0.55615,PHI,0.55615,,,,,100.0,-120.0,-130.0,110.0,0.54274,espnbet,101.0,108.0,0.0,-1.5,-115.0,-105.0,,,,,,,,,,,,,,,,,,,,,,
401705288,2025-02-05,2025,2025-02-06T00:30Z,,fourfactors_hl25_b2b_carry25_phase_luck_talent_ft_avail_v6,reconstructed,TOR,MEM,50,50,1,0,-29.584,0.28659,MEM,0.71341,,,,,225.0,-275.0,370.0,-480.0,0.20451,espnbet,107.0,138.0,0.0,9.5,100.0,-120.0,,,,,,,,,,,,,,,,,,,,,,
401705289,2025-02-05,2025,2025-02-06T01:00Z,,fourfactors_hl25_b2b_carry25_phase_luck_talent_ft_avail_v6,reconstructed,MIN,CHI,50,51,0,1,15.541,0.7831,MIN,0.7831,,,,,-650.0,425.0,-650.0,425.0,0.81982,espnbet,127.0,108.0,1.0,-10.5,-115.0,-105.0,,,,,,,,,,,,,,,,,,,,,,
401705291,2025-02-05,2025,2025-02-06T02:00Z,,fourfactors_hl25_b2b_carry25_phase_luck_talent_ft_avail_v6,reconstructed,UTA,GSW,48,49,0,0,-19.546,0.46979,GSW,0.53021,,,,,220.0,-270.0,200.0,-250.0,0.31818,espnbet,131.0,128.0,1.0,6.5,-110.0,-110.0,,,,,,,,,,,,,,,,,,,,,,
401705292,2025-02-05,2025,2025-02-06T02:00Z,,fourfactors_hl25_b2b_carry25_phase_luck_talent_ft_avail_v6,reconstructed,DEN,NOP,50,50,0,0,33.22,0.82722,DEN,0.82722,,,,,-550.0,380.0,-650.0,425.0,0.81982,espnbet,144.0,119.0,1.0,-11.5,-105.0,-115.0,,,,,,,,,,,,,,,,,,,,,,
401705290,2025-02-05,2025,2025-02-06T02:30Z,,fourfactors_hl25_b2b_carry25_phase_luck_talent_ft_avail_v6,reconstructed,OKC,PHO,48,49,0,0,34.615,0.74508,OKC,0.74508,,,,,-1200.0,700.0,-800.0,550.0,0.85246,espnbet,140.0,109.0,1.0,-12.5,-110.0,-110.0,,,,,,,,,,,,,,,,,,,,,,
401705293,2025-02-05,2025,2025-02-06T03:00Z,,fourfactors_hl25_b2b_carry25_phase_luck_talent_ft_avail_v6,reconstructed,SAC,ORL,49,51,0,0,19.231,0.69409,SAC,0.69409,,,,,-200.0,170.0,-165.0,140.0,0.59909,espnbet,111.0,130.0,0.0,-3.5,-115.0,-105.0,,,,,,,,,,,,,,,,,,,,,,
401705294,2025-02-06,2025,2025-02-07T00:30Z,,fourfactors_hl25_b2b_carry25_phase_luck_talent_ft_avail_v6,reconstructed,BOS,DAL,51,51,0,0,23.47,0.85192,BOS,0.85192,,,,,-600.0,400.0,-700.0,500.0,0.84,espnbet,120.0,127.0,0.0,-12.5,100.0,-120.0,,,,,,,,,,,,,,,,,,,,,,
401705295,2025-02-06,2025,2025-02-07T01:00Z,,fourfactors_hl25_b2b_carry25_phase_luck_talent_ft_avail_v6,reconstructed,MIN,HOU,51,50,1,0,5.298,0.57004,MIN,0.57004,,,,,-120.0,100.0,-120.0,100.0,0.52174,espnbet,127.0,114.0,1.0,-0.5,-115.0,-105.0,,,,,,,,,,,,,,,,,,,,,,
401705296,2025-02-06,2025,2025-02-07T02:00Z,,fourfactors_hl25_b2b_carry25_phase_luck_talent_ft_avail_v6,reconstructed,DEN,ORL,51,52,1,1,34.029,0.78604,DEN,0.78604,,,,,-450.0,340.0,-240.0,195.0,0.67557,espnbet,112.0,90.0,1.0,-6.5,100.0,-120.0,,,,,,,,,,,,,,,,,,,,,,
401705297,2025-02-06,2025,2025-02-07T03:00Z,,fourfactors_hl25_b2b_carry25_phase_luck_talent_ft_avail_v6,reconstructed,LAL,GSW,48,50,0,1,12.024,0.59973,LAL,0.59973,,,,,-260.0,215.0,-180.0,150.0,0.61644,espnbet,120.0,112.0,1.0,-4.5,-115.0,-105.0,,,,,,,,,,,,,,,,,,,,,,
401705298,2025-02-06,2025,2025-02-07T03:00Z,,fourfactors_hl25_b2b_carry25_phase_luck_talent_ft_avail_v6,reconstructed,POR,SAC,51,50,0,1,-9.253,0.43346,SAC,0.56654,,,,,110.0,-130.0,100.0,-120.0,0.47826,espnbet,108.0,102.0,1.0,1.5,-110.0,-110.0,,,,,,,,,,,,,,,,,,,,,,
401705299,2025-02-06,2025,2025-02-07T03:30Z,,fourfactors_hl25_b2b_carry25_phase_luck_talent_ft_avail_v6,reconstructed,LAC,IND,50,49,0,0,-4.064,0.52231,LAC,0.52231,,,,,-150.0,130.0,-210.0,175.0,0.6507,espnbet,112.0,119.0,0.0,-5.5,-105.0,-115.0,,,,,,,,,,,,,,,,,,,,,,
401705300,2025-02-07,2025,2025-02-08T00:00Z,,fourfactors_hl25_b2b_carry25_phase_luck_talent_ft_avail_v6,reconstructed,CHO,SAS,48,48,0,0,-13.574,0.28142,SAS,0.71858,,,,,450.0,-700.0,300.0,-400.0,0.2381,espnbet,117.0,116.0,1.0,9.5,-110.0,-110.0,,,,,,,,,,,,,,,,,,,,,,
401705301,2025-02-07,2025,2025-02-08T00:00Z,,fourfactors_hl25_b2b_carry25_phase_luck_talent_ft_avail_v6,reconstructed,WAS,CLE,50,51,0,0,-67.965,0.08137,CLE,0.91863,,,,,1100.0,-2500.0,1200.0,-3000.0,0.07363,espnbet,124.0,134.0,0.0,17.5,-110.0,-110.0,,,,,,,,,,,,,,,,,,,,,,
401705302,2025-02-07,2025,2025-02-08T00:30Z,,fourfactors_hl25_b2b_carry25_phase_luck_talent_ft_avail_v6,reconstructed,ATL,MIL,51,49,0,0,-18.363,0.52342,ATL,0.52342,,,,,175.0,-210.0,115.0,-140.0,0.44362,espnbet,115.0,110.0,1.0,2.5,-105.0,-115.0,,,,,,,,,,,,,,,,,,,,,,
401705303,2025-02-07,2025,2025-02-08T00:30Z,,fourfactors_hl25_b2b_carry25_phase_luck_talent_ft_avail_v6,reconstructed,BRK,MIA,51,49,0,0,-22.112,0.32654,MIA,0.67346,,,,,240.0,-290.0,175.0,-210.0,0.3493,espnbet,102.0,86.0,1.0,5.5,-115.0,-105.0,,,,,,,,,,,,,,,,,,,,,,
401705304,2025-02-07,2025,2025-02-08T00:30Z,,fourfactors_hl25_b2b_carry25_phase_luck_talent_ft_avail_v6,reconstructed,DET,PHI,51,50,0,0,4.991,0.49645,PHI,0.50355,,,,,110.0,-130.0,190.0,-230.0,0.33099,espnbet,125.0,112.0,1.0,6.5,-120.0,100.0,,,,,,,,,,,,,,,,,,,,,,
401705305,2025-02-07,2025,2025-02-08T01:00Z,,fourfactors_hl25_b2b_carry25_phase_luck_talent_ft_avail_v6,reconstructed,OKC,TOR,49,51,0,0,50.286,0.91728,OKC,0.91728,,,,,-4000.0,1300.0,-4000.0,1300.0,0.93178,espnbet,121.0,109.0,1.0,-18.5,-110.0,-110.0,,,,,,,,,,,,,,,,,,,,,,
401705306,2025-02-07,2025,2025-02-08T03:00Z,,fourfactors_hl25_b2b_carry25_phase_luck_talent_ft_avail_v6,reconstructed,PHO,UTA,50,49,0,0,16.948,0.79559,PHO,0.79559,,,,,-300.0,250.0,-280.0,230.0,0.70859,espnbet,135.0,127.0,1.0,-7.5,-105.0,-115.0,,,,,,,,,,,,,,,,,,,,,,
401705307,2025-02-08,2025,2025-02-08T20:00Z,,fourfactors_hl25_b2b_carry25_phase_luck_talent_ft_avail_v6,reconstructed,DAL,HOU,52,51,0,0,-4.141,0.56467,DAL,0.56467,,,,,-170.0,145.0,-150.0,130.0,0.57983,espnbet,116.0,105.0,1.0,-3.5,-105.0,-115.0,,,,,,,,,,,,,,,,,,,,,,
401705308,2025-02-08,2025,2025-02-08T21:00Z,,fourfactors_hl25_b2b_carry25_phase_luck_talent_ft_avail_v6,reconstructed,LAL,IND,49,50,0,0,2.538,0.48233,IND,0.51767,,,,,-125.0,105.0,155.0,-185.0,0.37661,espnbet,124.0,117.0,1.0,4.5,-110.0,-110.0,,,,,,,,,,,,,,,,,,,,,,
401705309,2025-02-08,2025,2025-02-09T00:00Z,,fourfactors_hl25_b2b_carry25_phase_luck_talent_ft_avail_v6,reconstructed,ORL,SAS,53,49,0,1,-14.337,0.4892,SAS,0.5108,,,,,-125.0,105.0,-135.0,115.0,0.55259,espnbet,112.0,111.0,1.0,-2.5,-105.0,-115.0,,,,,,,,,,,,,,,,,,,,,,
401705310,2025-02-08,2025,2025-02-09T00:00Z,,fourfactors_hl25_b2b_carry25_phase_luck_talent_ft_avail_v6,reconstructed,WAS,ATL,51,52,1,1,-28.676,0.27407,ATL,0.72593,,,,,175.0,-210.0,215.0,-260.0,0.30534,espnbet,111.0,125.0,0.0,6.5,-110.0,-110.0,,,,,,,,,,,,,,,,,,,,,,
401705311,2025-02-08,2025,2025-02-09T01:00Z,,fourfactors_hl25_b2b_carry25_phase_luck_talent_ft_avail_v6,reconstructed,CHI,GSW,52,51,0,0,-0.395,0.49352,GSW,0.50648,,,,,210.0,-250.0,205.0,-250.0,0.31461,espnbet,111.0,132.0,0.0,6.5,-115.0,-105.0,,,,,,,,,,,,,,,,,,,,,,
401705312,2025-02-08,2025,2025-02-09T01:00Z,,fourfactors_hl25_b2b_carry25_phase_luck_talent_ft_avail_v6,reconstructed,MEM,OKC,51,50,0,1,-13.802,0.46102,OKC,0.53898,,,,,110.0,-130.0,105.0,-125.0,0.46753,espnbet,112.0,125.0,0.0,1.5,-105.0,-115.0,,,,,,,,,,,,,,,,,,,,,,
401705313,2025-02-08,2025,2025-02-09T01:00Z,,fourfactors_hl25_b2b_carry25_phase_luck_talent_ft_avail_v6,reconstructed,MIN,POR,52,52,0,0,21.31,0.73673,MIN,0.73673,,,,,-215.0,180.0,-160.0,135.0,0.59119,espnbet,114.0,98.0,1.0,-3.5,-110.0,-110.0,,,,,,,,,,,,,,,,,,,,,,
401705314,2025-02-08,2025,2025-02-09T01:30Z,,fourfactors_hl25_b2b_carry25_phase_luck_talent_ft_avail_v6,reconstructed,NYK,BOS,51,52,0,0,-5.934,0.47423,BOS,0.52577,,,,,100.0,-120.0,125.0,-150.0,0.42553,espnbet,104.0,131.0,0.0,2.5,-105.0,-115.0,,,,,,,,,,,,,,,,,,,,,,
401705315,2025-02-08,2025,2025-02-09T02:00Z,,fourfactors_hl25_b2b_carry25_phase_luck_talent_ft_avail_v6,reconstructed,PHO,DEN,51,52,1,0,-22.993,0.24583,DEN,0.75417,,,,,150.0,-175.0,205.0,-250.0,0.31461,espnbet,105.0,122.0,0.0,6.5,-110.0,-110.0,,,,,,,,,,,,,,,,,,,,,,
401705316,2025-02-08,2025,2025-02-09T03:00Z,,fourfactors_hl25_b2b_carry25_phase_luck_talent_ft_avail_v6,reconstructed,SAC,NOP,51,51,0,0,18.24,0.77878,SAC,0.77878,,,,,-290.0,240.0,-330.0,260.0,0.73424,espnbet,123.0,118.0,1.0,-8.5,-110.0,-110.0,,,,,,,,,,,,,,,,,,,,,,
401705317,2025-02-08,2025,2025-02-09T03:30Z,,fourfactors_hl25_b2b_carry25_phase_luck_talent_ft_avail_v6,reconstructed,LAC,UTA,51,50,0,1,23.756,0.88342,LAC,0.88342,,,,,-1000.0,600.0,-1800.0,900.0,0.90452,espnbet,130.0,110.0,1.0,-17.5,-115.0,-105.0,,,,,,,,,,,,,,,,,,,,,,
401705318,2025-02-09,2025,2025-02-09T18:00Z,,fourfactors_hl25_b2b_carry25_phase_luck_talent_ft_avail_v6,reconstructed,DET,CHO,52,49,0,0,12.739,0.76926,DET,0.76926,,,,,-500.0,360.0,-800.0,500.0,0.84211,espnbet,112.0,102.0,1.0,-11.5,-120.0,100.0,,,,,,,,,,,,,,,,,,,,,,
401705319,2025-02-09,2025,2025-02-09T19:00Z,,fourfactors_hl25_b2b_carry25_phase_luck_talent_ft_avail_v6,reconstructed,HOU,TOR,52,52,1,0,19.314,0.76017,HOU,0.76017,,,,,-500.0,360.0,-360.0,280.0,0.74836,espnbet,94.0,87.0,1.0,-8.5,-105.0,-115.0,,,,,,,,,,,,,,,,,,,,,,
401705320,2025-02-09,2025,2025-02-09T19:00Z,,fourfactors_hl25_b2b_carry25_phase_luck_talent_ft_avail_v6,reconstructed,MIL,PHI,50,51,0,0,17.624,0.42662,PHI,0.57338,,,,,-135.0,115.0,140.0,-165.0,0.40091,espnbet,135.0,127.0,1.0,3.5,-105.0,-115.0,,,,,,,,,,,,,,,,,,,,,,
401705321,2025-02-10,2025,2025-02-11T00:00Z,,fourfactors_hl25_b2b_carry25_phase_luck_talent_ft_avail_v6,reconstructed,CLE,MIN,52,53,0,0,15.898,0.76489,CLE,0.76489,,,,,-250.0,210.0,-370.0,285.0,0.75191,espnbet,128.0,107.0,1.0,-7.5,-115.0,-105.0,,,,,,,,,,,,,,,,,,,,,,
401705322,2025-02-10,2025,2025-02-11T00:00Z,,fourfactors_hl25_b2b_carry25_phase_luck_talent_ft_avail_v6,reconstructed,ORL,ATL,54,53,0,0,-11.222,0.52547,ORL,0.52547,,,,,-210.0,175.0,-240.0,195.0,0.67557,espnbet,106.0,112.0,0.0,-6.5,100.0,-120.0,,,,,,,,,,,,,,,,,,,,,,
401705323,2025-02-10,2025,2025-02-11T00:00Z,,fourfactors_hl25_b2b_carry25_phase_luck_talent_ft_avail_v6,reconstructed,WAS,SAS,52,50,0,0,-33.256,0.18161,SAS,0.81839,,,,,475.0,-750.0,450.0,-700.0,0.17204,espnbet,121.0,131.0,0.0,10.5,-110.0,-110.0,,,,,,,,,,,,,,,,,,,,,,
401705324,2025-02-10,2025,2025-02-11T00:30Z,,fourfactors_hl25_b2b_carry25_phase_luck_talent_ft_avail_v6,reconstructed,BRK,CHO,52,50,0,1,-6.742,0.67696,BRK,0.67696,,,,,-175.0,150.0,-185.0,155.0,0.62339,espnbet,97.0,89.0,1.0,-4.5,-115.0,-105.0,,,,,,,,,,,,,,,,,,,,,,
401705325,2025-02-10,2025,2025-02-11T00:30Z,,fourfactors_hl25_b2b_carry25_phase_luck_talent_ft_avail_v6,reconstructed,MIA,BOS,50,53,0,0,-31.382,0.24271,BOS,0.75729,,,,,210.0,-250.0,250.0,-320.0,0.27273,espnbet,85.0,103.0,0.0,8.5,-110.0,-110.0,,,,,,,,,,,,,,,,,,,,,,
401705326,2025-02-10,2025,2025-02-11T01:00Z,,fourfactors_hl25_b2b_carry25_phase_luck_talent_ft_avail_v6,reconstructed,MIL,GSW,51,52,1,0,10.729,0.43063,GSW,0.56937,,,,,210.0,-250.0,220.0,-270.0,0.29984,espnbet,111.0,125.0,0.0,7.5,-115.0,-105.0,,,,,,,,,,,,,,,,,,,,,,
401705327,2025-02-10,2025,2025-02-11T01:00Z,,fourfactors_hl25_b2b_carry25_phase_luck_talent_ft_avail_v6,reconstructed,OKC,NOP,51,52,0,0,52.821,0.89082,OKC,0.89082,,,,,-1200.0,700.0,-1600.0,900.0,0.90395,espnbet,137.0,101.0,1.0,-17.5,-105.0,-115.0,,,,,,,,,,,,,,,,,,,,,,
401705328,2025-02-10,2025,2025-02-11T01:30Z,,fourfactors_hl25_b2b_carry25_phase_luck_talent_ft_avail_v6,reconstructed,DAL,SAC,53,52,0,0,4.724,0.5599,DAL,0.5599,,,,,-115.0,-105.0,-105.0,-115.0,0.48917,espnbet,128.0,129.0,0.0,1.5,-110.0,-110.0,,,,,,,,,,,,,,,,,,,,,,
401705329,2025-02-10,2025,2025-02-11T02:00Z,,fourfactors_hl25_b2b_carry25_phase_luck_talent_ft_avail_v6,reconstructed,DEN,POR,53,53,0,0,32.013,0.85258,DEN,0.85258,,,,,-380.0,290.0,-425.0,330.0,0.77683,espnbet,146.0,117.0,1.0,-9.5,100.0,-120.0,,,,,,,,,,,,,,,,,,,,,,
401705334,2025-02-10,2025,2025-02-11T03:30Z,,fourfactors_hl25_b2b_carry25_phase_luck_talent_ft_avail_v6,reconstructed,LAL,UTA,50,51,0,0,32.598,0.83324,LAL,0.83324,,,,,-1400.0,750.0,-700.0,500.0,0.84,espnbet,132.0,113.0,1.0,-12.5,-110.0,-110.0,,,,,,,,,,,,,,,,,,,,,,
401705330,2025-02-11,2025,2025-02-12T00:00Z,,fourfactors_hl25_b2b_carry25_phase_luck_talent_ft_avail_v6,reconstructed,PHI,TOR,52,53,0,0,6.026,0.81111,PHI,0.81111,,,,,-300.0,250.0,-600.0,400.0,0.81081,espnbet,103.0,106.0,0.0,-10.5,-115.0,-105.0,,,,,,,,,,,,,,,,,,,,,,
401705331,2025-02-11,2025,2025-02-12T00:30Z,,fourfactors_hl25_b2b_carry25_phase_luck_talent_ft_avail_v6,reconstructed,IND,NYK,51,52,0,0,-7.186,0.4711,NYK,0.5289,,,,,-110.0,-110.0,110.0,-130.0,0.45726,espnbet,115.0,128.0,0.0,2.5,-115.0,-105.0,,,,,,,,,,,,,,,,,,,,,,
401705332,2025-02-11,2025,2025-02-12T01:00Z,,fourfactors_hl25_b2b_carry25_phase_luck_talent_ft_avail_v6,reconstructed,CHI,DET,53,53,0,0,-5.088,0.52201,CHI,0.52201,,,,,125.0,-145.0,165.0,-195.0,0.36341,espnbet,92.0,132.0,0.0,5.5,-120.0,100.0,,,,,,,,,,,,,,,,,,,,,,
401705333,2025-02-11,2025,2025-02-12T03:00Z,,fourfactors_hl25_b2b_carry25_phase_luck_talent_ft_avail_v6,reconstructed,PHO,MEM,52,52,0,0,-23.402,0.32729,MEM,0.67271,,,,,110.0,-130.0,135.0,-155.0,0.41179,espnbet,112.0,119.0,0.0,3.5,-115.0,-105.0,,,,,,,,,,,,,,,,,,,,,,
401705335,2025-02-12,2025,2025-02-13T00:00Z,,fourfactors_hl25_b2b_carry25_phase_luck_talent_ft_avail_v6,reconstructed,BOS,SAS,54,51,0,0,27.447,0.76813,BOS,0.76813,,,,,-320.0,260.0,-315.0,250.0,0.72652,espnbet,116.0,103.0,1.0,-7.5,-115.0,-105.0,,,,,,,,,,,,,,,,,,,,,,
401705336,2025-02-12,2025,2025-02-13T00:00Z,,fourfactors_hl25_b2b_carry25_phase_luck_talent_ft_avail_v6,reconstructed,ORL,CHO,55,51,0,0,-0.546,0.73558,ORL,0.73558,,,,,-650.0,425.0,-800.0,550.0,0.85246,espnbet,102.0,86.0,1.0,-12.5,-115.0,-105.0,,,,,,,,,,,,,,,,,,,,,,
401705337,2025-02-12,2025,2025-02-13T00:00Z,,fourfactors_hl25_b2b_carry25_phase_luck_talent_ft_avail_v6,reconstructed,WAS,IND,53,52,0,1,-42.033,0.21376,IND,0.78624,,,,,340.0,-450.0,360.0,-500.0,0.2069,espnbet,130.0,134.0,0.0,9.5,-105.0,-115.0,,,,,,,,,,,,,,,,,,,,,,
401705338,2025-02-12,2025,2025-02-13T00:30Z,,fourfactors_hl25_b2b_carry25_phase_luck_talent_ft_avail_v6,reconstructed,BRK,PHI,53,53,0,1,-12.977,0.48105,PHI,0.51895,,,,,110.0,-130.0,-125.0,105.0,0.53247,espnbet,100.0,96.0,1.0,-1.5,-110.0,-110.0,,,,,,,,,,,,,,,,,,,,,,
401705339,2025-02-12,2025,2025-02-13T00:30Z,,fourfactors_hl25_b2b_carry25_phase_luck_talent_ft_avail_v6,reconstructed,NYK,ATL,53,54,1,0,19.22,0.69488,NYK,0.69488,,,,,-300.0,250.0,-330.0,260.0,0.73424,espnbet,149.0,148.0,1.0,-8.5,-105.0,-115.0,,,,,,,,,,,,,,,,,,,,,,
401705340,2025-02-12,2025,2025-02-13T00:30Z,,fourfactors_hl25_b2b_carry25_phase_luck_talent_ft_avail_v6,reconstructed,TOR,CLE,54,53,1,0,-45.203,0.15096,CLE,0.84904,,,,,550.0,-900.0,550.0,-800.0,0.14754,espnbet,108.0,131.0,0.0,12.5,-110.0,-110.0,,,,,,,,,,,,,,,,,,,,,,
401705341,2025-02-12,2025,2025-02-13T01:00Z,,fourfactors_hl25_b2b_carry25_phase_luck_talent_ft_avail_v6,reconstructed,CHI,DET,54,54,1,1,-12.264,0.46654,DET,0.53346,,,,,195.0,-230.0,190.0,-225.0,0.33248,espnbet,110.0,128.0,0.0,6.5,-120.0,100.0,,,,,,,,,,,,,,,,,,,,,,
401705342,2025-02-12,2025,2025-02-13T01:00Z,,fourfactors_hl25_b2b_carry25_phase_luck_talent_ft_avail_v6,reconstructed,MIN,MIL,54,52,0,0,5.721,0.66988,MIN,0.66988,,,,,-250.0,210.0,-425.0,330.0,0.77683,espnbet,101.0,103.0,0.0,-9.5,-110.0,-110.0,,,,,,,,,,,,,,,,,,,,,,
401705343,2025-02-12,2025,2025-02-13T01:00Z,,fourfactors_hl25_b2b_carry25_phase_luck_talent_ft_avail_v6,reconstructed,NOP,SAC,53,53,0,0,-20.782,0.28,SAC,0.72,,,,,145.0,-170.0,180.0,-220.0,0.34188,espnbet,111.0,119.0,0.0,5.5,100.0,-120.0,,,,,,,,,,,,,,,,,,,,,,
401705344,2025-02-12,2025,2025-02-13T01:00Z,,fourfactors_hl25_b2b_carry25_phase_luck_talent_ft_avail_v6,reconstructed,OKC,MIA,52,51,0,0,43.762,0.86549,OKC,0.86549,,,,,-750.0,475.0,-800.0,550.0,0.85246,espnbet,115.0,101.0,1.0,-13.5,-115.0,-105.0,,,,,,,,,,,,,,,,,,,,,,
401705345,2025-02-12,2025,2025-02-13T01:30Z,,fourfactors_hl25_b2b_carry25_phase_luck_talent_ft_avail_v6,reconstructed,HOU,PHO,53,53,0,1,8.913,0.72929,HOU,0.72929,,,,,-210.0,175.0,-400.0,315.0,0.76852,espnbet,119.0,111.0,1.0,-9.5,-110.0,-110.0,,,,,,,,,,,,,,,,,,,,,,
401705346,2025-02-12,2025,2025-02-13T02:00Z,,fourfactors_hl25_b2b_carry25_phase_luck_talent_ft_avail_v6,reconstructed,DEN,POR,54,54,0,0,36.953,0.87369,DEN,0.87369,,,,,-550.0,380.0,-425.0,330.0,0.77683,espnbet,132.0,121.0,1.0,-8.5,-110.0,-110.0,,,,,,,,,,,,,,,,,,,,,,
401705347,2025-02-12,2025,2025-02-13T02:00Z,,fourfactors_hl25_b2b_carry25_phase_luck_talent_ft_avail_v6,reconstructed,UTA,LAL,52,51,0,0,-35.319,0.21227,LAL,0.78773,,,,,240.0,-290.0,320.0,-400.0,0.22936,espnbet,131.0,119.0,1.0,9.5,-115.0,-105.0,,,,,,,,,,,,,,,,,,,,,,
401705348,2025-02-12,2025,2025-02-13T02:30Z,,fourfactors_hl25_b2b_carry25_phase_luck_talent_ft_avail_v6,reconstructed,DAL,GSW,54,53,0,0,5.901,0.48411,GSW,0.51589,,,,,160.0,-190.0,260.0,-330.0,0.26576,espnbet,111.0,107.0,1.0,7.5,-105.0,-115.0,,,,,,,,,,,,,,,,,,,,,,
401705349,2025-02-12,2025,2025-02-13T03:30Z,,fourfactors_hl25_b2b_carry25_phase_luck_talent_ft_avail_v6,reconstructed,LAC,MEM,52,53,0,1,-15.932,0.53187,LAC,0.53187,,,,,-165.0,140.0,-240.0,200.0,0.67925,espnbet,128.0,114.0,1.0,-6.5,-110.0,-110.0,,,,,,,,,,,,,,,,,,,,,,
401705350,2025-02-13,2025,2025-02-14T01:00Z,,fourfactors_hl25_b2b_carry25_phase_luck_talent_ft_avail_v6,reconstructed,HOU,GSW,54,54,1,1,7.696,0.48535,GSW,0.51465,,,,,-120.0,100.0,-105.0,-115.0,0.48917,espnbet,98.0,105.0,0.0,1.5,-105.0,-115.0,,,,,,,,,,,,,,,,,,,,,,
401705351,2025-02-13,2025,2025-02-14T01:00Z,,fourfactors_hl25_b2b_carry25_phase_luck_talent_ft_avail_v6,reconstructed,NOP,SAC,54,54,1,1,-22.159,0.3261,SAC,0.6739,,,,,210.0,-250.0,270.0,-340.0,0.25913,espnbet,140.0,133.0,1.0,7.5,-105.0,-115.0,,,,,,,,,,,,,,,,,,,,,,
401705352,2025-02-13,2025,2025-02-14T01:30Z,,fourfactors_hl25_b2b_carry25_phase_luck_talent_ft_avail_v6,reconstructed,DAL,MIA,55,52,1,1,12.819,0.64651,DAL,0.64651,,,,,110.0,-130.0,125.0,-150.0,0.42553,espnbet,118.0,113.0,1.0,2.5,-110.0,-110.0,,,,,,,,,,,,,,,,,,,,,,
401705353,2025-02-13,2025,2025-02-14T01:30Z,,fourfactors_hl25_b2b_carry25_phase_luck_talent_ft_avail_v6,reconstructed,MIN,OKC,55,53,1,1,-26.389,0.2349,OKC,0.7651,,,,,160.0,-190.0,340.0,-450.0,0.21739,espnbet,116.0,101.0,1.0,9.5,-110.0,-110.0,,,,,,,,,,,,,,,,,,,,,,
401705570,2025-02-13,2025,2025-02-14T02:00Z,,fourfactors_hl25_b2b_carry25_phase_luck_talent_ft_avail_v6,reconstructed,UTA,LAC,53,53,1,1,-25.707,0.30337,LAC,0.69663,,,,,260.0,-320.0,325.0,-425.0,0.2252,espnbet,116.0,120.0,0.0,9.5,-105.0,-115.0,,,,,,,,,,,,,,,,,,,,,,
401748704,2025-02-19,2025,2025-02-20T03:00Z,,fourfactors_hl25_b2b_carry25_phase_luck_talent_ft_avail_v6,reconstructed,LAL,CHO,52,52,0,0,28.31,0.85646,LAL,0.85646,,,,,-900.0,550.0,-800.0,500.0,0.84211,espnbet,97.0,100.0,0.0,-13.5,100.0,-120.0,,,,,,,,,,,,,,,,,,,,,,
401705354,2025-02-20,2025,2025-02-21T00:00Z,,fourfactors_hl25_b2b_carry25_phase_luck_talent_ft_avail_v6,reconstructed,IND,MEM,53,54,0,0,-12.438,0.52256,IND,0.52256,,,,,-105.0,-115.0,-105.0,-115.0,0.48917,espnbet,127.0,113.0,1.0,-0.5,-105.0,-115.0,,,,,,,,,,,,,,,,,,,,,,
401705355,2025-02-20,2025,2025-02-21T00:00Z,,fourfactors_hl25_b2b_carry25_phase_luck_talent_ft_avail_v6,reconstructed,PHI,BOS,54,55,0,0,-36.335,0.1545,BOS,0.8455,,,,,270.0,-340.0,210.0,-250.0,0.31111,espnbet,104.0,124.0,0.0,6.5,-110.0,-110.0,,,,,,,,,,,,,,,,,,,,,,
401705356,2025-02-20,2025,2025-02-21T00:30Z,,fourfactors_hl25_b2b_carry25_phase_luck_talent_ft_avail_v6,reconstructed,ATL,ORL,55,56,0,0,10.034,0.57726,ATL,0.57726,,,,,105.0,-125.0,105.0,-125.0,0.46753,espnbet,108.0,114.0,0.0,1.5,-105.0,-115.0,,,,,,,,,,,,,,,,,,,,,,
401705357,2025-02-20,2025,2025-02-21T00:30Z,,fourfactors_hl25_b2b_carry25_phase_luck_talent_ft_avail_v6,reconstructed,BRK,CLE,54,54,0,0,-52.305,0.14385,CLE,0.85615,,,,,600.0,-1000.0,475.0,-750.0,0.16465,espnbet,97.0,110.0,0.0,12.5,-115.0,-105.0,,,,,,,,,,,,,,,,,,,,,,
401705358,2025-02-20,2025,2025-02-21T00:30Z,,fourfactors_hl25_b2b_carry25_phase_luck_talent_ft_avail_v6,reconstructed,NYK,CHI,54,55,0,0,25.721,0.77066,NYK,0.77066,,,,,-900.0,550.0,-450.0,340.0,0.78261,espnbet,113.0,111.0,1.0,-10.5,-105.0,-115.0,,,,,,,,,,,,,,,,,,,,,,
401705359,2025-02-20,2025,2025-02-21T01:00Z,,fourfactors_hl25_b2b_carry25_phase_luck_talent_ft_avail_v6,reconstructed,MIL,LAC,53,54,0,0,2.414,0.55958,MIL,0.55958,,,,,-125.0,105.0,105.0,-125.0,0.46753,espnbet,116.0,110.0,1.0,1.5,-105.0,-115.0,,,,,,,,,,,,,,,,,,,,,,
401705360,2025-02-20,2025,2025-02-21T02:00Z,,fourfactors_hl25_b2b_carry25_phase_luck_talent_ft_avail_v6,reconstructed,DEN,CHO,55,53,0,1,41.123,0.91449,DEN,0.91449,,,,,-1400.0,750.0,-1600.0,800.0,0.89441,espnbet,129.0,115.0,1.0,-18.5,-105.0,-115.0,,,,,,,,,,,,,,,,,,,,,,
401705361,2025-02-20,2025,2025-02-21T02:30Z,,fourfactors_hl25_b2b_carry25_phase_luck_talent_ft_avail_v6,reconstructed,SAS,PHO,52,54,0,0,3.081,0.65417,SAS,0.65417,,,,,-135.0,115.0,125.0,-145.0,0.42888,espnbet,120.0,109.0,1.0,2.5,-105.0,-115.0,,,,,,,,,,,,,,,,,,,,,,
401705362,2025-02-20,2025,2025-02-21T03:00Z,,fourfactors_hl25_b2b_carry25_phase_luck_talent_ft_avail_v6,reconstructed,POR,LAL,55,53,0,1,-24.452,0.29032,LAL,0.70968,,,,,165.0,-195.0,105.0,-125.0,0.46753,espnbet,102.0,110.0,0.0,1.5,-105.0,-115.0,,,,,,,,,,,,,,,,,,,,,,
401705363,2025-02-21,2025,2025-02-22T00:00Z,,fourfactors_hl25_b2b_carry25_phase_luck_talent_ft_avail_v6,reconstructed,CLE,NYK,55,55,1,1,18.337,0.72962,CLE,0.72962,,,,,-270.0,220.0,-285.0,230.0,0.70954,espnbet,142.0,105.0,1.0,-7.5,-110.0,-110.0,,,,,,,,,,,,,,,,,,,,,,
401705364,2025-02-21,2025,2025-02-22T00:00Z,,fourfactors_hl25_b2b_carry25_phase_luck_talent_ft_avail_v6,reconstructed,ORL,MEM,57,55,1,1,-27.98,0.351,MEM,0.649,,,,,120.0,-140.0,110.0,-130.0,0.45726,espnbet,104.0,105.0,0.0,1.5,-105.0,-115.0,,,,,,,,,,,,,,,,,,,,,,
401705365,2025-02-21,2025,2025-02-22T00:00Z,,fourfactors_hl25_b2b_carry25_phase_luck_talent_ft_avail_v6,reconstructed,WAS,MIL,54,54,0,1,-41.796,0.21588,MIL,0.78412,,,,,260.0,-320.0,175.0,-215.0,0.34759,espnbet,101.0,104.0,0.0,5.5,-110.0,-110.0,,,,,,,,,,,,,,,,,,,,,,
401705366,2025-02-21,2025,2025-02-22T00:30Z,,fourfactors_hl25_b2b_carry25_phase_luck_talent_ft_avail_v6,reconstructed,TOR,MIA,55,53,0,0,-7.724,0.41381,MIA,0.58619,,,,,140.0,-165.0,140.0,-165.0,0.40091,espnbet,111.0,120.0,0.0,3.5,-110.0,-110.0,,,,,,,,,,,,,,,,,,,,,,
401705368,2025-02-21,2025,2025-02-22T01:30Z,,fourfactors_hl25_b2b_carry25_phase_luck_talent_ft_avail_v6,reconstructed,SAS,DET,53,55,1,0,-4.954,0.47473,DET,0.52527,,,,,150.0,-175.0,150.0,-180.0,0.38356,espnbet,110.0,125.0,0.0,4.5,-105.0,-115.0,,,,,,,,,,,,,,,,,,,,,,
401705369,2025-02-21,2025,2025-02-22T01:30Z,,fourfactors_hl25_b2b_carry25_phase_luck_talent_ft_avail_v6,reconstructed,DAL,NOP,56,55,0,0,24.039,0.66255,DAL,0.66255,,,,,-195.0,165.0,-240.0,195.0,0.67557,espnbet,111.0,103.0,1.0,-5.5,-115.0,-105.0,,,,,,,,,,,,,,,,,,,,,,
401705367,2025-02-21,2025,2025-02-22T02:30Z,,fourfactors_hl25_b2b_carry25_phase_luck_talent_ft_avail_v6,reconstructed,HOU,MIN,55,56,0,0,-6.104,0.60787,HOU,0.60787,,,,,-165.0,140.0,-170.0,140.0,0.60177,espnbet,121.0,115.0,1.0,-4.5,-105.0,-115.0,,,,,,,,,,,,,,,,,,,,,,
401705370,2025-02-21,2025,2025-02-22T02:30Z,,fourfactors_hl25_b2b_carry25_phase_luck_talent_ft_avail_v6,reconstructed,UTA,OKC,54,54,0,0,-55.242,0.09709,OKC,0.90291,,,,,750.0,-1400.0,800.0,-1600.0,0.10559,espnbet,107.0,130.0,0.0,15.5,-110.0,-110.0,,,,,,,,,,,,,,,,,,,,,,
401705371,2025-02-21,2025,2025-02-22T03:00Z,,fourfactors_hl25_b2b_carry25_phase_luck_talent_ft_avail_v6,reconstructed,SAC,GSW,55,55,0,0,1.102,0.60598,SAC,0.60598,,,,,105.0,-125.0,105.0,-125.0,0.46753,espnbet,108.0,132.0,0.0,2.5,-115.0,-105.0,,,,,,,,,,,,,,,,,,,,,,
401705372,2025-02-22,2025,2025-02-22T22:00Z,,fourfactors_hl25_b2b_carry25_phase_luck_talent_ft_avail_v6,reconstructed,CHI,PHO,56,55,0,0,-5.984,0.33709,PHO,0.66291,,,,,135.0,-155.0,165.0,-200.0,0.36145,espnbet,117.0,121.0,0.0,5.5,-115.0,-105.0,,,,,,,,,,,,,,,,,,,,,,
401705373,2025-02-22,2025,2025-02-23T00:30Z,,fourfactors_hl25_b2b_carry25_phase_luck_talent_ft_avail_v6,reconstructed,PHI,BRK,55,55,0,0,9.186,0.78988,PHI,0.78988,,,,,-425.0,320.0,-650.0,425.0,0.81982,espnbet,103.0,105.0,0.0,-11.5,-105.0,-115.0,,,,,,,,,,,,,,,,,,,,,,
401705374,2025-02-22,2025,2025-02-23T01:30Z,,fourfactors_hl25_b2b_carry25_phase_luck_talent_ft_avail_v6,reconstructed,DEN,LAL,56,54,0,0,13.161,0.75661,DEN,0.75661,,,,,-240.0,200.0,-240.0,195.0,0.67557,espnbet,100.0,123.0,0.0,-6.5,-105.0,-115.0,,,,,,,,,,,,,,,,,,,,,,
401705375,2025-02-22,2025,2025-02-23T02:30Z,,fourfactors_hl25_b2b_carry25_phase_luck_talent_ft_avail_v6,reconstructed,UTA,HOU,55,56,1,1,-26.753,0.32998,HOU,0.67002,,,,,270.0,-340.0,265.0,-330.0,0.26308,espnbet,124.0,115.0,1.0,8.5,-120.0,100.0,,,,,,,,,,,,,,,,,,,,,,
401705376,2025-02-22,2025,2025-02-23T03:00Z,,fourfactors_hl25_b2b_carry25_phase_luck_talent_ft_avail_v6,reconstructed,POR,CHO,56,54,0,0,5.123,0.64592,POR,0.64592,,,,,-210.0,175.0,-225.0,190.0,0.66752,espnbet,141.0,88.0,1.0,-6.5,-105.0,-115.0,,,,,,,,,,,,,,,,,,,,,,
401705377,2025-02-23,2025,2025-02-23T18:00Z,,fourfactors_hl25_b2b_carry25_phase_luck_talent_ft_avail_v6,reconstructed,BOS,NYK,56,56,0,0,19.201,0.77444,BOS,0.77444,,,,,-340.0,270.0,-320.0,260.0,0.73282,espnbet,118.0,105.0,1.0,-7.5,-115.0,-105.0,,,,,,,,,,,,,,,,,,,,,,
401705378,2025-02-23,2025,2025-02-23T20:30Z,,fourfactors_hl25_b2b_carry25_phase_luck_talent_ft_avail_v6,reconstructed,GSW,DAL,56,57,0,0,-4.639,0.61399,GSW,0.61399,,,,,-340.0,270.0,-400.0,300.0,0.7619,espnbet,126.0,102.0,1.0,-9.5,-105.0,-115.0,,,,,,,,,,,,,,,,,,,,,,
401705379,2025-02-23,2025,2025-02-23T22:00Z,,fourfactors_hl25_b2b_carry25_phase_luck_talent_ft_avail_v6,reconstructed,IND,LAC,54,55,0,0,4.023,0.64107,IND,0.64107,,,,,-155.0,135.0,-165.0,140.0,0.59909,espnbet,129.0,111.0,1.0,-3.5,-115.0,-105.0,,,,,,,,,,,,,,,,,,,,,,
401705380,2025-02-23,2025,2025-02-23T23:00Z,,fourfactors_hl25_b2b_carry25_phase_luck_talent_ft_avail_v6,reconstructed,ATL,DET,56,56,0,0,-10.257,0.49373,DET,0.50627,,,,,125.0,-145.0,110.0,-130.0,0.45726,espnbet,143.0,148.0,0.0,1.5,-105.0,-115.0,,,,,,,,,,,,,,,,,,,,,,
401705381,2025-02-23,2025,2025-02-23T23:00Z,,fourfactors_hl25_b2b_carry25_phase_luck_talent_ft_avail_v6,reconstructed,ORL,WAS,58,55,0,0,22.769,0.85441,ORL,0.85441,,,,,-800.0,500.0,-900.0,550.0,0.85401,espnbet,110.0,90.0,1.0,-13.5,-105.0,-115.0,,,,,,,,,,,,,,,,,,,,,,
401705382,2025-02-23,2025,2025-02-23T23:00Z,,fourfactors_hl25_b2b_carry25_phase_luck_talent_ft_avail_v6,reconstructed,TOR,PHO,56,56,0,1,-9.823,0.36863,PHO,0.63137,,,,,-115.0,-105.0,125.0,-145.0,0.42888,espnbet,127.0,109.0,1.0,2.5,-110.0,-110.0,,,,,,,,,,,,,,,,,,,,,,
401705383,2025-02-23,2025,2025-02-23T23:00Z,,fourfactors_hl25_b2b_carry25_phase_luck_talent_ft_avail_v6,reconstructed,MIL,MIA,55,54,0,0,13.828,0.62807,MIL,0.62807,,,,,-195.0,165.0,-175.0,150.0,0.61404,espnbet,120.0,113.0,1.0,-3.5,-115.0,-105.0,,,,,,,,,,,,,,,,,,,,,,
401705384,2025-02-23,2025,2025-02-24T00:00Z,,fourfactors_hl25_b2b_carry25_phase_luck_talent_ft_avail_v6,reconstructed,NOP,SAS,56,54,0,0,-16.43,0.4898,SAS,0.5102,,,,,-110.0,-110.0,-130.0,110.0,0.54274,espnbet,114.0,96.0,1.0,-2.5,-105.0,-115.0,,,,,,,,,,,,,,,,,,,,,,
401705385,2025-02-23,2025,2025-02-24T00:00Z,,fourfactors_hl25_b2b_carry25_phase_luck_talent_ft_avail_v6,reconstructed,CLE,MEM,56,56,0,0,19.368,0.75029,CLE,0.75029,,,,,-215.0,180.0,-215.0,180.0,0.65649,espnbet,129.0,123.0,1.0,-5.5,-120.0,100.0,,,,,,,,,,,,,,,,,,,,,,
401705386,2025-02-23,2025,2025-02-24T02:50Z,,fourfactors_hl25_b2b_carry25_phase_luck_talent_ft_avail_v6,reconstructed,MIN,OKC,57,55,0,0,-25.22,0.17567,OKC,0.82433,,,,,260.0,-320.0,280.0,-360.0,0.25164,espnbet,123.0,130.0,0.0,8.5,-105.0,-115.0,,,,,,,,,,,,,,,,,,,,,,
401705387,2025-02-24,2025,2025-02-25T00:00Z,,fourfactors_hl25_b2b_carry25_phase_luck_talent_ft_avail_v6,reconstructed,DET,LAC,57,56,1,1,2.233,0.59256,DET,0.59256,,,,,-120.0,100.0,-150.0,125.0,0.57447,espnbet,106.0,97.0,1.0,-2.5,-115.0,-105.0,,,,,,,,,,,,,,,,,,,,,,
401705388,2025-02-24,2025,2025-02-25T00:00Z,,fourfactors_hl25_b2b_carry25_phase_luck_talent_ft_avail_v6,reconstructed,IND,DEN,55,57,1,0,-11.057,0.34289,DEN,0.65711,,,,,135.0,-155.0,135.0,-160.0,0.40881,espnbet,116.0,125.0,0.0,3.5,-110.0,-110.0,,,,,,,,,,,,,,,,,,,,,,
401705389,2025-02-24,2025,2025-02-25T00:00Z,,fourfactors_hl25_b2b_carry25_phase_luck_talent_ft_avail_v6,reconstructed,PHI,CHI,56,57,0,0,0.334,0.7248,PHI,0.7248,,,,,-135.0,115.0,-240.0,200.0,0.67925,espnbet,110.0,142.0,0.0,-5.5,-120.0,100.0,,,,,,,,,,,,,,,,,,,,,,
401705390,2025-02-24,2025,2025-02-25T00:00Z,,fourfactors_hl25_b2b_carry25_phase_luck_talent_ft_avail_v6,reconstructed,WAS,BRK,56,56,1,0,-15.169,0.32426,BRK,0.67574,,,,,125.0,-145.0,120.0,-140.0,0.43796,espnbet,107.0,99.0,1.0,1.5,100.0,-120.0,,,,,,,,,,,,,,,,,,,,,,
401705391,2025-02-24,2025,2025-02-25T00:30Z,,fourfactors_hl25_b2b_carry25_phase_luck_talent_ft_avail_v6,reconstructed,ATL,MIA,57,55,1,1,1.851,0.54734,ATL,0.54734,,,,,100.0,-120.0,-135.0,115.0,0.55259,espnbet,98.0,86.0,1.0,-2.5,-105.0,-115.0,,,,,,,,,,,,,,,,,,,,,,
401705392,2025-02-24,2025,2025-02-25T01:00Z,,fourfactors_hl25_b2b_carry25_phase_luck_talent_ft_avail_v6,reconstructed,OKC,MIN,56,58,1,1,26.534,0.86728,OKC,0.86728,,,,,-750.0,475.0,-650.0,450.0,0.82659,espnbet,128.0,131.0,0.0,-12.5,100.0,-120.0,,,,,,,,,,,,,,,,,,,,,,
401705393,2025-02-24,2025,2025-02-25T02:00Z,,fourfactors_hl25_b2b_carry25_phase_luck_talent_ft_avail_v6,reconstructed,UTA,POR,56,57,0,0,-12.156,0.51681,UTA,0.51681,,,,,105.0,-125.0,240.0,-300.0,0.28169,espnbet,112.0,114.0,0.0,7.5,-110.0,-110.0,,,,,,,,,,,,,,,,,,,,,,
401705394,2025-02-24,2025,2025-02-25T03:00Z,,fourfactors_hl25_b2b_carry25_phase_luck_talent_ft_avail_v6,reconstructed,SAC,CHO,56,55,0,0,20.642,0.85127,SAC,0.85127,,,,,-450.0,340.0,-550.0,400.0,0.80882,espnbet,130.0,88.0,1.0,-10.5,-115.0,-105.0,,,,,,,,,,,,,,,,,,,,,,
401705395,2025-02-25,2025,2025-02-26T00:00Z,,fourfactors_hl25_b2b_carry25_phase_luck_talent_ft_avail_v6,reconstructed,TOR,BOS,57,57,0,0,-41.925,0.13237,BOS,0.86763,,,,,380.0,-550.0,425.0,-650.0,0.18018,espnbet,101.0,111.0,0.0,10.5,100.0,-120.0,,,,,,,,,,,,,,,,,,,,,,
401705396,2025-02-25,2025,2025-02-26T00:30Z,,fourfactors_hl25_b2b_carry25_phase_luck_talent_ft_avail_v6,reconstructed,ORL,CLE,59,57,0,0,-43.49,0.23952,CLE,0.76048,,,,,175.0,-210.0,200.0,-250.0,0.31818,espnbet,82.0,122.0,0.0,6.5,-120.0,100.0,,,,,,,,,,,,,,,,,,,,,,
401705397,2025-02-25,2025,2025-02-26T01:00Z,,fourfactors_hl25_b2b_carry25_phase_luck_talent_ft_avail_v6,reconstructed,HOU,MIL,57,56,0,0,-5.046,0.4763,MIL,0.5237,,,,,-165.0,140.0,-140.0,120.0,0.56204,espnbet,100.0,97.0,1.0,-2.5,-120.0,100.0,,,,,,,,,,,,,,,,,,,,,,
401705398,2025-02-25,2025,2025-02-26T01:00Z,,fourfactors_hl25_b2b_carry25_phase_luck_talent_ft_avail_v6,reconstructed,MEM,PHO,57,57,0,0,20.295,0.61894,MEM,0.61894,,,,,-300.0,250.0,-275.0,225.0,0.70443,espnbet,151.0,148.0,1.0,-6.5,-115.0,-105.0,,,,,,,,,,,,,,,,,,,,,,
401705399,2025-02-25,2025,2025-02-26T01:00Z,,fourfactors_hl25_b2b_carry25_phase_luck_talent_ft_avail_v6,reconstructed,NOP,SAS,57,55,0,0,-12.81,0.53113,NOP,0.53113,,,,,-130.0,110.0,-135.0,115.0,0.55259,espnbet,109.0,103.0,1.0,-2.5,-110.0,-110.0,,,,,,,,,,,,,,,,,,,,,,
401705400,2025-02-25,2025,2025-02-26T03:00Z,,fourfactors_hl25_b2b_carry25_phase_luck_talent_ft_avail_v6,reconstructed,GSW,CHO,57,56,0,1,29.153,0.87948,GSW,0.87948,,,,,-1600.0,800.0,-1600.0,800.0,0.89441,espnbet,128.0,92.0,1.0,-17.5,-115.0,-105.0,,,,,,,,,,,,,,,,,,,,,,
401705401,2025-02-25,2025,2025-02-26T03:00Z,,fourfactors_hl25_b2b_carry25_phase_luck_talent_ft_avail_v6,reconstructed,LAL,DAL,55,58,0,0,9.97,0.77323,LAL,0.77323,,,,,-260.0,215.0,-400.0,300.0,0.7619,espnbet,107.0,99.0,1.0,-8.5,-115.0,-105.0,,,,,,,,,,,,,,,,,,,,,,
401705402,2025-02-26,2025,2025-02-27T00:00Z,,fourfactors_hl25_b2b_carry25_phase_luck_talent_ft_avail_v6,reconstructed,DET,BOS,58,58,0,1,-23.702,0.32953,BOS,0.67047,,,,,140.0,-165.0,160.0,-190.0,0.3699,espnbet,117.0,97.0,1.0,4.5,-105.0,-115.0,,,,,,,,,,,,,,,,,,,,,,
401705403,2025-02-26,2025,2025-02-27T00:00Z,,fourfactors_hl25_b2b_carry25_phase_luck_talent_ft_avail_v6,reconstructed,IND,TOR,56,58,0,1,20.691,0.84279,IND,0.84279,,,,,-450.0,340.0,-650.0,425.0,0.81982,espnbet,111.0,91.0,1.0,-11.5,-115.0,-105.0,,,,,,,,,,,,,,,,,,,,,,
401705404,2025-02-26,2025,2025-02-27T00:00Z,,fourfactors_hl25_b2b_carry25_phase_luck_talent_ft_avail_v6,reconstructed,NYK,PHI,57,57,0,0,21.365,0.73652,NYK,0.73652,,,,,-380.0,290.0,-320.0,260.0,0.73282,espnbet,110.0,105.0,1.0,-8.5,-110.0,-110.0,,,,,,,,,,,,,,,,,,,,,,
401705405,2025-02-26,2025,2025-02-27T00:00Z,,fourfactors_hl25_b2b_carry25_phase_luck_talent_ft_avail_v6,reconstructed,WAS,POR,57,58,0,0,-28.409,0.33231,POR,0.66769,,,,,170.0,-200.0,200.0,-240.0,0.32075,espnbet,121.0,129.0,0.0,6.5,-115.0,-105.0,,,,,,,,,,,,,,,,,,,,,,
401705406,2025-02-26,2025,2025-02-27T00:30Z,,fourfactors_hl25_b2b_carry25_phase_luck_talent_ft_avail_v6,reconstructed,BRK,OKC,57,57,0,0,-54.254,0.10118,OKC,0.89882,,,,,1000.0,-2000.0,1000.0,-2000.0,0.08714,espnbet,121.0,129.0,0.0,16.5,-105.0,-115.0,,,,,,,,,,,,,,,,,,,,,,
401705407,2025-02-26,2025,2025-02-27T00:30Z,,fourfactors_hl25_b2b_carry25_phase_luck_talent_ft_avail_v6,reconstructed,MIA,ATL,56,58,0,0,-5.376,0.54823,MIA,0.54823,,,,,-115.0,-105.0,-155.0,130.0,0.58299,espnbet,131.0,109.0,1.0,-3.5,100.0,-120.0,,,,,,,,,,,,,,,,,,,,,,
401705408,2025-02-26,2025,2025-02-27T01:00Z,,fourfactors_hl25_b2b_carry25_phase_luck_talent_ft_avail_v6,reconstructed,CHI,LAC,58,57,0,0,-9.795,0.4346,LAC,0.5654,,,,,250.0,-300.0,300.0,-400.0,0.2381,espnbet,117.0,122.0,0.0,9.5,-115.0,-105.0,,,,,,,,,,,,,,,,,,,,,,
401705409,2025-02-26,2025,2025-02-27T02:00Z,,fourfactors_hl25_b2b_carry25_phase_luck_talent_ft_avail_v6,reconstructed,UTA,SAC,57,57,0,0,-19.975,0.18499,SAC,0.81501,,,,,250.0,-300.0,320.0,-425.0,0.22727,espnbet,101.0,118.0,0.0,9.5,-115.0,-105.0,,,,,,,,,,,,,,,,,,,,,,
401705410,2025-02-26,2025,2025-02-27T02:50Z,,fourfactors_hl25_b2b_carry25_phase_luck_talent_ft_avail_v6,reconstructed,HOU,SAS,58,56,1,1,8.879,0.64721,HOU,0.64721,,,,,-340.0,270.0,-300.0,240.0,0.71831,espnbet,118.0,106.0,1.0,-7.5,-105.0,-115.0,,,,,,,,,,,,,,,,,,,,,,
401705411,2025-02-27,2025,2025-02-28T00:00Z,,fourfactors_hl25_b2b_carry25_phase_luck_talent_ft_avail_v6,reconstructed,ORL,GSW,60,58,0,0,-20.121,0.37656,GSW,0.62344,,,,,190.0,-225.0,165.0,-195.0,0.36341,espnbet,115.0,121.0,0.0,4.5,-105.0,-115.0,,,,,,,,,,,,,,,,,,,,,,
401705412,2025-02-27,2025,2025-02-28T01:00Z,,fourfactors_hl25_b2b_carry25_phase_luck_talent_ft_avail_v6,reconstructed,MIL,DEN,57,58,0,0,-13.68,0.37209,DEN,0.62791,,,,,125.0,-145.0,130.0,-155.0,0.41701,espnbet,121.0,112.0,1.0,3.5,-110.0,-110.0,,,,,,,,,,,,,,,,,,,,,,
401705413,2025-02-27,2025,2025-02-28T01:30Z,,fourfactors_hl25_b2b_carry25_phase_luck_talent_ft_avail_v6,reconstructed,DAL,CHO,59,57,0,0,30.894,0.81843,DAL,0.81843,,,,,-425.0,320.0,-550.0,400.0,0.80882,espnbet,103.0,96.0,1.0,-10.5,-110.0,-110.0,,,,,,,,,,,,,,,,,,,,,,
401705414,2025-02-27,2025,2025-02-28T02:00Z,,fourfactors_hl25_b2b_carry25_phase_luck_talent_ft_avail_v6,reconstructed,PHO,NOP,58,58,0,0,9.06,0.7292,PHO,0.7292,,,,,-320.0,260.0,-270.0,220.0,0.70016,espnbet,116.0,124.0,0.0,-6.5,-115.0,-105.0,,,,,,,,,,,,,,,,,,,,,,
401705415,2025-02-27,2025,2025-02-28T03:30Z,,fourfactors_hl25_b2b_carry25_phase_luck_talent_ft_avail_v6,reconstructed,LAL,MIN,56,59,0,0,6.096,0.72133,LAL,0.72133,,,,,-185.0,155.0,-230.0,190.0,0.66901,espnbet,111.0,102.0,1.0,-5.5,-120.0,100.0,,,,,,,,,,,,,,,,,,,,,,
401705416,2025-02-28,2025,2025-03-01T00:00Z,,fourfactors_hl25_b2b_carry25_phase_luck_talent_ft_avail_v6,reconstructed,DET,DEN,59,59,0,1,-11.613,0.40726,DEN,0.59274,,,,,100.0,-120.0,-130.0,110.0,0.54274,espnbet,119.0,134.0,0.0,-2.5,-105.0,-115.0,,,,,,,,,,,,,,,,,,,,,,
401705417,2025-02-28,2025,2025-03-01T00:30Z,,fourfactors_hl25_b2b_carry25_phase_luck_talent_ft_avail_v6,reconstructed,ATL,OKC,59,58,0,0,-39.761,0.16734,OKC,0.83266,,,,,450.0,-700.0,425.0,-575.0,0.18274,espnbet,119.0,135.0,0.0,10.5,100.0,-120.0,,,,,,,,,,,,,,,,,,,,,,
401705418,2025-02-28,2025,2025-03-01T00:30Z,,fourfactors_hl25_b2b_carry25_phase_luck_talent_ft_avail_v6,reconstructed,BOS,CLE,59,58,0,0,-11.536,0.53217,BOS,0.53217,,,,,-140.0,120.0,-115.0,-105.0,0.51083,espnbet,116.0,123.0,0.0,-0.5,-115.0,-105.0,,,,,,,,,,,,,,,,,,,,,,
401705419,2025-02-28,2025,2025-03-01T00:30Z,,fourfactors_hl25_b2b_carry25_phase_luck_talent_ft_avail_v6,reconstructed,BRK,POR,58,59,0,0,-13.859,0.54622,BRK,0.54622,,,,,105.0,-125.0,105.0,-125.0,0.46753,espnbet,102.0,121.0,0.0,1.5,-110.0,-110.0,,,,,,,,,,,,,,,,,,,,,,
401705420,2025-02-28,2025,2025-03-01T01:00Z,,fourfactors_hl25_b2b_carry25_phase_luck_talent_ft_avail_v6,reconstructed,MIA,IND,57,57,0,0,-16.19,0.3987,IND,0.6013,,,,,130.0,-150.0,125.0,-150.0,0.42553,espnbet,125.0,120.0,1.0,2.5,-115.0,-105.0,,,,,,,,,,,,,,,,,,,,,,
401705421,2025-02-28,2025,2025-03-01T01:00Z,,fourfactors_hl25_b2b_carry25_phase_luck_talent_ft_avail_v6,reconstructed,CHI,TOR,59,59,0,0,5.664,0.61664,CHI,0.61664,,,,,-120.0,100.0,-120.0,100.0,0.52174,espnbet,125.0,115.0,1.0,-1.5,-105.0,-115.0,,,,,,,,,,,,,,,,,,,,,,
401705422,2025-02-28,2025,2025-03-01T01:00Z,,fourfactors_hl25_b2b_carry25_phase_luck_talent_ft_avail_v6,reconstructed,MEM,NYK,58,58,0,0,5.446,0.53608,MEM,0.53608,,,,,-145.0,125.0,-145.0,120.0,0.5656,espnbet,113.0,114.0,0.0,-2.5,-110.0,-110.0,,,,,,,,,,,,,,,,,,,,,,
401705423,2025-02-28,2025,2025-03-01T02:00Z,,fourfactors_hl25_b2b_carry25_phase_luck_talent_ft_avail_v6,reconstructed,PHO,NOP,59,59,1,1,7.538,0.73022,PHO,0.73022,,,,,-200.0,170.0,-360.0,280.0,0.74836,espnbet,125.0,108.0,1.0,-9.5,-105.0,-115.0,,,,,,,,,,,,,,,,,,,,,,
401705424,2025-02-28,2025,2025-03-01T02:30Z,,fourfactors_hl25_b2b_carry25_phase_luck_talent_ft_avail_v6,reconstructed,UTA,MIN,58,60,0,1,-25.758,0.28921,MIN,0.71079,,,,,150.0,-175.0,150.0,-180.0,0.38356,espnbet,117.0,116.0,1.0,3.5,-115.0,-105.0,,,,,,,,,,,,,,,,,,,,,,
401705425,2025-02-28,2025,2025-03-01T03:00Z,,fourfactors_hl25_b2b_carry25_phase_luck_talent_ft_avail_v6,reconstructed,LAL,LAC,57,58,1,0,12.835,0.61945,LAL,0.61945,,,,,-120.0,100.0,-130.0,110.0,0.54274,espnbet,106.0,102.0,1.0,-0.5,-110.0,-110.0,,,,,,,,,,,,,,,,,,,,,,
401705426,2025-03-01,2025,2025-03-01T23:00Z,,fourfactors_hl25_b2b_carry25_phase_luck_talent_ft_avail_v6,reconstructed,CHO,WAS,58,58,0,0,4.044,0.60297,CHO,0.60297,,,,,-170.0,145.0,-175.0,145.0,0.60924,espnbet,100.0,113.0,0.0,-3.5,-115.0,-105.0,,,,,,,,,,,,,,,,,,,,,,
401705427,2025-03-01,2025,2025-03-02T00:00Z,,fourfactors_hl25_b2b_carry25_phase_luck_talent_ft_avail_v6,reconstructed,DET,BRK,60,59,1,1,27.162,0.78637,DET,0.78637,,,,,-450.0,340.0,-700.0,500.0,0.84,espnbet,115.0,94.0,1.0,-12.5,-110.0,-110.0,,,,,,,,,,,,,,,,,,,,,,
401705428,2025-03-01,2025,2025-03-02T01:00Z,,fourfactors_hl25_b2b_carry25_phase_luck_talent_ft_avail_v6,reconstructed,HOU,SAC,59,58,0,0,3.875,0.53145,HOU,0.53145,,,,,-165.0,140.0,-175.0,145.0,0.60924,espnbet,103.0,113.0,0.0,-3.5,-115.0,-105.0,,,,,,,,,,,,,,,,,,,,,,
401705429,2025-03-01,2025,2025-03-02T01:00Z,,fourfactors_hl25_b2b_carry25_phase_luck_talent_ft_avail_v6,reconstructed,MEM,SAS,59,57,1,0,18.04,0.62171,MEM,0.62171,,,,,-650.0,425.0,-210.0,175.0,0.6507,espnbet,128.0,130.0,0.0,-5.5,-115.0,-105.0,,,,,,,,,,,,,,,,,,,,,,
401705430,2025-03-01,2025,2025-03-02T01:30Z,,fourfactors_hl25_b2b_carry25_phase_luck_talent_ft_avail_v6,reconstructed,PHI,GSW,58,59,0,0,-21.055,0.34534,GSW,0.65466,,,,,210.0,-250.0,225.0,-275.0,0.29557,espnbet,126.0,119.0,1.0,6.5,-105.0,-115.0,,,,,,,,,,,,,,,,,,,,,,
401705431,2025-03-01,2025,2025-03-02T01:30Z,,fourfactors_hl25_b2b_carry25_phase_luck_talent_ft_avail_v6,reconstructed,DAL,MIL,60,58,0,0,-5.349,0.41863,MIL,0.58137,,,,,115.0,-135.0,125.0,-150.0,0.42553,espnbet,117.0,132.0,0.0,2.5,-110.0,-110.0,,,,,,,,,,,,,,,,,,,,,,
401705432,2025-03-02,2025,2025-03-02T18:00Z,,fourfactors_hl25_b2b_carry25_phase_luck_talent_ft_avail_v6,reconstructed,BOS,DEN,60,60,0,0,5.273,0.59629,BOS,0.59629,,,,,-135.0,115.0,-250.0,210.0,0.68889,espnbet,110.0,103.0,1.0,-5.5,-115.0,-105.0,,,,,,,,,,,,,,,,,,,,,,
401705433,2025-03-02,2025,2025-03-02T20:30Z,,fourfactors_hl25_b2b_carry25_phase_luck_talent_ft_avail_v6,reconstructed,CLE,POR,59,60,0,0,40.147,0.90975,CLE,0.90975,,,,,-600.0,400.0,-550.0,380.0,0.80243,espnbet,133.0,129.0,1.0,-10.5,-110.0,-110.0,,,,,,,,,,,,,,,,,,,,,,
401705434,2025-03-02,2025,2025-03-02T22:00Z,,fourfactors_hl25_b2b_carry25_phase_luck_talent_ft_avail_v6,reconstructed,IND,CHI,58,60,0,0,17.829,0.81961,IND,0.81961,,,,,-500.0,360.0,-650.0,425.0,0.81982,espnbet,127.0,112.0,1.0,-11.5,-120.0,100.0,,,,,,,,,,,,,,,,,,,,,,
401705435,2025-03-02,2025,2025-03-02T23:00Z,,fourfactors_hl25_b2b_carry25_phase_luck_talent_ft_avail_v6,reconstructed,MIA,NYK,58,59,0,0,-13.736,0.36393,NYK,0.63607,,,,,180.0,-215.0,200.0,-240.0,0.32075,espnbet,112.0,116.0,0.0,6.5,-110.0,-110.0,,,,,,,,,,,,,,,,,,,,,,
401705436,2025-03-02,2025,2025-03-02T23:00Z,,fourfactors_hl25_b2b_carry25_phase_luck_talent_ft_avail_v6,reconstructed,ORL,TOR,61,60,0,0,0.204,0.66702,ORL,0.66702,,,,,-275.0,225.0,-270.0,220.0,0.70016,espnbet,102.0,104.0,0.0,-6.5,-115.0,-105.0,,,,,,,,,,,,,,,,,,,,,,
401705437,2025-03-02,2025,2025-03-03T00:00Z,,fourfactors_hl25_b2b_carry25_phase_luck_talent_ft_avail_v6,reconstructed,SAS,OKC,58,59,1,0,-38.917,0.13935,OKC,0.86065,,,,,500.0,-800.0,550.0,-900.0,0.14599,espnbet,132.0,146.0,0.0,13.5,-115.0,-105.0,,,,,,,,,,,,,,,,,,,,,,
401705438,2025-03-02,2025,2025-03-03T01:00Z,,fourfactors_hl25_b2b_carry25_phase_luck_talent_ft_avail_v6,reconstructed,UTA,NOP,59,60,0,0,-3.294,0.38682,NOP,0.61318,,,,,155.0,-185.0,250.0,-300.0,0.27586,espnbet,121.0,128.0,0.0,7.5,-110.0,-110.0,,,,,,,,,,,,,,,,,,,,,,
401705439,2025-03-02,2025,2025-03-03T02:30Z,,fourfactors_hl25_b2b_carry25_phase_luck_talent_ft_avail_v6,reconstructed,PHO,MIN,60,61,0,0,-11.659,0.52745,PHO,0.52745,,,,,-125.0,105.0,-105.0,-115.0,0.48917,espnbet,98.0,116.0,0.0,2.5,-115.0,-105.0,,,,,,,,,,,,,,,,,,,,,,
401705440,2025-03-02,2025,2025-03-03T02:30Z,,fourfactors_hl25_b2b_carry25_phase_luck_talent_ft_avail_v6,reconstructed,LAL,LAC,58,59,0,0,14.067,0.61345,LAL,0.61345,,,,,-120.0,100.0,110.0,-130.0,0.45726,espnbet,108.0,102.0,1.0,2.5,-115.0,-105.0,,,,,,,,,,,,,,,,,,,,,,
401705441,2025-03-03,2025,2025-03-04T00:00Z,,fourfactors_hl25_b2b_carry25_phase_luck_talent_ft_avail_v6,reconstructed,CHO,GSW,59,60,0,0,-33.78,0.21481,GSW,0.78519,,,,,450.0,-700.0,500.0,-725.0,0.15942,espnbet,101.0,119.0,0.0,12.5,-105.0,-115.0,,,,,,,,,,,,,,,,,,,,,,
401705442,2025-03-03,2025,2025-03-04T00:00Z,,fourfactors_hl25_b2b_carry25_phase_luck_talent_ft_avail_v6,reconstructed,PHI,POR,59,61,0,1,-7.47,0.66732,PHI,0.66732,,,,,-155.0,135.0,100.0,-120.0,0.47826,espnbet,102.0,119.0,0.0,1.5,-110.0,-110.0,,,,,,,,,,,,,,,,,,,,,,
401705443,2025-03-03,2025,2025-03-04T00:30Z,,fourfactors_hl25_b2b_carry25_phase_luck_talent_ft_avail_v6,reconstructed,MIA,WAS,59,59,1,0,24.961,0.82535,MIA,0.82535,,,,,-600.0,400.0,-350.0,275.0,0.74468,espnbet,106.0,90.0,1.0,-8.5,-105.0,-115.0,,,,,,,,,,,,,,,,,,,,,,
401705444,2025-03-03,2025,2025-03-04T01:00Z,,fourfactors_hl25_b2b_carry25_phase_luck_talent_ft_avail_v6,reconstructed,MEM,ATL,60,60,0,0,18.501,0.59529,MEM,0.59529,,,,,-275.0,225.0,-290.0,230.0,0.71047,espnbet,130.0,132.0,0.0,-7.5,-120.0,100.0,,,,,,,,,,,,,,,,,,,,,,
401705445,2025-03-03,2025,2025-03-04T01:00Z,,fourfactors_hl25_b2b_carry25_phase_luck_talent_ft_avail_v6,reconstructed,OKC,HOU,60,60,1,0,30.144,0.86828,OKC,0.86828,,,,,-750.0,475.0,-1600.0,800.0,0.89441,espnbet,137.0,128.0,1.0,-15.5,-105.0,-115.0,,,,,,,,,,,,,,,,,,,,,,
401705446,2025-03-03,2025,2025-03-04T01:30Z,,fourfactors_hl25_b2b_carry25_phase_luck_talent_ft_avail_v6,reconstructed,DAL,SAC,61,59,0,0,-0.91,0.36529,SAC,0.63471,,,,,-125.0,105.0,110.0,-130.0,0.45726,espnbet,98.0,122.0,0.0,1.5,-105.0,-115.0,,,,,,,,,,,,,,,,,,,,,,
401705447,2025-03-03,2025,2025-03-04T02:00Z,,fourfactors_hl25_b2b_carry25_phase_luck_talent_ft_avail_v6,reconstructed,UTA,DET,60,61,1,0,-26.131,0.2445,DET,0.7555,,,,,340.0,-450.0,375.0,-500.0,0.20168,espnbet,106.0,134.0,0.0,10.5,-105.0,-115.0,,,,,,,,,,,,,,,,,,,,,,
401705448,2025-03-04,2025,2025-03-05T00:00Z,,fourfactors_hl25_b2b_carry25_phase_luck_talent_ft_avail_v6,reconstructed,IND,HOU,59,61,0,1,7.761,0.78018,IND,0.78018,,,,,-170.0,145.0,-190.0,160.0,0.6301,espnbet,115.0,102.0,1.0,-4.5,-105.0,-115.0,,,,,,,,,,,,,,,,,,,,,,
401705449,2025-03-04,2025,2025-03-05T00:00Z,,fourfactors_hl25_b2b_carry25_phase_luck_talent_ft_avail_v6,reconstructed,ORL,TOR,62,61,0,0,0.157,0.63992,ORL,0.63992,,,,,-280.0,230.0,-230.0,190.0,0.66901,espnbet,113.0,114.0,0.0,-6.5,100.0,-120.0,,,,,,,,,,,,,,,,,,,,,,
401705450,2025-03-04,2025,2025-03-05T00:30Z,,fourfactors_hl25_b2b_carry25_phase_luck_talent_ft_avail_v6,reconstructed,ATL,MIL,61,59,1,0,-14.098,0.34881,MIL,0.65119,,,,,170.0,-200.0,180.0,-220.0,0.34188,espnbet,121.0,127.0,0.0,5.5,-120.0,100.0,,,,,,,,,,,,,,,,,,,,,,
401705451,2025-03-04,2025,2025-03-05T00:30Z,,fourfactors_hl25_b2b_carry25_phase_luck_talent_ft_avail_v6,reconstructed,NYK,GSW,60,61,0,1,1.448,0.59173,NYK,0.59173,,,,,-175.0,150.0,-115.0,-105.0,0.51083,espnbet,102.0,114.0,0.0,-1.5,-105.0,-115.0,,,,,,,,,,,,,,,,,,,,,,
401705452,2025-03-04,2025,2025-03-05T01:00Z,,fourfactors_hl25_b2b_carry25_phase_luck_talent_ft_avail_v6,reconstructed,CHI,CLE,61,60,0,0,-44.855,0.16852,CLE,0.83148,,,,,425.0,-650.0,600.0,-900.0,0.13699,espnbet,117.0,139.0,0.0,13.5,-110.0,-110.0,,,,,,,,,,,,,,,,,,,,,,
401705453,2025-03-04,2025,2025-03-05T01:00Z,,fourfactors_hl25_b2b_carry25_phase_luck_talent_ft_avail_v6,reconstructed,MIN,PHI,62,60,0,1,20.701,0.86575,MIN,0.86575,,,,,-800.0,500.0,-900.0,600.0,0.86301,espnbet,126.0,112.0,1.0,-13.5,-105.0,-115.0,,,,,,,,,,,,,,,,,,,,,,
401705454,2025-03-04,2025,2025-03-05T01:30Z,,fourfactors_hl25_b2b_carry25_phase_luck_talent_ft_avail_v6,reconstructed,SAS,BRK,59,60,0,0,18.128,0.70194,SAS,0.70194,,,,,-210.0,175.0,-155.0,135.0,0.58821,espnbet,127.0,113.0,1.0,-3.5,-110.0,-110.0,,,,,,,,,,,,,,,,,,,,,,
401705455,2025-03-04,2025,2025-03-05T03:00Z,,fourfactors_hl25_b2b_carry25_phase_luck_talent_ft_avail_v6,reconstructed,PHO,LAC,61,60,0,0,-5.46,0.60815,PHO,0.60815,,,,,100.0,-120.0,125.0,-150.0,0.42553,espnbet,119.0,117.0,1.0,2.5,-110.0,-110.0,,,,,,,,,,,,,,,,,,,,,,
401705456,2025-03-04,2025,2025-03-05T03:30Z,,fourfactors_hl25_b2b_carry25_phase_luck_talent_ft_avail_v6,reconstructed,LAL,NOP,59,61,0,0,28.989,0.74717,LAL,0.74717,,,,,-300.0,250.0,-330.0,260.0,0.73424,espnbet,136.0,115.0,1.0,-7.5,-110.0,-110.0,,,,,,,,,,,,,,,,,,,,,,
401705457,2025-03-05,2025,2025-03-06T00:00Z,,fourfactors_hl25_b2b_carry25_phase_luck_talent_ft_avail_v6,reconstructed,BOS,POR,61,62,0,0,27.433,0.89424,BOS,0.89424,,,,,-550.0,380.0,-380.0,290.0,0.75535,espnbet,128.0,118.0,1.0,-8.5,-115.0,-105.0,,,,,,,,,,,,,,,,,,,,,,
401705458,2025-03-05,2025,2025-03-06T00:00Z,,fourfactors_hl25_b2b_carry25_phase_luck_talent_ft_avail_v6,reconstructed,CHO,MIN,60,63,0,1,-38.303,0.23329,MIN,0.76671,,,,,290.0,-380.0,290.0,-380.0,0.24465,espnbet,110.0,125.0,0.0,9.5,-115.0,-105.0,,,,,,,,,,,,,,,,,,,,,,
401705459,2025-03-05,2025,2025-03-06T00:00Z,,fourfactors_hl25_b2b_carry25_phase_luck_talent_ft_avail_v6,reconstructed,CLE,MIA,61,60,1,0,39.812,0.82981,CLE,0.82981,,,,,-600.0,400.0,-1000.0,600.0,0.8642,espnbet,112.0,107.0,1.0,-13.5,-105.0,-115.0,,,,,,,,,,,,,,,,,,,,,,
401705460,2025-03-05,2025,2025-03-06T00:00Z,,fourfactors_hl25_b2b_carry25_phase_luck_talent_ft_avail_v6,reconstructed,WAS,UTA,60,61,0,0,-10.213,0.57057,WAS,0.57057,,,,,-175.0,150.0,-195.0,165.0,0.63659,espnbet,125.0,122.0,1.0,-5.5,100.0,-120.0,,,,,,,,,,,,,,,,,,,,,,
401705463,2025-03-05,2025,2025-03-06T01:00Z,,fourfactors_hl25_b2b_carry25_phase_luck_talent_ft_avail_v6,reconstructed,MIL,DAL,60,62,1,0,10.322,0.78095,MIL,0.78095,,,,,-425.0,320.0,-700.0,450.0,0.82796,espnbet,137.0,107.0,1.0,-12.5,-105.0,-115.0,,,,,,,,,,,,,,,,,,,,,,
401705462,2025-03-05,2025,2025-03-06T02:00Z,,fourfactors_hl25_b2b_carry25_phase_luck_talent_ft_avail_v6,reconstructed,DEN,SAC,61,60,0,0,14.046,0.78464,DEN,0.78464,,,,,-260.0,215.0,-340.0,270.0,0.74087,espnbet,116.0,110.0,1.0,-8.5,-105.0,-115.0,,,,,,,,,,,,,,,,,,,,,,
401705461,2025-03-05,2025,2025-03-06T02:30Z,,fourfactors_hl25_b2b_carry25_phase_luck_talent_ft_avail_v6,reconstructed,MEM,OKC,61,61,0,0,-23.621,0.25015,OKC,0.74985,,,,,250.0,-300.0,225.0,-275.0,0.29557,espnbet,103.0,120.0,0.0,7.5,-115.0,-105.0,,,,,,,,,,,,,,,,,,,,,,
401705464,2025-03-05,2025,2025-03-06T03:30Z,,fourfactors_hl25_b2b_carry25_phase_luck_talent_ft_avail_v6,reconstructed,LAC,DET,61,62,1,0,-11.305,0.48711,DET,0.51289,,,,,105.0,-125.0,130.0,-150.0,0.42017,espnbet,123.0,115.0,1.0,3.5,-115.0,-105.0,,,,,,,,,,,,,,,,,,,,,,
401705510,2025-03-06,2025,2025-03-07T00:00Z,,fourfactors_hl25_b2b_carry25_phase_luck_talent_ft_avail_v6,reconstructed,ORL,CHI,63,62,0,0,-3.511,0.65319,ORL,0.65319,,,,,-290.0,240.0,-340.0,270.0,0.74087,espnbet,123.0,125.0,0.0,-8.5,-115.0,-105.0,,,,,,,,,,,,,,,,,,,,,,
401705465,2025-03-06,2025,2025-03-07T00:30Z,,fourfactors_hl25_b2b_carry25_phase_luck_talent_ft_avail_v6,reconstructed,ATL,IND,62,60,0,0,-16.04,0.44304,IND,0.55696,,,,,115.0,-135.0,-140.0,120.0,0.56204,espnbet,124.0,118.0,1.0,-1.5,-115.0,-105.0,,,,,,,,,,,,,,,,,,,,,,
401705466,2025-03-06,2025,2025-03-07T00:30Z,,fourfactors_hl25_b2b_carry25_phase_luck_talent_ft_avail_v6,reconstructed,BOS,PHI,62,61,1,0,38.073,0.80201,BOS,0.80201,,,,,-800.0,500.0,-900.0,650.0,0.87097,espnbet,123.0,105.0,1.0,-13.5,-115.0,-105.0,,,,,,,,,,,,,,,,,,,,,,
401705467,2025-03-06,2025,2025-03-07T00:30Z,,fourfactors_hl25_b2b_carry25_phase_luck_talent_ft_avail_v6,reconstructed,BRK,GSW,61,62,0,0,-31.402,0.24236,GSW,0.75764,,,,,360.0,-500.0,400.0,-600.0,0.18919,espnbet,119.0,121.0,0.0,11.5,-110.0,-110.0,,,,,,,,,,,,,,,,,,,,,,
401705468,2025-03-06,2025,2025-03-07T01:00Z,,fourfactors_hl25_b2b_carry25_phase_luck_talent_ft_avail_v6,reconstructed,NOP,HOU,62,62,0,0,-16.618,0.45336,HOU,0.54664,,,,,170.0,-200.0,130.0,-150.0,0.42017,espnbet,97.0,109.0,0.0,3.5,-110.0,-110.0,,,,,,,,,,,,,,,,,,,,,,
401705469,2025-03-06,2025,2025-03-07T03:00Z,,fourfactors_hl25_b2b_carry25_phase_luck_talent_ft_avail_v6,reconstructed,LAL,NYK,60,61,0,0,10.884,0.63923,LAL,0.63923,,,,,-130.0,110.0,-135.0,115.0,0.55259,espnbet,113.0,109.0,1.0,-2.5,-105.0,-115.0,,,,,,,,,,,,,,,,,,,,,,
401705470,2025-03-07,2025,2025-03-08T00:00Z,,fourfactors_hl25_b2b_carry25_phase_luck_talent_ft_avail_v6,reconstructed,CHO,CLE,61,62,0,0,-66.274,0.07579,CLE,0.92421,,,,,800.0,-1600.0,1000.0,-2000.0,0.08714,espnbet,117.0,118.0,0.0,16.5,-105.0,-115.0,,,,,,,,,,,,,,,,,,,,,,
401705471,2025-03-07,2025,2025-03-08T00:30Z,,fourfactors_hl25_b2b_carry25_phase_luck_talent_ft_avail_v6,reconstructed,TOR,UTA,62,62,0,0,6.812,0.60874,TOR,0.60874,,,,,-185.0,155.0,-210.0,175.0,0.6507,espnbet,118.0,109.0,1.0,-5.5,-105.0,-115.0,,,,,,,,,,,,,,,,,,,,,,
401705472,2025-03-07,2025,2025-03-08T00:30Z,,fourfactors_hl25_b2b_carry25_phase_luck_talent_ft_avail_v6,reconstructed,DAL,MEM,63,62,0,0,-11.005,0.2814,MEM,0.7186,,,,,360.0,-500.0,340.0,-450.0,0.21739,espnbet,111.0,122.0,0.0,9.5,-105.0,-115.0,,,,,,,,,,,,,,,,,,,,,,
401705473,2025-03-07,2025,2025-03-08T01:00Z,,fourfactors_hl25_b2b_carry25_phase_luck_talent_ft_avail_v6,reconstructed,MIA,MIN,61,64,0,0,-14.35,0.37733,MIN,0.62267,,,,,145.0,-170.0,135.0,-155.0,0.41179,espnbet,104.0,106.0,0.0,3.5,-110.0,-110.0,,,,,,,,,,,,,,,,,,,,,,
401705474,2025-03-07,2025,2025-03-08T01:00Z,,fourfactors_hl25_b2b_carry25_phase_luck_talent_ft_avail_v6,reconstructed,OKC,POR,62,63,0,0,37.375,0.87565,OKC,0.87565,,,,,-145.0,125.0,-125.0,105.0,0.53247,espnbet,107.0,89.0,1.0,-1.5,-110.0,-110.0,,,,,,,,,,,,,,,,,,,,,,
401705475,2025-03-07,2025,2025-03-08T03:00Z,,fourfactors_hl25_b2b_carry25_phase_luck_talent_ft_avail_v6,reconstructed,DEN,PHO,62,62,0,0,23.708,0.7631,DEN,0.7631,,,,,-290.0,240.0,-380.0,290.0,0.75535,espnbet,149.0,141.0,1.0,-8.5,-115.0,-105.0,,,,,,,,,,,,,,,,,,,,,,
401705476,2025-03-07,2025,2025-03-08T03:00Z,,fourfactors_hl25_b2b_carry25_phase_luck_talent_ft_avail_v6,reconstructed,SAC,SAS,61,60,0,0,7.977,0.63077,SAC,0.63077,,,,,-210.0,175.0,-240.0,200.0,0.67925,espnbet,127.0,109.0,1.0,-6.5,-110.0,-110.0,,,,,,,,,,,,,,,,,,,,,,
401705477,2025-03-07,2025,2025-03-08T03:30Z,,fourfactors_hl25_b2b_carry25_phase_luck_talent_ft_avail_v6,reconstructed,LAC,NYK,62,62,0,1,-4.826,0.50261,LAC,0.50261,,,,,-155.0,135.0,-240.0,200.0,0.67925,espnbet,105.0,95.0,1.0,-6.5,-115.0,-105.0,,,,,,,,,,,,,,,,,,,,,,
401705478,2025-03-08,2025,2025-03-08T23:00Z,,fourfactors_hl25_b2b_carry25_phase_luck_talent_ft_avail_v6,reconstructed,CHO,BRK,62,62,1,0,-6.024,0.38407,BRK,0.61593,,,,,130.0,-150.0,180.0,-220.0,0.34188,espnbet,105.0,102.0,1.0,5.5,-115.0,-105.0,,,,,,,,,,,,,,,,,,,,,,
401705479,2025-03-08,2025,2025-03-09T00:00Z,,fourfactors_hl25_b2b_carry25_phase_luck_talent_ft_avail_v6,reconstructed,HOU,NOP,63,63,0,0,19.169,0.6558,HOU,0.6558,,,,,-320.0,260.0,-285.0,230.0,0.70954,espnbet,146.0,117.0,1.0,-6.5,-120.0,100.0,,,,,,,,,,,,,,,,,,,,,,
401705480,2025-03-08,2025,2025-03-09T00:30Z,,fourfactors_hl25_b2b_carry25_phase_luck_talent_ft_avail_v6,reconstructed,ATL,IND,63,61,0,0,-13.995,0.48528,IND,0.51472,,,,,110.0,-130.0,-105.0,-115.0,0.48917,espnbet,120.0,118.0,1.0,1.5,-120.0,100.0,,,,,,,,,,,,,,,,,,,,,,
401705481,2025-03-08,2025,2025-03-09T00:30Z,,fourfactors_hl25_b2b_carry25_phase_luck_talent_ft_avail_v6,reconstructed,TOR,WAS,63,61,1,0,16.956,0.6489,TOR,0.6489,,,,,-195.0,165.0,-180.0,150.0,0.61644,espnbet,117.0,118.0,0.0,-4.5,-105.0,-115.0,,,,,,,,,,,,,,,,,,,,,,
401705482,2025-03-08,2025,2025-03-09T01:00Z,,fourfactors_hl25_b2b_carry25_phase_luck_talent_ft_avail_v6,reconstructed,MIA,CHI,62,63,1,0,4.495,0.67133,MIA,0.67133,,,,,-175.0,150.0,-200.0,165.0,0.63855,espnbet,109.0,114.0,0.0,-5.5,-105.0,-115.0,,,,,,,,,,,,,,,,,,,,,,
401705483,2025-03-08,2025,2025-03-09T01:00Z,,fourfactors_hl25_b2b_carry25_phase_luck_talent_ft_avail_v6,reconstructed,MIL,ORL,61,64,0,0,25.116,0.74426,MIL,0.74426,,,,,-280.0,230.0,-290.0,235.0,0.71355,espnbet,109.0,111.0,0.0,-6.5,-115.0,-105.0,,,,,,,,,,,,,,,,,,,,,,
401705484,2025-03-08,2025,2025-03-09T01:30Z,,fourfactors_hl25_b2b_carry25_phase_luck_talent_ft_avail_v6,reconstructed,BOS,LAL,63,61,0,0,9.076,0.58602,BOS,0.58602,,,,,-215.0,180.0,-245.0,200.0,0.68056,espnbet,111.0,101.0,1.0,-6.5,-105.0,-115.0,,,,,,,,,,,,,,,,,,,,,,
401705485,2025-03-08,2025,2025-03-09T01:30Z,,fourfactors_hl25_b2b_carry25_phase_luck_talent_ft_avail_v6,reconstructed,GSW,DET,63,63,0,0,-2.14,0.64127,GSW,0.64127,,,,,-200.0,170.0,-200.0,170.0,0.64286,espnbet,115.0,110.0,1.0,-5.5,-105.0,-115.0,,,,,,,,,,,,,,,,,,,,,,
401705486,2025-03-09,2025,2025-03-09T17:00Z,,fourfactors_hl25_b2b_carry25_phase_luck_talent_ft_avail_v6,reconstructed,OKC,DEN,63,63,0,0,16.445,0.44499,DEN,0.55501,,,,,-270.0,220.0,-300.0,250.0,0.72414,espnbet,127.0,103.0,1.0,-7.5,-110.0,-110.0,,,,,,,,,,,,,,,,,,,,,,
401705487,2025-03-09,2025,2025-03-09T19:30Z,,fourfactors_hl25_b2b_carry25_phase_luck_talent_ft_avail_v6,reconstructed,DAL,PHO,64,63,0,0,1.794,0.292,PHO,0.708,,,,,240.0,-290.0,215.0,-265.0,0.30423,espnbet,116.0,125.0,0.0,6.5,-110.0,-110.0,,,,,,,,,,,,,,,,,,,,,,
401705489,2025-03-09,2025,2025-03-09T23:00Z,,fourfactors_hl25_b2b_carry25_phase_luck_talent_ft_avail_v6,reconstructed,NOP,MEM,64,63,1,0,-25.002,0.30065,MEM,0.69935,,,,,300.0,-400.0,350.0,-460.0,0.21293,espnbet,104.0,107.0,0.0,9.5,-105.0,-115.0,,,,,,,,,,,,,,,,,,,,,,
401705490,2025-03-09,2025,2025-03-09T23:30Z,,fourfactors_hl25_b2b_carry25_phase_luck_talent_ft_avail_v6,reconstructed,PHI,UTA,62,63,0,0,5.328,0.65695,PHI,0.65695,,,,,-300.0,250.0,-245.0,200.0,0.68056,espnbet,126.0,122.0,1.0,-6.5,100.0,-120.0,,,,,,,,,,,,,,,,,,,,,,
401705488,2025-03-09,2025,2025-03-10T00:00Z,,fourfactors_hl25_b2b_carry25_phase_luck_talent_ft_avail_v6,reconstructed,MIL,CLE,62,63,1,0,-23.105,0.27047,CLE,0.72953,,,,,240.0,-290.0,220.0,-270.0,0.29984,espnbet,100.0,112.0,0.0,7.5,-120.0,100.0,,,,,,,,,,,,,,,,,,,,,,
401705491,2025-03-09,2025,2025-03-10T00:00Z,,fourfactors_hl25_b2b_carry25_phase_luck_talent_ft_avail_v6,reconstructed,MIN,SAS,65,61,0,0,15.482,0.81885,MIN,0.81885,,,,,-450.0,340.0,-650.0,425.0,0.81982,espnbet,141.0,124.0,1.0,-10.5,-115.0,-105.0,,,,,,,,,,,,,,,,,,,,,,
401705492,2025-03-09,2025,2025-03-10T01:00Z,,fourfactors_hl25_b2b_carry25_phase_luck_talent_ft_avail_v6,reconstructed,POR,DET,64,64,0,1,-13.893,0.37137,DET,0.62863,,,,,115.0,-135.0,135.0,-160.0,0.40881,espnbet,112.0,119.0,0.0,3.5,-105.0,-115.0,,,,,,,,,,,,,,,,,,,,,,
401705493,2025-03-09,2025,2025-03-10T01:30Z,,fourfactors_hl25_b2b_carry25_phase_luck_talent_ft_avail_v6,reconstructed,LAC,SAC,63,62,0,0,-3.547,0.64544,LAC,0.64544,,,,,-215.0,180.0,-240.0,200.0,0.67925,espnbet,111.0,110.0,1.0,-5.5,-120.0,100.0,,,,,,,,,,,,,,,,,,,,,,
401705494,2025-03-10,2025,2025-03-10T23:30Z,,fourfactors_hl25_b2b_carry25_phase_luck_talent_ft_avail_v6,reconstructed,ATL,PHI,64,63,0,1,10.318,0.7135,ATL,0.7135,,,,,-380.0,290.0,-450.0,340.0,0.78261,espnbet,132.0,123.0,1.0,-9.5,-110.0,-110.0,,,,,,,,,,,,,,,,,,,,,,
401705495,2025-03-10,2025,2025-03-10T23:30Z,,fourfactors_hl25_b2b_carry25_phase_luck_talent_ft_avail_v6,reconstructed,BOS,UTA,64,64,0,1,47.068,0.95023,BOS,0.95023,,,,,-2000.0,1000.0,-1100.0,700.0,0.88,espnbet,114.0,108.0,1.0,-15.5,-110.0,-110.0,,,,,,,,,,,,,,,,,,,,,,
401705496,2025-03-10,2025,2025-03-10T23:30Z,,fourfactors_hl25_b2b_carry25_phase_luck_talent_ft_avail_v6,reconstructed,BRK,LAL,63,62,0,0,-38.061,0.21304,LAL,0.78696,,,,,200.0,-240.0,180.0,-220.0,0.34188,espnbet,111.0,108.0,1.0,5.5,-115.0,-105.0,,,,,,,,,,,,,,,,,,,,,,
401705497,2025-03-10,2025,2025-03-10T23:30Z,,fourfactors_hl25_b2b_carry25_phase_luck_talent_ft_avail_v6,reconstructed,MIA,CHO,63,63,0,0,23.04,0.85216,MIA,0.85216,,,,,-425.0,320.0,-425.0,320.0,0.77273,espnbet,102.0,105.0,0.0,-9.5,-105.0,-115.0,,,,,,,,,,,,,,,,,,,,,,
401705498,2025-03-10,2025,2025-03-10T23:30Z,,fourfactors_hl25_b2b_carry25_phase_luck_talent_ft_avail_v6,reconstructed,TOR,WAS,64,62,0,0,16.021,0.71713,TOR,0.71713,,,,,-260.0,215.0,-260.0,210.0,0.69125,espnbet,119.0,104.0,1.0,-6.5,-120.0,100.0,,,,,,,,,,,,,,,,,,,,,,
401705499,2025-03-10,2025,2025-03-11T00:00Z,,fourfactors_hl25_b2b_carry25_phase_luck_talent_ft_avail_v6,reconstructed,CHI,IND,64,62,0,0,-17.987,0.39317,IND,0.60683,,,,,155.0,-185.0,145.0,-175.0,0.39076,espnbet,121.0,103.0,1.0,3.5,-110.0,-110.0,,,,,,,,,,,,,,,,,,,,,,
401705500,2025-03-10,2025,2025-03-11T00:00Z,,fourfactors_hl25_b2b_carry25_phase_luck_talent_ft_avail_v6,reconstructed,HOU,ORL,64,65,0,0,19.406,0.62013,HOU,0.62013,,,,,-170.0,145.0,-145.0,125.0,0.57112,espnbet,97.0,84.0,1.0,-3.5,-105.0,-115.0,,,,,,,,,,,,,,,,,,,,,,
401705501,2025-03-10,2025,2025-03-11T00:00Z,,fourfactors_hl25_b2b_carry25_phase_luck_talent_ft_avail_v6,reconstructed,MEM,PHO,64,64,1,1,14.386,0.50613,MEM,0.50613,,,,,-200.0,170.0,-145.0,120.0,0.5656,espnbet,120.0,118.0,1.0,-2.5,-110.0,-110.0,,,,,,,,,,,,,,,,,,,,,,
401705502,2025-03-10,2025,2025-03-11T00:00Z,,fourfactors_hl25_b2b_carry25_phase_luck_talent_ft_avail_v6,reconstructed,OKC,DEN,64,64,1,1,19.039,0.76695,OKC,0.76695,,,,,-400.0,300.0,-380.0,290.0,0.75535,espnbet,127.0,140.0,0.0,-9.5,-105.0,-115.0,,,,,,,,,,,,,,,,,,,,,,
401705503,2025-03-10,2025,2025-03-11T00:30Z,,fourfactors_hl25_b2b_carry25_phase_luck_talent_ft_avail_v6,reconstructed,SAS,DAL,62,65,1,1,-1.066,0.62523,SAS,0.62523,,,,,-215.0,180.0,-250.0,205.0,0.68539,espnbet,129.0,133.0,0.0,-6.5,-105.0,-115.0,,,,,,,,,,,,,,,,,,,,,,
401705504,2025-03-10,2025,2025-03-11T02:00Z,,fourfactors_hl25_b2b_carry25_phase_luck_talent_ft_avail_v6,reconstructed,GSW,POR,64,65,0,1,13.251,0.85101,GSW,0.85101,,,,,-750.0,475.0,-800.0,500.0,0.84211,espnbet,130.0,120.0,1.0,-11.5,-115.0,-105.0,,,,,,,,,,,,,,,,,,,,,,
401705505,2025-03-10,2025,2025-03-11T02:30Z,,fourfactors_hl25_b2b_carry25_phase_luck_talent_ft_avail_v6,reconstructed,SAC,NYK,63,63,1,0,0.347,0.47681,NYK,0.52319,,,,,-110.0,-110.0,100.0,-120.0,0.47826,espnbet,104.0,133.0,0.0,1.5,-110.0,-110.0,,,,,,,,,,,,,,,,,,,,,,
401705506,2025-03-11,2025,2025-03-11T23:00Z,,fourfactors_hl25_b2b_carry25_phase_luck_talent_ft_avail_v6,reconstructed,CLE,BRK,64,64,0,1,54.905,0.92496,CLE,0.92496,,,,,-2000.0,1000.0,-900.0,600.0,0.86301,espnbet,109.0,104.0,1.0,-14.5,-115.0,-105.0,,,,,,,,,,,,,,,,,,,,,,
401705507,2025-03-11,2025,2025-03-11T23:00Z,,fourfactors_hl25_b2b_carry25_phase_luck_talent_ft_avail_v6,reconstructed,DET,WAS,65,63,0,1,39.2,0.91717,DET,0.91717,,,,,-1000.0,600.0,-1200.0,700.0,0.88073,espnbet,123.0,103.0,1.0,-14.5,-115.0,-105.0,,,,,,,,,,,,,,,,,,,,,,
401705508,2025-03-11,2025,2025-03-11T23:30Z,,fourfactors_hl25_b2b_carry25_phase_luck_talent_ft_avail_v6,reconstructed,IND,MIL,63,63,1,0,-1.69,0.47584,MIL,0.52416,,,,,130.0,-150.0,-130.0,110.0,0.54274,espnbet,115.0,114.0,1.0,-1.5,-110.0,-110.0,,,,,,,,,,,,,,,,,,,,,,
401705509,2025-03-11,2025,2025-03-12T00:00Z,,fourfactors_hl25_b2b_carry25_phase_luck_talent_ft_avail_v6,reconstructed,NOP,LAC,65,64,0,0,-18.912,0.28028,LAC,0.71972,,,,,220.0,-270.0,240.0,-295.0,0.28255,espnbet,127.0,120.0,1.0,7.5,-105.0,-115.0,,,,,,,,,,,,,,,,,,,,,,
401705511,2025-03-12,2025,2025-03-12T23:30Z,,fourfactors_hl25_b2b_carry25_phase_luck_talent_ft_avail_v6,reconstructed,ATL,CHO,65,64,0,0,24.582,0.75751,ATL,0.75751,,,,,-340.0,270.0,-280.0,230.0,0.70859,espnbet,123.0,110.0,1.0,-7.5,100.0,-120.0,,,,,,,,,,,,,,,,,,,,,,
401705512,2025-03-12,2025,2025-03-12T23:30Z,,fourfactors_hl25_b2b_carry25_phase_luck_talent_ft_avail_v6,reconstructed,BOS,OKC,65,65,0,0,-6.359,0.46495,OKC,0.53505,,,,,-185.0,155.0,-150.0,130.0,0.57983,espnbet,112.0,118.0,0.0,-2.5,-115.0,-105.0,,,,,,,,,,,,,,,,,,,,,,
401705513,2025-03-12,2025,2025-03-12T23:30Z,,fourfactors_hl25_b2b_carry25_phase_luck_talent_ft_avail_v6,reconstructed,TOR,PHI,65,64,0,0,3.798,0.53278,TOR,0.53278,,,,,-170.0,145.0,-145.0,120.0,0.5656,espnbet,118.0,105.0,1.0,-2.5,-110.0,-110.0,,,,,,,,,,,,,,,,,,,,,,
401705514,2025-03-12,2025,2025-03-13T00:00Z,,fourfactors_hl25_b2b_carry25_phase_luck_talent_ft_avail_v6,reconstructed,MIA,LAC,64,65,0,1,-6.858,0.57283,MIA,0.57283,,,,,105.0,-125.0,-125.0,105.0,0.53247,espnbet,104.0,119.0,0.0,-1.5,-110.0,-110.0,,,,,,,,,,,,,,,,,,,,,,
401705515,2025-03-12,2025,2025-03-13T00:00Z,,fourfactors_hl25_b2b_carry25_phase_luck_talent_ft_avail_v6,reconstructed,HOU,PHO,65,65,0,0,11.594,0.61448,HOU,0.61448,,,,,-170.0,145.0,-175.0,150.0,0.61404,espnbet,111.0,104.0,1.0,-4.5,-115.0,-105.0,,,,,,,,,,,,,,,,,,,,,,
401705516,2025-03-12,2025,2025-03-13T00:00Z,,fourfactors_hl25_b2b_carry25_phase_luck_talent_ft_avail_v6,reconstructed,MEM,UTA,65,65,0,0,28.274,0.73194,MEM,0.73194,,,,,-1400.0,750.0,-600.0,400.0,0.81081,espnbet,122.0,115.0,1.0,-10.5,-110.0,-110.0,,,,,,,,,,,,,,,,,,,,,,
401705517,2025-03-12,2025,2025-03-13T00:00Z,,fourfactors_hl25_b2b_carry25_phase_luck_talent_ft_avail_v6,reconstructed,SAS,DAL,63,66,0,0,-0.146,0.64984,SAS,0.64984,,,,,-200.0,170.0,-240.0,200.0,0.67925,espnbet,126.0,116.0,1.0,-6.5,-110.0,-110.0,,,,,,,,,,,,,,,,,,,,,,
401705518,2025-03-12,2025,2025-03-13T02:00Z,,fourfactors_hl25_b2b_carry25_phase_luck_talent_ft_avail_v6,reconstructed,DEN,MIN,65,66,0,0,7.202,0.58603,DEN,0.58603,,,,,-155.0,135.0,-125.0,105.0,0.53247,espnbet,95.0,115.0,0.0,-1.5,-110.0,-110.0,,,,,,,,,,,,,,,,,,,,,,
401705519,2025-03-12,2025,2025-03-13T02:00Z,,fourfactors_hl25_b2b_carry25_phase_luck_talent_ft_avail_v6,reconstructed,POR,NYK,66,64,0,0,-13.806,0.31356,NYK,0.68644,,,,,155.0,-185.0,150.0,-175.0,0.38596,espnbet,113.0,114.0,0.0,3.5,-105.0,-115.0,,,,,,,,,,,,,,,,,,,,,,
401705520,2025-03-13,2025,2025-03-13T23:00Z,,fourfactors_hl25_b2b_carry25_phase_luck_talent_ft_avail_v6,reconstructed,DET,WAS,66,64,0,0,41.054,0.87224,DET,0.87224,,,,,-1200.0,700.0,-900.0,550.0,0.85401,espnbet,125.0,129.0,0.0,-13.5,-105.0,-115.0,,,,,,,,,,,,,,,,,,,,,,
401705521,2025-03-13,2025,2025-03-13T23:30Z,,fourfactors_hl25_b2b_carry25_phase_luck_talent_ft_avail_v6,reconstructed,MIL,LAL,64,63,0,0,-4.768,0.64797,MIL,0.64797,,,,,-225.0,190.0,-225.0,190.0,0.66752,espnbet,126.0,106.0,1.0,-6.5,-105.0,-115.0,,,,,,,,,,,,,,,,,,,,,,
401705522,2025-03-13,2025,2025-03-14T00:00Z,,fourfactors_hl25_b2b_carry25_phase_luck_talent_ft_avail_v6,reconstructed,CHI,BRK,65,65,0,0,12.348,0.64741,CHI,0.64741,,,,,-140.0,120.0,-120.0,100.0,0.52174,espnbet,116.0,110.0,1.0,-1.5,-115.0,-105.0,,,,,,,,,,,,,,,,,,,,,,
401705707,2025-03-13,2025,2025-03-14T00:00Z,,fourfactors_hl25_b2b_carry25_phase_luck_talent_ft_avail_v6,reconstructed,NOP,ORL,66,66,0,0,-1.151,0.51121,NOP,0.51121,,,,,100.0,-120.0,115.0,-135.0,0.44741,espnbet,93.0,113.0,0.0,2.5,-115.0,-105.0,,,,,,,,,,,,,,,,,,,,,,
401705523,2025-03-13,2025,2025-03-14T02:00Z,,fourfactors_hl25_b2b_carry25_phase_luck_talent_ft_avail_v6,reconstructed,GSW,SAC,65,64,0,0,5.412,0.66881,GSW,0.66881,,,,,-270.0,220.0,-270.0,220.0,0.70016,espnbet,130.0,104.0,1.0,-7.5,-110.0,-110.0,,,,,,,,,,,,,,,,,,,,,,
401705524,2025-03-14,2025,2025-03-14T23:00Z,,fourfactors_hl25_b2b_carry25_phase_luck_talent_ft_avail_v6,reconstructed,MIA,BOS,65,66,0,0,-31.181,0.24444,BOS,0.75556,,,,,240.0,-290.0,290.0,-380.0,0.24465,espnbet,91.0,103.0,0.0,8.5,-115.0,-105.0,,,,,,,,,,,,,,,,,,,,,,
401705525,2025-03-14,2025,2025-03-14T23:00Z,,fourfactors_hl25_b2b_carry25_phase_luck_talent_ft_avail_v6,reconstructed,PHI,IND,65,64,0,0,-21.257,0.17729,IND,0.82271,,,,,425.0,-650.0,500.0,-800.0,0.15789,espnbet,100.0,112.0,0.0,12.5,-105.0,-115.0,,,,,,,,,,,,,,,,,,,,,,
401705526,2025-03-14,2025,2025-03-14T23:30Z,,fourfactors_hl25_b2b_carry25_phase_luck_talent_ft_avail_v6,reconstructed,ATL,LAC,66,66,0,0,-5.199,0.52163,ATL,0.52163,,,,,125.0,-145.0,170.0,-205.0,0.35527,espnbet,98.0,121.0,0.0,4.5,100.0,-120.0,,,,,,,,,,,,,,,,,,,,,,
401705527,2025-03-14,2025,2025-03-15T00:00Z,,fourfactors_hl25_b2b_carry25_phase_luck_talent_ft_avail_v6,reconstructed,HOU,DAL,66,67,0,0,11.594,0.79023,HOU,0.79023,,,,,-700.0,450.0,-650.0,425.0,0.81982,espnbet,133.0,96.0,1.0,-11.5,-115.0,-105.0,,,,,,,,,,,,,,,,,,,,,,
401705528,2025-03-14,2025,2025-03-15T00:00Z,,fourfactors_hl25_b2b_carry25_phase_luck_talent_ft_avail_v6,reconstructed,MEM,CLE,66,65,0,0,-24.134,0.38488,CLE,0.61512,,,,,115.0,-135.0,110.0,-130.0,0.45726,espnbet,124.0,133.0,0.0,1.5,-105.0,-115.0,,,,,,,,,,,,,,,,,,,,,,
401705529,2025-03-14,2025,2025-03-15T00:00Z,,fourfactors_hl25_b2b_carry25_phase_luck_talent_ft_avail_v6,reconstructed,MIN,ORL,67,67,0,1,24.6,0.87927,MIN,0.87927,,,,,-550.0,380.0,-550.0,400.0,0.80882,espnbet,118.0,111.0,1.0,-10.5,-115.0,-105.0,,,,,,,,,,,,,,,,,,,,,,
401705530,2025-03-14,2025,2025-03-15T00:00Z,,fourfactors_hl25_b2b_carry25_phase_luck_talent_ft_avail_v6,reconstructed,SAS,CHO,64,65,0,0,23.66,0.70609,SAS,0.70609,,,,,-185.0,155.0,-135.0,115.0,0.55259,espnbet,134.0,145.0,0.0,-2.5,-110.0,-110.0,,,,,,,,,,,,,,,,,,,,,,
401705531,2025-03-14,2025,2025-03-15T01:30Z,,fourfactors_hl25_b2b_carry25_phase_luck_talent_ft_avail_v6,reconstructed,DEN,LAL,66,64,0,1,4.92,0.85507,DEN,0.85507,,,,,-900.0,550.0,-1200.0,700.0,0.88073,espnbet,131.0,126.0,1.0,-15.5,-105.0,-115.0,,,,,,,,,,,,,,,,,,,,,,
401705532,2025-03-14,2025,2025-03-15T01:30Z,,fourfactors_hl25_b2b_carry25_phase_luck_talent_ft_avail_v6,reconstructed,UTA,TOR,66,66,0,0,-10.022,0.63633,UTA,0.63633,,,,,-120.0,100.0,-125.0,105.0,0.53247,espnbet,118.0,126.0,0.0,-1.5,-115.0,-105.0,,,,,,,,,,,,,,,,,,,,,,
401705533,2025-03-14,2025,2025-03-15T02:00Z,,fourfactors_hl25_b2b_carry25_phase_luck_talent_ft_avail_v6,reconstructed,PHO,SAC,66,65,0,1,-4.572,0.63609,PHO,0.63609,,,,,-140.0,120.0,-125.0,105.0,0.53247,espnbet,122.0,106.0,1.0,-1.5,-115.0,-105.0,,,,,,,,,,,,,,,,,,,,,,
401705534,2025-03-15,2025,2025-03-15T22:00Z,,fourfactors_hl25_b2b_carry25_phase_luck_talent_ft_avail_v6,reconstructed,BRK,BOS,66,67,0,1,-43.712,0.14693,BOS,0.85307,,,,,450.0,-700.0,425.0,-650.0,0.18018,espnbet,113.0,115.0,0.0,11.5,-110.0,-110.0,,,,,,,,,,,,,,,,,,,,,,
401705535,2025-03-15,2025,2025-03-15T23:00Z,,fourfactors_hl25_b2b_carry25_phase_luck_talent_ft_avail_v6,reconstructed,DET,OKC,67,66,0,0,-22.567,0.27041,OKC,0.72959,,,,,195.0,-230.0,150.0,-175.0,0.38596,espnbet,107.0,113.0,0.0,4.5,-115.0,-105.0,,,,,,,,,,,,,,,,,,,,,,
401705536,2025-03-15,2025,2025-03-16T00:00Z,,fourfactors_hl25_b2b_carry25_phase_luck_talent_ft_avail_v6,reconstructed,HOU,CHI,67,66,1,0,15.996,0.69203,HOU,0.69203,,,,,-500.0,360.0,-360.0,280.0,0.74836,espnbet,117.0,114.0,1.0,-8.5,-105.0,-115.0,,,,,,,,,,,,,,,,,,,,,,
401705537,2025-03-15,2025,2025-03-16T00:00Z,,fourfactors_hl25_b2b_carry25_phase_luck_talent_ft_avail_v6,reconstructed,MEM,MIA,67,66,1,1,14.183,0.68518,MEM,0.68518,,,,,-280.0,230.0,-210.0,170.0,0.64652,espnbet,125.0,91.0,1.0,-5.5,-115.0,-105.0,,,,,,,,,,,,,,,,,,,,,,
401705538,2025-03-15,2025,2025-03-16T00:00Z,,fourfactors_hl25_b2b_carry25_phase_luck_talent_ft_avail_v6,reconstructed,MIL,IND,65,65,0,1,1.883,0.61001,MIL,0.61001,,,,,-165.0,140.0,-155.0,135.0,0.58821,espnbet,126.0,119.0,1.0,-3.5,-110.0,-110.0,,,,,,,,,,,,,,,,,,,,,,
401705539,2025-03-15,2025,2025-03-16T00:30Z,,fourfactors_hl25_b2b_carry25_phase_luck_talent_ft_avail_v6,reconstructed,SAS,NOP,65,67,1,0,12.432,0.4984,NOP,0.5016,,,,,125.0,-145.0,-115.0,-105.0,0.51083,espnbet,119.0,115.0,1.0,-0.5,-110.0,-110.0,,,,,,,,,,,,,,,,,,,,,,
401705540,2025-03-15,2025,2025-03-16T00:30Z,,fourfactors_hl25_b2b_carry25_phase_luck_talent_ft_avail_v6,reconstructed,GSW,NYK,66,65,0,0,3.538,0.68777,GSW,0.68777,,,,,-260.0,215.0,-240.0,200.0,0.67925,espnbet,97.0,94.0,1.0,-6.5,-110.0,-110.0,,,,,,,,,,,,,,,,,,,,,,
401705541,2025-03-15,2025,2025-03-16T01:00Z,,fourfactors_hl25_b2b_carry25_phase_luck_talent_ft_avail_v6,reconstructed,DEN,WAS,67,65,1,0,45.1,0.91786,DEN,0.91786,,,,,-1600.0,800.0,-700.0,500.0,0.84,espnbet,123.0,126.0,0.0,-12.5,-105.0,-115.0,,,,,,,,,,,,,,,,,,,,,,
401705542,2025-03-16,2025,2025-03-16T17:00Z,,fourfactors_hl25_b2b_carry25_phase_luck_talent_ft_avail_v6,reconstructed,DAL,PHI,68,66,0,0,6.68,0.57414,DAL,0.57414,,,,,-195.0,165.0,-260.0,215.0,0.69466,espnbet,125.0,130.0,0.0,-6.5,-105.0,-115.0,,,,,,,,,,,,,,,,,,,,,,
401705545,2025-03-16,2025,2025-03-16T17:00Z,,fourfactors_hl25_b2b_carry25_phase_luck_talent_ft_avail_v6,reconstructed,CLE,ORL,66,68,0,0,45.927,0.83906,CLE,0.83906,,,,,-600.0,400.0,-550.0,380.0,0.80243,espnbet,103.0,108.0,0.0,-10.5,-105.0,-115.0,,,,,,,,,,,,,,,,,,,,,,
401705543,2025-03-16,2025,2025-03-16T19:30Z,,fourfactors_hl25_b2b_carry25_phase_luck_talent_ft_avail_v6,reconstructed,LAL,PHO,65,67,0,0,14.007,0.54658,LAL,0.54658,,,,,-165.0,140.0,-145.0,125.0,0.57112,espnbet,107.0,96.0,1.0,-3.5,100.0,-120.0,,,,,,,,,,,,,,,,,,,,,,
401705544,2025-03-16,2025,2025-03-16T22:00Z,,fourfactors_hl25_b2b_carry25_phase_luck_talent_ft_avail_v6,reconstructed,BRK,ATL,67,67,1,0,-14.13,0.28913,ATL,0.71087,,,,,180.0,-215.0,195.0,-230.0,0.32722,espnbet,122.0,114.0,1.0,6.5,-115.0,-105.0,,,,,,,,,,,,,,,,,,,,,,
401705546,2025-03-16,2025,2025-03-16T22:00Z,,fourfactors_hl25_b2b_carry25_phase_luck_talent_ft_avail_v6,reconstructed,POR,TOR,67,67,0,0,1.498,0.49899,TOR,0.50101,,,,,-260.0,215.0,-280.0,225.0,0.70543,espnbet,105.0,102.0,1.0,-7.5,-110.0,-110.0,,,,,,,,,,,,,,,,,,,,,,
401705547,2025-03-16,2025,2025-03-16T23:00Z,,fourfactors_hl25_b2b_carry25_phase_luck_talent_ft_avail_v6,reconstructed,MIN,UTA,68,67,0,0,33.098,0.90186,MIN,0.90186,,,,,-900.0,550.0,-900.0,550.0,0.85401,espnbet,128.0,102.0,1.0,-13.5,-110.0,-110.0,,,,,,,,,,,,,,,,,,,,,,
401748706,2025-03-16,2025,2025-03-16T23:00Z,,fourfactors_hl25_b2b_carry25_phase_luck_talent_ft_avail_v6,reconstructed,LAC,CHO,67,66,0,0,31.628,0.86619,LAC,0.86619,,,,,-700.0,450.0,-900.0,550.0,0.85401,espnbet,123.0,88.0,1.0,-13.5,-110.0,-110.0,,,,,,,,,,,,,,,,,,,,,,
401705548,2025-03-16,2025,2025-03-17T01:00Z,,fourfactors_hl25_b2b_carry25_phase_luck_talent_ft_avail_v6,reconstructed,MIL,OKC,66,67,1,1,-21.198,0.43877,OKC,0.56123,,,,,145.0,-170.0,170.0,-205.0,0.35527,espnbet,105.0,121.0,0.0,5.5,-110.0,-110.0,,,,,,,,,,,,,,,,,,,,,,
401705550,2025-03-17,2025,2025-03-17T23:30Z,,fourfactors_hl25_b2b_carry25_phase_luck_talent_ft_avail_v6,reconstructed,NYK,MIA,66,67,0,0,15.034,0.69086,NYK,0.69086,,,,,-300.0,250.0,-280.0,225.0,0.70543,espnbet,116.0,95.0,1.0,-6.5,-115.0,-105.0,,,,,,,,,,,,,,,,,,,,,,
401705551,2025-03-17,2025,2025-03-18T00:00Z,,fourfactors_hl25_b2b_carry25_phase_luck_talent_ft_avail_v6,reconstructed,HOU,PHI,68,67,0,1,23.289,0.86246,HOU,0.86246,,,,,-1400.0,750.0,-2500.0,1100.0,0.92025,espnbet,144.0,137.0,1.0,-16.5,-115.0,-105.0,,,,,,,,,,,,,,,,,,,,,,
401705552,2025-03-17,2025,2025-03-18T00:00Z,,fourfactors_hl25_b2b_carry25_phase_luck_talent_ft_avail_v6,reconstructed,MIN,IND,69,66,1,0,8.173,0.66026,MIN,0.66026,,,,,-290.0,240.0,-650.0,425.0,0.81982,espnbet,130.0,132.0,0.0,-10.5,-110.0,-110.0,,,,,,,,,,,,,,,,,,,,,,
401705553,2025-03-17,2025,2025-03-18T00:00Z,,fourfactors_hl25_b2b_carry25_phase_luck_talent_ft_avail_v6,reconstructed,NOP,DET,68,68,0,0,-26.32,0.39756,DET,0.60244,,,,,200.0,-240.0,200.0,-250.0,0.31818,espnbet,81.0,127.0,0.0,6.5,-120.0,100.0,,,,,,,,,,,,,,,,,,,,,,
401705555,2025-03-17,2025,2025-03-18T01:00Z,,fourfactors_hl25_b2b_carry25_phase_luck_talent_ft_avail_v6,reconstructed,UTA,CHI,68,67,1,0,-15.832,0.46149,CHI,0.53851,,,,,175.0,-210.0,160.0,-190.0,0.3699,espnbet,97.0,111.0,0.0,4.5,-105.0,-115.0,,,,,,,,,,,,,,,,,,,,,,
401705556,2025-03-17,2025,2025-03-18T02:00Z,,fourfactors_hl25_b2b_carry25_phase_luck_talent_ft_avail_v6,reconstructed,GSW,DEN,67,68,0,0,-5.88,0.6353,GSW,0.6353,,,,,-200.0,170.0,-550.0,410.0,0.81187,espnbet,105.0,114.0,0.0,-12.5,100.0,-120.0,,,,,,,,,,,,,,,,,,,,,,
401705557,2025-03-17,2025,2025-03-18T02:00Z,,fourfactors_hl25_b2b_carry25_phase_luck_talent_ft_avail_v6,reconstructed,PHO,TOR,68,68,1,1,4.31,0.71762,PHO,0.71762,,,,,-380.0,290.0,-380.0,290.0,0.75535,espnbet,129.0,89.0,1.0,-9.5,-105.0,-115.0,,,,,,,,,,,,,,,,,,,,,,
401705558,2025-03-17,2025,2025-03-18T02:00Z,,fourfactors_hl25_b2b_carry25_phase_luck_talent_ft_avail_v6,reconstructed,SAC,MEM,66,68,0,0,-12.917,0.64785,SAC,0.64785,,,,,-130.0,110.0,-155.0,135.0,0.58821,espnbet,132.0,122.0,1.0,-3.5,-105.0,-115.0,,,,,,,,,,,,,,,,,,,,,,
401705561,2025-03-17,2025,2025-03-18T02:00Z,,fourfactors_hl25_b2b_carry25_phase_luck_talent_ft_avail_v6,reconstructed,POR,WAS,68,66,1,0,20.765,0.64844,POR,0.64844,,,,,-185.0,155.0,-250.0,210.0,0.68889,espnbet,112.0,97.0,1.0,-5.5,-120.0,100.0,,,,,,,,,,,,,,,,,,,,,,
401754705,2025-03-17,2025,2025-03-18T02:30Z,,fourfactors_hl25_b2b_carry25_phase_luck_talent_ft_avail_v6,reconstructed,LAL,SAS,66,66,1,0,14.752,0.7415,LAL,0.7415,,,,,-425.0,320.0,-400.0,300.0,0.7619,espnbet,125.0,109.0,1.0,-8.5,-110.0,-110.0,,,,,,,,,,,,,,,,,,,,,,
401705559,2025-03-18,2025,2025-03-18T23:00Z,,fourfactors_hl25_b2b_carry25_phase_luck_talent_ft_avail_v6,reconstructed,CHO,ATL,67,68,0,0,-23.856,0.34397,ATL,0.65603,,,,,220.0,-270.0,270.0,-340.0,0.25913,espnbet,102.0,134.0,0.0,7.5,-105.0,-115.0,,,,,,,,,,,,,,,,,,,,,,
401705560,2025-03-18,2025,2025-03-18T23:30Z,,fourfactors_hl25_b2b_carry25_phase_luck_talent_ft_avail_v6,reconstructed,BOS,BRK,68,68,0,0,41.353,0.88053,BOS,0.88053,,,,,-900.0,550.0,-900.0,550.0,0.85401,espnbet,104.0,96.0,1.0,-13.5,-105.0,-115.0,,,,,,,,,,,,,,,,,,,,,,
401705578,2025-03-18,2025,2025-03-19T02:00Z,,fourfactors_hl25_b2b_carry25_phase_luck_talent_ft_avail_v6,reconstructed,GSW,MIL,68,67,1,0,-0.626,0.49839,MIL,0.50161,,,,,-145.0,125.0,110.0,-130.0,0.45726,espnbet,104.0,93.0,1.0,1.5,-105.0,-115.0,,,,,,,,,,,,,,,,,,,,,,
401705563,2025-03-18,2025,2025-03-19T02:30Z,,fourfactors_hl25_b2b_carry25_phase_luck_talent_ft_avail_v6,reconstructed,LAC,CLE,68,67,0,0,-22.57,0.40007,CLE,0.59993,,,,,130.0,-150.0,115.0,-135.0,0.44741,espnbet,132.0,119.0,1.0,2.5,-110.0,-110.0,,,,,,,,,,,,,,,,,,,,,,
401705564,2025-03-19,2025,2025-03-19T23:00Z,,fourfactors_hl25_b2b_carry25_phase_luck_talent_ft_avail_v6,reconstructed,IND,DAL,67,69,0,0,15.439,0.6458,IND,0.6458,,,,,-320.0,260.0,-550.0,380.0,0.80243,espnbet,135.0,131.0,1.0,-10.5,-110.0,-110.0,,,,,,,,,,,,,,,,,,,,,,
401705565,2025-03-19,2025,2025-03-19T23:00Z,,fourfactors_hl25_b2b_carry25_phase_luck_talent_ft_avail_v6,reconstructed,ORL,HOU,69,69,0,0,-22.903,0.36849,HOU,0.63151,,,,,120.0,-140.0,110.0,-130.0,0.45726,espnbet,108.0,116.0,0.0,2.5,-110.0,-110.0,,,,,,,,,,,,,,,,,,,,,,
401705566,2025-03-19,2025,2025-03-19T23:30Z,,fourfactors_hl25_b2b_carry25_phase_luck_talent_ft_avail_v6,reconstructed,MIA,DET,68,69,0,0,-24.448,0.40516,DET,0.59484,,,,,175.0,-210.0,145.0,-170.0,0.3933,espnbet,113.0,116.0,0.0,4.5,-110.0,-110.0,,,,,,,,,,,,,,,,,,,,,,
401705567,2025-03-19,2025,2025-03-20T00:00Z,,fourfactors_hl25_b2b_carry25_phase_luck_talent_ft_avail_v6,reconstructed,MIN,NOP,70,69,0,0,34.986,0.86468,MIN,0.86468,,,,,-750.0,475.0,-900.0,550.0,0.85401,espnbet,115.0,119.0,0.0,-13.5,-105.0,-115.0,,,,,,,,,,,,,,,,,,,,,,
401705568,2025-03-19,2025,2025-03-20T00:00Z,,fourfactors_hl25_b2b_carry25_phase_luck_talent_ft_avail_v6,reconstructed,OKC,PHI,68,68,0,0,45.023,0.86472,OKC,0.86472,,,,,-400.0,300.0,-650.0,425.0,0.81982,espnbet,133.0,100.0,1.0,-12.5,-105.0,-115.0,,,,,,,,,,,,,,,,,,,,,,
401705569,2025-03-19,2025,2025-03-20T00:00Z,,fourfactors_hl25_b2b_carry25_phase_luck_talent_ft_avail_v6,reconstructed,SAS,NYK,67,67,0,0,-11.882,0.35207,NYK,0.64793,,,,,280.0,-360.0,280.0,-360.0,0.25164,espnbet,120.0,105.0,1.0,8.5,-110.0,-110.0,,,,,,,,,,,,,,,,,,,,,,
401705193,2025-03-19,2025,2025-03-20T01:00Z,,fourfactors_hl25_b2b_carry25_phase_luck_talent_ft_avail_v6,reconstructed,UTA,WAS,69,67,0,0,4.077,0.60181,UTA,0.60181,,,,,-155.0,135.0,-150.0,125.0,0.57447,espnbet,128.0,112.0,1.0,-2.5,-110.0,-110.0,,,,,,,,,,,,,,,,,,,,,,
401705572,2025-03-19,2025,2025-03-20T02:00Z,,fourfactors_hl25_b2b_carry25_phase_luck_talent_ft_avail_v6,reconstructed,LAL,DEN,67,69,0,0,-1.823,0.69799,LAL,0.69799,,,,,-125.0,105.0,-210.0,170.0,0.64652,espnbet,120.0,108.0,1.0,-5.5,-110.0,-110.0,,,,,,,,,,,,,,,,,,,,,,
401705573,2025-03-19,2025,2025-03-20T02:00Z,,fourfactors_hl25_b2b_carry25_phase_luck_talent_ft_avail_v6,reconstructed,PHO,CHI,69,68,0,0,4.24,0.68642,PHO,0.68642,,,,,-270.0,220.0,-195.0,165.0,0.63659,espnbet,127.0,121.0,1.0,-5.5,-105.0,-115.0,,,,,,,,,,,,,,,,,,,,,,
401705574,2025-03-19,2025,2025-03-20T02:00Z,,fourfactors_hl25_b2b_carry25_phase_luck_talent_ft_avail_v6,reconstructed,POR,MEM,69,69,0,0,-13.528,0.37254,MEM,0.62746,,,,,190.0,-225.0,150.0,-180.0,0.38356,espnbet,115.0,99.0,1.0,4.5,-115.0,-105.0,,,,,,,,,,,,,,,,,,,,,,
401705575,2025-03-19,2025,2025-03-20T02:00Z,,fourfactors_hl25_b2b_carry25_phase_luck_talent_ft_avail_v6,reconstructed,SAC,CLE,67,68,0,1,-30.118,0.33576,CLE,0.66424,,,,,170.0,-200.0,215.0,-260.0,0.30534,espnbet,123.0,119.0,1.0,6.5,-105.0,-115.0,,,,,,,,,,,,,,,,,,,,,,
401705576,2025-03-20,2025,2025-03-20T23:00Z,,fourfactors_hl25_b2b_carry25_phase_luck_talent_ft_avail_v6,reconstructed,CHO,NYK,68,68,0,1,-36.469,0.29046,NYK,0.70954,,,,,300.0,-400.0,240.0,-300.0,0.28169,espnbet,115.0,98.0,1.0,7.5,-110.0,-110.0,,,,,,,,,,,,,,,,,,,,,,
401705577,2025-03-20,2025,2025-03-20T23:00Z,,fourfactors_hl25_b2b_carry25_phase_luck_talent_ft_avail_v6,reconstructed,IND,BRK,68,69,1,0,25.482,0.76002,IND,0.76002,,,,,-400.0,300.0,-330.0,260.0,0.73424,espnbet,105.0,99.0,1.0,-7.5,-115.0,-105.0,,,,,,,,,,,,,,,,,,,,,,
401705571,2025-03-20,2025,2025-03-21T02:00Z,,fourfactors_hl25_b2b_carry25_phase_luck_talent_ft_avail_v6,reconstructed,GSW,TOR,69,69,0,0,20.111,0.81931,GSW,0.81931,,,,,-1000.0,600.0,-1000.0,600.0,0.8642,espnbet,117.0,114.0,1.0,-14.5,-110.0,-110.0,,,,,,,,,,,,,,,,,,,,,,
401705579,2025-03-20,2025,2025-03-21T02:00Z,,fourfactors_hl25_b2b_carry25_phase_luck_talent_ft_avail_v6,reconstructed,SAC,CHI,68,69,1,1,4.037,0.63371,SAC,0.63371,,,,,-240.0,200.0,-300.0,250.0,0.72414,espnbet,116.0,128.0,0.0,-7.5,-110.0,-110.0,,,,,,,,,,,,,,,,,,,,,,
401705562,2025-03-20,2025,2025-03-21T02:30Z,,fourfactors_hl25_b2b_carry25_phase_luck_talent_ft_avail_v6,reconstructed,LAL,MIL,68,68,1,0,5.689,0.39624,MIL,0.60376,,,,,120.0,-140.0,270.0,-340.0,0.25913,espnbet,89.0,118.0,0.0,8.5,-105.0,-115.0,,,,,,,,,,,,,,,,,,,,,,
401705580,2025-03-21,2025,2025-03-21T23:00Z,,fourfactors_hl25_b2b_carry25_phase_luck_talent_ft_avail_v6,reconstructed,WAS,ORL,68,70,0,0,-15.488,0.27994,ORL,0.72006,,,,,240.0,-290.0,280.0,-360.0,0.25164,espnbet,105.0,120.0,0.0,8.5,-110.0,-110.0,,,,,,,,,,,,,,,,,,,,,,
401705581,2025-03-21,2025,2025-03-22T00:00Z,,fourfactors_hl25_b2b_carry25_phase_luck_talent_ft_avail_v6,reconstructed,MIA,HOU,69,70,0,0,-21.523,0.34075,HOU,0.65925,,,,,170.0,-200.0,160.0,-190.0,0.3699,espnbet,98.0,102.0,0.0,4.5,-110.0,-110.0,,,,,,,,,,,,,,,,,,,,,,
401705582,2025-03-21,2025,2025-03-22T00:00Z,,fourfactors_hl25_b2b_carry25_phase_luck_talent_ft_avail_v6,reconstructed,MIN,NOP,71,70,0,0,33.188,0.90644,MIN,0.90644,,,,,-1000.0,600.0,-1000.0,600.0,0.8642,espnbet,134.0,93.0,1.0,-14.5,-115.0,-105.0,,,,,,,,,,,,,,,,,,,,,,
401705583,2025-03-21,2025,2025-03-22T00:00Z,,fourfactors_hl25_b2b_carry25_phase_luck_talent_ft_avail_v6,reconstructed,OKC,CHO,69,69,0,1,61.544,0.92421,OKC,0.92421,,,,,-4000.0,1300.0,-3000.0,1200.0,0.92637,espnbet,141.0,106.0,1.0,-20.5,-105.0,-115.0,,,,,,,,,,,,,,,,,,,,,,
401705584,2025-03-21,2025,2025-03-22T00:00Z,,fourfactors_hl25_b2b_carry25_phase_luck_talent_ft_avail_v6,reconstructed,SAS,PHI,68,69,0,0,12.624,0.64502,SAS,0.64502,,,,,-190.0,160.0,-215.0,180.0,0.65649,espnbet,128.0,120.0,1.0,-5.5,-115.0,-105.0,,,,,,,,,,,,,,,,,,,,,,
401705585,2025-03-21,2025,2025-03-22T00:30Z,,fourfactors_hl25_b2b_carry25_phase_luck_talent_ft_avail_v6,reconstructed,DAL,DET,70,70,0,0,-21.293,0.31316,DET,0.68684,,,,,300.0,-400.0,300.0,-400.0,0.2381,espnbet,123.0,117.0,1.0,9.5,-110.0,-110.0,,,,,,,,,,,,,,,,,,,,,,
401705586,2025-03-21,2025,2025-03-22T01:30Z,,fourfactors_hl25_b2b_carry25_phase_luck_talent_ft_avail_v6,reconstructed,UTA,BOS,70,69,0,0,-45.46,0.10176,BOS,0.89824,,,,,475.0,-750.0,700.0,-1200.0,0.11927,espnbet,99.0,121.0,0.0,15.5,-115.0,-105.0,,,,,,,,,,,,,,,,,,,,,,
401705587,2025-03-21,2025,2025-03-22T02:00Z,,fourfactors_hl25_b2b_carry25_phase_luck_talent_ft_avail_v6,reconstructed,PHO,CLE,70,69,0,0,-29.415,0.30836,CLE,0.69164,,,,,250.0,-300.0,290.0,-380.0,0.24465,espnbet,123.0,112.0,1.0,8.5,-110.0,-110.0,,,,,,,,,,,,,,,,,,,,,,
401705588,2025-03-21,2025,2025-03-22T02:00Z,,fourfactors_hl25_b2b_carry25_phase_luck_talent_ft_avail_v6,reconstructed,POR,DEN,70,70,0,0,-16.45,0.3035,DEN,0.6965,,,,,-115.0,-105.0,110.0,-130.0,0.45726,espnbet,128.0,109.0,1.0,1.5,-110.0,-110.0,,,,,,,,,,,,,,,,,,,,,,
401705589,2025-03-21,2025,2025-03-22T02:30Z,,fourfactors_hl25_b2b_carry25_phase_luck_talent_ft_avail_v6,reconstructed,LAC,MEM,69,70,0,0,2.409,0.70198,LAC,0.70198,,,,,-250.0,210.0,-250.0,210.0,0.68889,espnbet,128.0,108.0,1.0,-6.5,-105.0,-115.0,,,,,,,,,,,,,,,,,,,,,,
401705590,2025-03-22,2025,2025-03-22T21:00Z,,fourfactors_hl25_b2b_carry25_phase_luck_talent_ft_avail_v6,reconstructed,IND,BRK,69,70,0,0,25.364,0.86652,IND,0.86652,,,,,-425.0,320.0,-650.0,475.0,0.83287,espnbet,108.0,103.0,1.0,-13.5,100.0,-120.0,,,,,,,,,,,,,,,,,,,,,,
401705591,2025-03-22,2025,2025-03-22T23:00Z,,fourfactors_hl25_b2b_carry25_phase_luck_talent_ft_avail_v6,reconstructed,ATL,GSW,69,70,0,0,-9.303,0.39821,GSW,0.60179,,,,,120.0,-140.0,120.0,-140.0,0.43796,espnbet,124.0,115.0,1.0,2.5,-105.0,-115.0,,,,,,,,,,,,,,,,,,,,,,
401705592,2025-03-22,2025,2025-03-23T00:00Z,,fourfactors_hl25_b2b_carry25_phase_luck_talent_ft_avail_v6,reconstructed,NYK,WAS,69,69,0,1,32.909,0.87306,NYK,0.87306,,,,,-1600.0,800.0,-1400.0,750.0,0.88806,espnbet,122.0,103.0,1.0,-15.5,-115.0,-105.0,,,,,,,,,,,,,,,,,,,,,,
401705593,2025-03-22,2025,2025-03-23T02:00Z,,fourfactors_hl25_b2b_carry25_phase_luck_talent_ft_avail_v6,reconstructed,SAC,MIL,69,69,0,0,-11.859,0.48638,MIL,0.51362,,,,,105.0,-125.0,-125.0,105.0,0.53247,espnbet,108.0,114.0,0.0,-1.5,-115.0,-105.0,,,,,,,,,,,,,,,,,,,,,,
401705594,2025-03-22,2025,2025-03-23T02:30Z,,fourfactors_hl25_b2b_carry25_phase_luck_talent_ft_avail_v6,reconstructed,LAL,CHI,69,70,0,0,14.951,0.73423,LAL,0.73423,,,,,-600.0,400.0,-650.0,425.0,0.81982,espnbet,115.0,146.0,0.0,-10.5,-105.0,-115.0,,,,,,,,,,,,,,,,,,,,,,
401705595,2025-03-23,2025,2025-03-23T19:00Z,,fourfactors_hl25_b2b_carry25_phase_luck_talent_ft_avail_v6,reconstructed,DET,NOP,71,71,0,0,33.96,0.8527,DET,0.8527,,,,,-425.0,320.0,-750.0,475.0,0.83535,espnbet,136.0,130.0,1.0,-11.5,-115.0,-105.0,,,,,,,,,,,,,,,,,,,,,,
401705596,2025-03-23,2025,2025-03-23T19:30Z,,fourfactors_hl25_b2b_carry25_phase_luck_talent_ft_avail_v6,reconstructed,UTA,CLE,71,70,0,0,-49.394,0.10849,CLE,0.89151,,,,,800.0,-1600.0,900.0,-1800.0,0.09548,espnbet,91.0,120.0,0.0,16.5,-110.0,-110.0,,,,,,,,,,,,,,,,,,,,,,
401705597,2025-03-23,2025,2025-03-23T22:00Z,,fourfactors_hl25_b2b_carry25_phase_luck_talent_ft_avail_v6,reconstructed,ATL,PHI,70,70,1,0,15.555,0.75948,ATL,0.75948,,,,,-550.0,380.0,-500.0,360.0,0.7931,espnbet,132.0,119.0,1.0,-10.5,100.0,-120.0,,,,,,,,,,,,,,,,,,,,,,
401705598,2025-03-23,2025,2025-03-23T22:00Z,,fourfactors_hl25_b2b_carry25_phase_luck_talent_ft_avail_v6,reconstructed,MIA,CHO,70,70,0,0,18.039,0.8469,MIA,0.8469,,,,,-155.0,135.0,-280.0,230.0,0.70859,espnbet,122.0,105.0,1.0,-7.5,-110.0,-110.0,,,,,,,,,,,,,,,,,,,,,,
401705599,2025-03-23,2025,2025-03-23T22:00Z,,fourfactors_hl25_b2b_carry25_phase_luck_talent_ft_avail_v6,reconstructed,TOR,SAS,70,69,0,0,-8.973,0.56172,TOR,0.56172,,,,,-110.0,-110.0,-110.0,-110.0,0.5,espnbet,89.0,123.0,0.0,-0.5,-110.0,-110.0,,,,,,,,,,,,,,,,,,,,,,
401705600,2025-03-23,2025,2025-03-23T22:00Z,,fourfactors_hl25_b2b_carry25_phase_luck_talent_ft_avail_v6,reconstructed,POR,BOS,71,70,0,0,-26.351,0.16881,BOS,0.83119,,,,,240.0,-290.0,210.0,-250.0,0.31111,espnbet,116.0,129.0,0.0,6.5,-115.0,-105.0,,,,,,,,,,,,,,,,,,,,,,
401705601,2025-03-23,2025,2025-03-23T23:00Z,,fourfactors_hl25_b2b_carry25_phase_luck_talent_ft_avail_v6,reconstructed,HOU,DEN,71,71,0,0,-0.418,0.66286,HOU,0.66286,,,,,-290.0,240.0,-300.0,250.0,0.72414,espnbet,111.0,116.0,0.0,-7.5,-110.0,-110.0,,,,,,,,,,,,,,,,,,,,,,
401705602,2025-03-23,2025,2025-03-24T01:00Z,,fourfactors_hl25_b2b_carry25_phase_luck_talent_ft_avail_v6,reconstructed,LAC,OKC,70,70,0,0,-24.81,0.372,OKC,0.628,,,,,135.0,-155.0,-110.0,-110.0,0.5,espnbet,101.0,103.0,0.0,-0.5,-110.0,-110.0,,,,,,,,,,,,,,,,,,,,,,
401705603,2025-03-24,2025,2025-03-24T23:00Z,,fourfactors_hl25_b2b_carry25_phase_luck_talent_ft_avail_v6,reconstructed,IND,MIN,70,72,0,0,-7.512,0.44257,MIN,0.55743,,,,,-125.0,105.0,115.0,-135.0,0.44741,espnbet,119.0,103.0,1.0,2.5,-110.0,-110.0,,,,,,,,,,,,,,,,,,,,,,
401705604,2025-03-24,2025,2025-03-24T23:00Z,,fourfactors_hl25_b2b_carry25_phase_luck_talent_ft_avail_v6,reconstructed,ORL,LAL,71,70,0,0,-18.808,0.27936,LAL,0.72064,,,,,145.0,-170.0,140.0,-165.0,0.40091,espnbet,118.0,106.0,1.0,4.5,-110.0,-110.0,,,,,,,,,,,,,,,,,,,,,,
401705605,2025-03-24,2025,2025-03-24T23:00Z,,fourfactors_hl25_b2b_carry25_phase_luck_talent_ft_avail_v6,reconstructed,WAS,TOR,70,71,0,1,-15.178,0.44549,TOR,0.55451,,,,,125.0,-145.0,-130.0,110.0,0.54274,espnbet,104.0,112.0,0.0,-1.5,-115.0,-105.0,,,,,,,,,,,,,,,,,,,,,,
401705606,2025-03-24,2025,2025-03-24T23:30Z,,fourfactors_hl25_b2b_carry25_phase_luck_talent_ft_avail_v6,reconstructed,BRK,DAL,71,71,0,0,-9.473,0.44152,DAL,0.55848,,,,,100.0,-120.0,125.0,-145.0,0.42888,espnbet,101.0,120.0,0.0,2.5,-105.0,-115.0,,,,,,,,,,,,,,,,,,,,,,
401705607,2025-03-24,2025,2025-03-25T00:00Z,,fourfactors_hl25_b2b_carry25_phase_luck_talent_ft_avail_v6,reconstructed,NOP,PHI,72,71,1,1,-4.76,0.41415,PHI,0.58585,,,,,-215.0,180.0,-150.0,125.0,0.57447,espnbet,112.0,99.0,1.0,-3.5,-110.0,-110.0,,,,,,,,,,,,,,,,,,,,,,
401705608,2025-03-24,2025,2025-03-25T01:00Z,,fourfactors_hl25_b2b_carry25_phase_luck_talent_ft_avail_v6,reconstructed,DEN,CHI,72,71,1,0,11.892,0.60481,DEN,0.60481,,,,,-170.0,145.0,-140.0,115.0,0.55638,espnbet,119.0,129.0,0.0,-2.5,-115.0,-105.0,,,,,,,,,,,,,,,,,,,,,,
401705609,2025-03-24,2025,2025-03-25T02:00Z,,fourfactors_hl25_b2b_carry25_phase_luck_talent_ft_avail_v6,reconstructed,PHO,MIL,71,70,0,0,-11.353,0.53197,PHO,0.53197,,,,,-150.0,130.0,-150.0,130.0,0.57983,espnbet,108.0,106.0,1.0,-2.5,-115.0,-105.0,,,,,,,,,,,,,,,,,,,,,,
401705610,2025-03-24,2025,2025-03-25T02:00Z,,fourfactors_hl25_b2b_carry25_phase_luck_talent_ft_avail_v6,reconstructed,SAC,BOS,70,71,0,1,-28.547,0.3466,BOS,0.6534,,,,,140.0,-165.0,160.0,-190.0,0.3699,espnbet,95.0,113.0,0.0,4.5,-105.0,-115.0,,,,,,,,,,,,,,,,,,,,,,
401705611,2025-03-25,2025,2025-03-25T23:00Z,,fourfactors_hl25_b2b_carry25_phase_luck_talent_ft_avail_v6,reconstructed,CHO,ORL,71,72,0,1,-21.684,0.41893,ORL,0.58107,,,,,170.0,-200.0,140.0,-165.0,0.40091,espnbet,104.0,111.0,0.0,4.5,-115.0,-105.0,,,,,,,,,,,,,,,,,,,,,,
401705612,2025-03-25,2025,2025-03-25T23:00Z,,fourfactors_hl25_b2b_carry25_phase_luck_talent_ft_avail_v6,reconstructed,DET,SAS,72,70,0,0,12.002,0.69458,DET,0.69458,,,,,-360.0,280.0,-380.0,290.0,0.75535,espnbet,122.0,96.0,1.0,-9.5,-110.0,-110.0,,,,,,,,,,,,,,,,,,,,,,
401705613,2025-03-25,2025,2025-03-25T23:30Z,,fourfactors_hl25_b2b_carry25_phase_luck_talent_ft_avail_v6,reconstructed,MIA,GSW,71,71,0,0,-15.631,0.39172,GSW,0.60828,,,,,155.0,-185.0,155.0,-185.0,0.37661,espnbet,112.0,86.0,1.0,4.5,100.0,-120.0,,,,,,,,,,,,,,,,,,,,,,
401705614,2025-03-25,2025,2025-03-25T23:30Z,,fourfactors_hl25_b2b_carry25_phase_luck_talent_ft_avail_v6,reconstructed,NYK,DAL,70,72,0,1,11.289,0.73482,NYK,0.73482,,,,,-300.0,250.0,-700.0,450.0,0.82796,espnbet,128.0,113.0,1.0,-11.5,-115.0,-105.0,,,,,,,,,,,,,,,,,,,,,,
401705615,2025-03-25,2025,2025-03-26T00:00Z,,fourfactors_hl25_b2b_carry25_phase_luck_talent_ft_avail_v6,reconstructed,HOU,ATL,72,71,0,0,9.922,0.68383,HOU,0.68383,,,,,-320.0,260.0,-280.0,225.0,0.70543,espnbet,121.0,114.0,1.0,-7.5,-105.0,-115.0,,,,,,,,,,,,,,,,,,,,,,
401705616,2025-03-25,2025,2025-03-26T01:00Z,,fourfactors_hl25_b2b_carry25_phase_luck_talent_ft_avail_v6,reconstructed,UTA,MEM,72,71,0,0,-29.908,0.23497,MEM,0.76503,,,,,360.0,-500.0,400.0,-550.0,0.19118,espnbet,103.0,140.0,0.0,11.5,-110.0,-110.0,,,,,,,,,,,,,,,,,,,,,,
401705617,2025-03-25,2025,2025-03-26T02:00Z,,fourfactors_hl25_b2b_carry25_phase_luck_talent_ft_avail_v6,reconstructed,POR,CLE,72,71,0,0,-31.606,0.22578,CLE,0.77422,,,,,230.0,-280.0,200.0,-245.0,0.31944,espnbet,111.0,122.0,0.0,6.5,-115.0,-105.0,,,,,,,,,,,,,,,,,,,,,,
401705618,2025-03-25,2025,2025-03-26T02:00Z,,fourfactors_hl25_b2b_carry25_phase_luck_talent_ft_avail_v6,reconstructed,SAC,OKC,71,71,1,0,-38.828,0.25739,OKC,0.74261,,,,,320.0,-425.0,270.0,-340.0,0.25913,espnbet,105.0,121.0,0.0,8.5,-105.0,-115.0,,,,,,,,,,,,,,,,,,,,,,
401705619,2025-03-26,2025,2025-03-26T23:00Z,,fourfactors_hl25_b2b_carry25_phase_luck_talent_ft_avail_v6,reconstructed,PHI,WAS,72,71,0,0,11.833,0.73034,PHI,0.73034,,,,,-150.0,130.0,-150.0,130.0,0.57983,espnbet,114.0,119.0,0.0,-3.5,-105.0,-115.0,,,,,,,,,,,,,,,,,,,,,,
401705620,2025-03-26,2025,2025-03-26T23:30Z,,fourfactors_hl25_b2b_carry25_phase_luck_talent_ft_avail_v6,reconstructed,BRK,TOR,72,72,0,0,-4.713,0.56543,BRK,0.56543,,,,,-120.0,100.0,-135.0,115.0,0.55259,espnbet,86.0,116.0,0.0,-2.5,-110.0,-110.0,,,,,,,,,,,,,,,,,,,,,,
401705621,2025-03-26,2025,2025-03-26T23:30Z,,fourfactors_hl25_b2b_carry25_phase_luck_talent_ft_avail_v6,reconstructed,IND,LAL,71,71,0,0,1.988,0.51711,IND,0.51711,,,,,-125.0,105.0,-105.0,-115.0,0.48917,espnbet,119.0,120.0,0.0,-0.5,-105.0,-115.0,,,,,,,,,,,,,,,,,,,,,,
401705622,2025-03-26,2025,2025-03-26T23:30Z,,fourfactors_hl25_b2b_carry25_phase_luck_talent_ft_avail_v6,reconstructed,NYK,LAC,71,71,1,0,-3.655,0.31423,LAC,0.68577,,,,,100.0,-120.0,145.0,-170.0,0.3933,espnbet,113.0,126.0,0.0,4.5,-105.0,-115.0,,,,,,,,,,,,,,,,,,,,,,
401705623,2025-03-26,2025,2025-03-27T01:00Z,,fourfactors_hl25_b2b_carry25_phase_luck_talent_ft_avail_v6,reconstructed,DEN,MIL,73,71,0,0,-0.721,0.69426,DEN,0.69426,,,,,-135.0,115.0,-650.0,425.0,0.81982,espnbet,127.0,117.0,1.0,-11.5,-110.0,-110.0,,,,,,,,,,,,,,,,,,,,,,
401705624,2025-03-26,2025,2025-03-27T02:00Z,,fourfactors_hl25_b2b_carry25_phase_luck_talent_ft_avail_v6,reconstructed,PHO,BOS,72,72,0,0,-27.37,0.26892,BOS,0.73108,,,,,130.0,-150.0,155.0,-185.0,0.37661,espnbet,102.0,132.0,0.0,4.5,-110.0,-110.0,,,,,,,,,,,,,,,,,,,,,,
401705625,2025-03-27,2025,2025-03-27T23:00Z,,fourfactors_hl25_b2b_carry25_phase_luck_talent_ft_avail_v6,reconstructed,CLE,SAS,72,71,0,0,30.811,0.84339,CLE,0.84339,,,,,-1000.0,600.0,-1000.0,600.0,0.8642,espnbet,124.0,116.0,1.0,-13.5,-115.0,-105.0,,,,,,,,,,,,,,,,,,,,,,
401705626,2025-03-27,2025,2025-03-27T23:00Z,,fourfactors_hl25_b2b_carry25_phase_luck_talent_ft_avail_v6,reconstructed,ORL,DAL,73,73,0,0,-1.989,0.60946,ORL,0.60946,,,,,-260.0,215.0,-245.0,200.0,0.68056,espnbet,92.0,101.0,0.0,-6.5,-105.0,-115.0,,,,,,,,,,,,,,,,,,,,,,
401705627,2025-03-27,2025,2025-03-27T23:00Z,,fourfactors_hl25_b2b_carry25_phase_luck_talent_ft_avail_v6,reconstructed,WAS,IND,72,72,1,1,-35.555,0.11858,IND,0.88142,,,,,425.0,-650.0,500.0,-800.0,0.15789,espnbet,109.0,162.0,0.0,12.5,-110.0,-110.0,,,,,,,,,,,,,,,,,,,,,,
401705628,2025-03-27,2025,2025-03-27T23:30Z,,fourfactors_hl25_b2b_carry25_phase_luck_talent_ft_avail_v6,reconstructed,MIA,ATL,72,72,0,0,-7.247,0.57846,MIA,0.57846,,,,,-125.0,105.0,-125.0,105.0,0.53247,espnbet,122.0,112.0,1.0,-1.5,-115.0,-105.0,,,,,,,,,,,,,,,,,,,,,,
401705629,2025-03-27,2025,2025-03-28T00:00Z,,fourfactors_hl25_b2b_carry25_phase_luck_talent_ft_avail_v6,reconstructed,CHI,LAL,72,72,0,1,-6.802,0.39434,LAL,0.60566,,,,,135.0,-155.0,140.0,-165.0,0.40091,espnbet,119.0,117.0,1.0,3.5,-110.0,-110.0,,,,,,,,,,,,,,,,,,,,,,
401705630,2025-03-27,2025,2025-03-28T00:00Z,,fourfactors_hl25_b2b_carry25_phase_luck_talent_ft_avail_v6,reconstructed,OKC,MEM,72,72,0,0,26.294,0.85645,OKC,0.85645,,,,,-550.0,380.0,-550.0,380.0,0.80243,espnbet,125.0,104.0,1.0,-10.5,-105.0,-115.0,,,,,,,,,,,,,,,,,,,,,,
401705631,2025-03-27,2025,2025-03-28T01:00Z,,fourfactors_hl25_b2b_carry25_phase_luck_talent_ft_avail_v6,reconstructed,UTA,HOU,73,73,0,0,-37.19,0.15769,HOU,0.84231,,,,,500.0,-800.0,500.0,-800.0,0.15789,espnbet,110.0,121.0,0.0,13.5,-110.0,-110.0,,,,,,,,,,,,,,,,,,,,,,
401705632,2025-03-27,2025,2025-03-28T02:00Z,,fourfactors_hl25_b2b_carry25_phase_luck_talent_ft_avail_v6,reconstructed,SAC,POR,72,73,0,0,-2.447,0.71799,SAC,0.71799,,,,,-215.0,180.0,-215.0,180.0,0.65649,espnbet,128.0,107.0,1.0,-5.5,-110.0,-110.0,,,,,,,,,,,,,,,,,,,,,,
401705633,2025-03-28,2025,2025-03-28T23:00Z,,fourfactors_hl25_b2b_carry25_phase_luck_talent_ft_avail_v6,reconstructed,DET,CLE,73,73,0,1,-13.701,0.42009,CLE,0.57991,,,,,300.0,-400.0,205.0,-250.0,0.31461,espnbet,133.0,122.0,1.0,6.5,-110.0,-110.0,,,,,,,,,,,,,,,,,,,,,,
401705634,2025-03-28,2025,2025-03-28T23:30Z,,fourfactors_hl25_b2b_carry25_phase_luck_talent_ft_avail_v6,reconstructed,BRK,LAC,73,72,0,0,-31.768,0.16978,LAC,0.83022,,,,,475.0,-750.0,500.0,-800.0,0.15789,espnbet,100.0,132.0,0.0,12.5,-110.0,-110.0,,,,,,,,,,,,,,,,,,,,,,
401705635,2025-03-28,2025,2025-03-28T23:30Z,,fourfactors_hl25_b2b_carry25_phase_luck_talent_ft_avail_v6,reconstructed,TOR,CHO,73,72,0,0,20.482,0.70029,TOR,0.70029,,,,,-260.0,215.0,-215.0,180.0,0.65649,espnbet,108.0,97.0,1.0,-5.5,-110.0,-110.0,,,,,,,,,,,,,,,,,,,,,,
401705636,2025-03-28,2025,2025-03-29T00:00Z,,fourfactors_hl25_b2b_carry25_phase_luck_talent_ft_avail_v6,reconstructed,MIL,NYK,72,72,0,0,4.585,0.54811,MIL,0.54811,,,,,-105.0,-115.0,-115.0,-105.0,0.51083,espnbet,107.0,116.0,0.0,-1.5,-110.0,-110.0,,,,,,,,,,,,,,,,,,,,,,
401705637,2025-03-28,2025,2025-03-29T00:00Z,,fourfactors_hl25_b2b_carry25_phase_luck_talent_ft_avail_v6,reconstructed,MIN,PHO,73,73,0,0,16.824,0.74301,MIN,0.74301,,,,,-290.0,240.0,-320.0,260.0,0.73282,espnbet,124.0,109.0,1.0,-7.5,-115.0,-105.0,,,,,,,,,,,,,,,,,,,,,,
401705638,2025-03-28,2025,2025-03-29T00:00Z,,fourfactors_hl25_b2b_carry25_phase_luck_talent_ft_avail_v6,reconstructed,NOP,GSW,73,72,0,0,-23.782,0.18247,GSW,0.81753,,,,,425.0,-650.0,800.0,-1600.0,0.10559,espnbet,95.0,111.0,0.0,15.5,-105.0,-115.0,,,,,,,,,,,,,,,,,,,,,,
401705639,2025-03-28,2025,2025-03-29T01:00Z,,fourfactors_hl25_b2b_carry25_phase_luck_talent_ft_avail_v6,reconstructed,DEN,UTA,74,74,0,1,36.89,0.94145,DEN,0.94145,,,,,-1600.0,800.0,-2000.0,1000.0,0.91286,espnbet,129.0,93.0,1.0,-19.5,-105.0,-115.0,,,,,,,,,,,,,,,,,,,,,,
401705640,2025-03-29,2025,2025-03-29T21:00Z,,fourfactors_hl25_b2b_carry25_phase_luck_talent_ft_avail_v6,reconstructed,ORL,SAC,74,73,0,0,-5.518,0.39462,SAC,0.60538,,,,,-105.0,-115.0,-125.0,105.0,0.53247,espnbet,121.0,91.0,1.0,-1.5,-110.0,-110.0,,,,,,,,,,,,,,,,,,,,,,
401705641,2025-03-29,2025,2025-03-29T23:00Z,,fourfactors_hl25_b2b_carry25_phase_luck_talent_ft_avail_v6,reconstructed,WAS,BRK,73,74,0,1,-8.12,0.49687,BRK,0.50313,,,,,100.0,-120.0,-130.0,110.0,0.54274,espnbet,112.0,115.0,0.0,-2.5,-105.0,-115.0,,,,,,,,,,,,,,,,,,,,,,
401705642,2025-03-29,2025,2025-03-29T23:30Z,,fourfactors_hl25_b2b_carry25_phase_luck_talent_ft_avail_v6,reconstructed,PHI,MIA,73,73,0,0,-12.02,0.47314,MIA,0.52686,,,,,250.0,-300.0,260.0,-320.0,0.26718,espnbet,95.0,118.0,0.0,7.5,-105.0,-115.0,,,,,,,,,,,,,,,,,,,,,,
401705643,2025-03-29,2025,2025-03-30T00:00Z,,fourfactors_hl25_b2b_carry25_phase_luck_talent_ft_avail_v6,reconstructed,CHI,DAL,73,74,0,0,5.655,0.56097,CHI,0.56097,,,,,-135.0,115.0,-140.0,120.0,0.56204,espnbet,119.0,120.0,0.0,-2.5,-115.0,-105.0,,,,,,,,,,,,,,,,,,,,,,
401705644,2025-03-29,2025,2025-03-30T00:00Z,,fourfactors_hl25_b2b_carry25_phase_luck_talent_ft_avail_v6,reconstructed,MEM,LAL,73,73,0,0,0.152,0.49604,LAL,0.50396,,,,,-120.0,100.0,-110.0,-110.0,0.5,espnbet,127.0,134.0,0.0,-1.5,-105.0,-115.0,,,,,,,,,,,,,,,,,,,,,,
401705645,2025-03-29,2025,2025-03-30T00:00Z,,fourfactors_hl25_b2b_carry25_phase_luck_talent_ft_avail_v6,reconstructed,OKC,IND,73,73,0,0,22.426,0.78012,OKC,0.78012,,,,,-500.0,360.0,-380.0,290.0,0.75535,espnbet,132.0,111.0,1.0,-8.5,-105.0,-115.0,,,,,,,,,,,,,,,,,,,,,,
401705646,2025-03-29,2025,2025-03-30T00:00Z,,fourfactors_hl25_b2b_carry25_phase_luck_talent_ft_avail_v6,reconstructed,SAS,BOS,72,73,0,0,-31.04,0.15037,BOS,0.84963,,,,,450.0,-700.0,500.0,-800.0,0.15789,espnbet,111.0,121.0,0.0,12.5,-110.0,-110.0,,,,,,,,,,,,,,,,,,,,,,
401705647,2025-03-30,2025,2025-03-30T19:30Z,,fourfactors_hl25_b2b_carry25_phase_luck_talent_ft_avail_v6,reconstructed,CLE,LAC,74,73,0,0,12.609,0.6434,CLE,0.6434,,,,,-280.0,230.0,-280.0,230.0,0.70859,espnbet,127.0,122.0,1.0,-6.5,-110.0,-110.0,,,,,,,,,,,,,,,,,,,,,,
401705648,2025-03-30,2025,2025-03-30T22:00Z,,fourfactors_hl25_b2b_carry25_phase_luck_talent_ft_avail_v6,reconstructed,NYK,POR,73,74,0,0,10.433,0.72929,NYK,0.72929,,,,,-380.0,290.0,-280.0,230.0,0.70859,espnbet,110.0,93.0,1.0,-7.5,-105.0,-115.0,,,,,,,,,,,,,,,,,,,,,,
401705649,2025-03-30,2025,2025-03-30T23:00Z,,fourfactors_hl25_b2b_carry25_phase_luck_talent_ft_avail_v6,reconstructed,MIL,ATL,73,73,0,0,9.41,0.63743,MIL,0.63743,,,,,-155.0,135.0,-170.0,145.0,0.6067,espnbet,124.0,145.0,0.0,-4.5,-110.0,-110.0,,,,,,,,,,,,,,,,,,,,,,
401705650,2025-03-30,2025,2025-03-30T23:00Z,,fourfactors_hl25_b2b_carry25_phase_luck_talent_ft_avail_v6,reconstructed,MIN,DET,74,74,0,0,-0.443,0.76999,MIN,0.76999,,,,,-250.0,210.0,-340.0,270.0,0.74087,espnbet,123.0,104.0,1.0,-8.5,100.0,-120.0,,,,,,,,,,,,,,,,,,,,,,
401705651,2025-03-30,2025,2025-03-30T23:00Z,,fourfactors_hl25_b2b_carry25_phase_luck_talent_ft_avail_v6,reconstructed,NOP,CHO,74,73,0,0,11.614,0.71194,NOP,0.71194,,,,,-145.0,125.0,-135.0,115.0,0.55259,espnbet,98.0,94.0,1.0,-2.5,-110.0,-110.0,,,,,,,,,,,,,,,,,,,,,,
401705652,2025-03-30,2025,2025-03-30T23:00Z,,fourfactors_hl25_b2b_carry25_phase_luck_talent_ft_avail_v6,reconstructed,SAS,GSW,73,73,1,0,-7.581,0.26292,GSW,0.73708,,,,,450.0,-700.0,425.0,-650.0,0.18018,espnbet,106.0,148.0,0.0,11.5,-115.0,-105.0,,,,,,,,,,,,,,,,,,,,,,
401705653,2025-03-30,2025,2025-03-30T23:30Z,,fourfactors_hl25_b2b_carry25_phase_luck_talent_ft_avail_v6,reconstructed,PHI,TOR,74,74,1,0,-10.372,0.50912,PHI,0.50912,,,,,110.0,-130.0,200.0,-240.0,0.32075,espnbet,109.0,127.0,0.0,6.5,-115.0,-105.0,,,,,,,,,,,,,,,,,,,,,,
401705654,2025-03-30,2025,2025-03-31T01:00Z,,fourfactors_hl25_b2b_carry25_phase_luck_talent_ft_avail_v6,reconstructed,PHO,HOU,74,74,0,0,-14.489,0.46792,HOU,0.53208,,,,,110.0,-130.0,125.0,-145.0,0.42888,espnbet,109.0,148.0,0.0,2.5,100.0,-120.0,,,,,,,,,,,,,,,,,,,,,,
401705655,2025-03-31,2025,2025-03-31T23:00Z,,fourfactors_hl25_b2b_carry25_phase_luck_talent_ft_avail_v6,reconstructed,CHO,UTA,74,75,1,0,-2.96,0.63397,CHO,0.63397,,,,,110.0,-130.0,-185.0,155.0,0.62339,espnbet,110.0,106.0,1.0,-4.5,-105.0,-115.0,,,,,,,,,,,,,,,,,,,,,,
401705656,2025-03-31,2025,2025-03-31T23:00Z,,fourfactors_hl25_b2b_carry25_phase_luck_talent_ft_avail_v6,reconstructed,IND,SAC,74,74,0,0,17.029,0.65558,IND,0.65558,,,,,-200.0,170.0,-170.0,140.0,0.60177,espnbet,111.0,109.0,1.0,-3.5,-105.0,-115.0,,,,,,,,,,,,,,,,,,,,,,
401705657,2025-03-31,2025,2025-03-31T23:00Z,,fourfactors_hl25_b2b_carry25_phase_luck_talent_ft_avail_v6,reconstructed,ORL,LAC,75,74,0,1,-19.446,0.49593,LAC,0.50407,,,,,105.0,-125.0,130.0,-155.0,0.41701,espnbet,87.0,96.0,0.0,3.5,-115.0,-105.0,,,,,,,,,,,,,,,,,,,,,,
401705658,2025-03-31,2025,2025-03-31T23:00Z,,fourfactors_hl25_b2b_carry25_phase_luck_talent_ft_avail_v6,reconstructed,WAS,MIA,74,74,0,0,-26.044,0.20541,MIA,0.79459,,,,,270.0,-340.0,340.0,-450.0,0.21739,espnbet,94.0,120.0,0.0,9.5,-110.0,-110.0,,,,,,,,,,,,,,,,,,,,,,
401705659,2025-03-31,2025,2025-03-31T23:30Z,,fourfactors_hl25_b2b_carry25_phase_luck_talent_ft_avail_v6,reconstructed,MEM,BOS,74,74,0,0,-22.239,0.38783,BOS,0.61217,,,,,145.0,-170.0,140.0,-170.0,0.39823,espnbet,103.0,117.0,0.0,2.5,-105.0,-115.0,,,,,,,,,,,,,,,,,,,,,,
401705660,2025-03-31,2025,2025-04-01T00:00Z,,fourfactors_hl25_b2b_carry25_phase_luck_talent_ft_avail_v6,reconstructed,OKC,CHI,74,74,0,0,35.036,0.9178,OKC,0.9178,,,,,-1200.0,700.0,-950.0,625.0,0.86772,espnbet,145.0,117.0,1.0,-15.5,-115.0,-105.0,,,,,,,,,,,,,,,,,,,,,,
401705661,2025-03-31,2025,2025-04-01T00:30Z,,fourfactors_hl25_b2b_carry25_phase_luck_talent_ft_avail_v6,reconstructed,DAL,BRK,75,75,0,0,16.323,0.79869,DAL,0.79869,,,,,-750.0,475.0,-435.0,325.0,0.77556,espnbet,109.0,113.0,0.0,-9.5,-115.0,-105.0,,,,,,,,,,,,,,,,,,,,,,
401705662,2025-03-31,2025,2025-04-01T02:00Z,,fourfactors_hl25_b2b_carry25_phase_luck_talent_ft_avail_v6,reconstructed,LAL,HOU,74,75,0,1,-7.798,0.62792,LAL,0.62792,,,,,-185.0,155.0,-190.0,160.0,0.6301,espnbet,104.0,98.0,1.0,-4.5,-105.0,-115.0,,,,,,,,,,,,,,,,,,,,,,
401705663,2025-04-01,2025,2025-04-01T23:30Z,,fourfactors_hl25_b2b_carry25_phase_luck_talent_ft_avail_v6,reconstructed,ATL,POR,74,75,0,0,7.788,0.75069,ATL,0.75069,,,,,-275.0,225.0,-210.0,175.0,0.6507,espnbet,113.0,127.0,0.0,-5.5,-110.0,-110.0,,,,,,,,,,,,,,,,,,,,,,
401705664,2025-04-01,2025,2025-04-01T23:30Z,,fourfactors_hl25_b2b_carry25_phase_luck_talent_ft_avail_v6,reconstructed,NYK,PHI,74,75,0,0,26.201,0.77003,NYK,0.77003,,,,,-1200.0,700.0,-900.0,600.0,0.86301,espnbet,105.0,91.0,1.0,-12.5,-120.0,100.0,,,,,,,,,,,,,,,,,,,,,,
401705667,2025-04-01,2025,2025-04-01T23:30Z,,fourfactors_hl25_b2b_carry25_phase_luck_talent_ft_avail_v6,reconstructed,MIL,PHO,74,75,0,0,13.278,0.61965,MIL,0.61965,,,,,-280.0,230.0,-300.0,245.0,0.72125,espnbet,133.0,123.0,1.0,-6.5,-110.0,-110.0,,,,,,,,,,,,,,,,,,,,,,
401705554,2025-04-01,2025,2025-04-02T00:00Z,,fourfactors_hl25_b2b_carry25_phase_luck_talent_ft_avail_v6,reconstructed,SAS,ORL,74,76,0,1,1.682,0.48961,ORL,0.51039,,,,,145.0,-170.0,180.0,-220.0,0.34188,espnbet,105.0,116.0,0.0,5.5,-110.0,-110.0,,,,,,,,,,,,,,,,,,,,,,
401705665,2025-04-01,2025,2025-04-02T00:00Z,,fourfactors_hl25_b2b_carry25_phase_luck_talent_ft_avail_v6,reconstructed,CHI,TOR,75,75,1,0,3.714,0.61614,CHI,0.61614,,,,,-225.0,190.0,-170.0,145.0,0.6067,espnbet,137.0,118.0,1.0,-4.5,-110.0,-110.0,,,,,,,,,,,,,,,,,,,,,,
401705666,2025-04-01,2025,2025-04-02T00:00Z,,fourfactors_hl25_b2b_carry25_phase_luck_talent_ft_avail_v6,reconstructed,MEM,GSW,75,74,1,0,-2.742,0.45633,GSW,0.54367,,,,,135.0,-155.0,125.0,-145.0,0.42888,espnbet,125.0,134.0,0.0,3.5,-110.0,-110.0,,,,,,,,,,,,,,,,,,,,,,
401705668,2025-04-01,2025,2025-04-02T02:00Z,,fourfactors_hl25_b2b_carry25_phase_luck_talent_ft_avail_v6,reconstructed,DEN,MIN,75,75,0,0,-1.849,0.57646,DEN,0.57646,,,,,-130.0,110.0,-125.0,105.0,0.53247,espnbet,139.0,140.0,0.0,-1.5,-110.0,-110.0,,,,,,,,,,,,,,,,,,,,,,
401705669,2025-04-02,2025,2025-04-02T23:00Z,,fourfactors_hl25_b2b_carry25_phase_luck_talent_ft_avail_v6,reconstructed,CLE,NYK,75,75,0,1,19.825,0.83795,CLE,0.83795,,,,,-600.0,400.0,-600.0,400.0,0.81081,espnbet,124.0,105.0,1.0,-10.5,-110.0,-110.0,,,,,,,,,,,,,,,,,,,,,,
401705670,2025-04-02,2025,2025-04-02T23:00Z,,fourfactors_hl25_b2b_carry25_phase_luck_talent_ft_avail_v6,reconstructed,IND,CHO,75,75,0,0,40.409,0.91511,IND,0.91511,,,,,-1400.0,750.0,-1000.0,600.0,0.8642,espnbet,119.0,105.0,1.0,-15.5,-110.0,-110.0,,,,,,,,,,,,,,,,,,,,,,
401705671,2025-04-02,2025,2025-04-02T23:00Z,,fourfactors_hl25_b2b_carry25_phase_luck_talent_ft_avail_v6,reconstructed,WAS,SAC,75,75,0,0,-25.039,0.14872,SAC,0.85128,,,,,475.0,-750.0,600.0,-1000.0,0.1358,espnbet,116.0,111.0,1.0,13.5,-115.0,-105.0,,,,,,,,,,,,,,,,,,,,,,
401705672,2025-04-02,2025,2025-04-02T23:30Z,,fourfactors_hl25_b2b_carry25_phase_luck_talent_ft_avail_v6,reconstructed,BOS,MIA,75,75,0,0,29.453,0.86614,BOS,0.86614,,,,,-550.0,380.0,-500.0,360.0,0.7931,espnbet,103.0,124.0,0.0,-10.5,-115.0,-105.0,,,,,,,,,,,,,,,,,,,,,,
401705673,2025-04-02,2025,2025-04-03T00:00Z,,fourfactors_hl25_b2b_carry25_phase_luck_talent_ft_avail_v6,reconstructed,HOU,UTA,76,76,0,0,42.462,0.94243,HOU,0.94243,,,,,-2500.0,1100.0,-1600.0,800.0,0.89441,espnbet,143.0,105.0,1.0,-15.5,-105.0,-115.0,,,,,,,,,,,,,,,,,,,,,,
401705675,2025-04-02,2025,2025-04-03T00:30Z,,fourfactors_hl25_b2b_carry25_phase_luck_talent_ft_avail_v6,reconstructed,DAL,ATL,76,75,0,1,-5.103,0.61019,DAL,0.61019,,,,,-130.0,110.0,-165.0,140.0,0.59909,espnbet,120.0,118.0,1.0,-3.5,-110.0,-110.0,,,,,,,,,,,,,,,,,,,,,,
401705676,2025-04-02,2025,2025-04-03T01:00Z,,fourfactors_hl25_b2b_carry25_phase_luck_talent_ft_avail_v6,reconstructed,DEN,SAS,76,75,1,1,18.924,0.76249,DEN,0.76249,,,,,-1600.0,800.0,-130.0,110.0,0.54274,espnbet,106.0,113.0,0.0,-2.5,-105.0,-115.0,,,,,,,,,,,,,,,,,,,,,,
401705674,2025-04-02,2025,2025-04-03T01:30Z,,fourfactors_hl25_b2b_carry25_phase_luck_talent_ft_avail_v6,reconstructed,OKC,DET,75,75,0,0,23.742,0.89711,OKC,0.89711,,,,,-1000.0,600.0,-800.0,500.0,0.84211,espnbet,119.0,103.0,1.0,-12.5,-115.0,-105.0,,,,,,,,,,,,,,,,,,,,,,
401705677,2025-04-02,2025,2025-04-03T02:30Z,,fourfactors_hl25_b2b_carry25_phase_luck_talent_ft_avail_v6,reconstructed,LAC,NOP,75,75,0,0,32.715,0.91023,LAC,0.91023,,,,,-2500.0,1100.0,-2000.0,1000.0,0.91286,espnbet,114.0,98.0,1.0,-18.5,-105.0,-115.0,,,,,,,,,,,,,,,,,,,,,,
401705678,2025-04-03,2025,2025-04-03T23:00Z,,fourfactors_hl25_b2b_carry25_phase_luck_talent_ft_avail_v6,reconstructed,WAS,ORL,76,77,1,0,-22.988,0.14887,ORL,0.85113,,,,,700.0,-1200.0,900.0,-1800.0,0.09548,espnbet,97.0,109.0,0.0,15.5,-110.0,-110.0,,,,,,,,,,,,,,,,,,,,,,
401705681,2025-04-03,2025,2025-04-03T23:00Z,,fourfactors_hl25_b2b_carry25_phase_luck_talent_ft_avail_v6,reconstructed,PHI,MIL,76,75,0,0,-27.907,0.27137,MIL,0.72863,,,,,450.0,-700.0,425.0,-650.0,0.18018,espnbet,113.0,126.0,0.0,11.5,-110.0,-110.0,,,,,,,,,,,,,,,,,,,,,,
401705679,2025-04-03,2025,2025-04-03T23:30Z,,fourfactors_hl25_b2b_carry25_phase_luck_talent_ft_avail_v6,reconstructed,BRK,MIN,76,76,0,0,-36.219,0.15191,MIN,0.84809,,,,,600.0,-1000.0,750.0,-1400.0,0.11194,espnbet,90.0,105.0,0.0,14.5,-115.0,-105.0,,,,,,,,,,,,,,,,,,,,,,
401705680,2025-04-03,2025,2025-04-03T23:30Z,,fourfactors_hl25_b2b_carry25_phase_luck_talent_ft_avail_v6,reconstructed,MIA,MEM,76,76,1,0,-4.128,0.40707,MEM,0.59293,,,,,145.0,-170.0,180.0,-215.0,0.34351,espnbet,108.0,110.0,0.0,5.5,-110.0,-110.0,,,,,,,,,,,,,,,,,,,,,,
401705682,2025-04-03,2025,2025-04-03T23:30Z,,fourfactors_hl25_b2b_carry25_phase_luck_talent_ft_avail_v6,reconstructed,TOR,POR,76,76,0,0,-3.398,0.61567,TOR,0.61567,,,,,105.0,-125.0,175.0,-210.0,0.3493,espnbet,103.0,112.0,0.0,5.5,-120.0,100.0,,,,,,,,,,,,,,,,,,,,,,
401705683,2025-04-03,2025,2025-04-04T02:00Z,,fourfactors_hl25_b2b_carry25_phase_luck_talent_ft_avail_v6,reconstructed,LAL,GSW,75,75,0,0,-1.664,0.60811,LAL,0.60811,,,,,-125.0,105.0,-110.0,-110.0,0.5,espnbet,116.0,123.0,0.0,-0.5,-115.0,-105.0,,,,,,,,,,,,,,,,,,,,,,
401705684,2025-04-04,2025,2025-04-04T23:00Z,,fourfactors_hl25_b2b_carry25_phase_luck_talent_ft_avail_v6,reconstructed,CHO,SAC,76,76,0,0,-23.632,0.16067,SAC,0.83933,,,,,400.0,-600.0,450.0,-700.0,0.17204,espnbet,102.0,125.0,0.0,11.5,-105.0,-115.0,,,,,,,,,,,,,,,,,,,,,,
401705685,2025-04-04,2025,2025-04-04T23:00Z,,fourfactors_hl25_b2b_carry25_phase_luck_talent_ft_avail_v6,reconstructed,IND,UTA,76,77,0,0,42.852,0.94,IND,0.94,,,,,-1600.0,800.0,-2500.0,1100.0,0.92025,espnbet,140.0,112.0,1.0,-17.5,-105.0,-115.0,,,,,,,,,,,,,,,,,,,,,,
401705686,2025-04-04,2025,2025-04-04T23:30Z,,fourfactors_hl25_b2b_carry25_phase_luck_talent_ft_avail_v6,reconstructed,BOS,PHO,76,76,0,0,33.07,0.84985,BOS,0.84985,,,,,-1200.0,700.0,-1200.0,700.0,0.88073,espnbet,123.0,103.0,1.0,-14.5,-115.0,-105.0,,,,,,,,,,,,,,,,,,,,,,
401705687,2025-04-04,2025,2025-04-04T23:30Z,,fourfactors_hl25_b2b_carry25_phase_luck_talent_ft_avail_v6,reconstructed,TOR,DET,77,76,1,0,-18.739,0.30697,DET,0.69303,,,,,320.0,-425.0,375.0,-525.0,0.2004,espnbet,105.0,117.0,0.0,10.5,-110.0,-110.0,,,,,,,,,,,,,,,,,,,,,,
401705688,2025-04-04,2025,2025-04-05T00:00Z,,fourfactors_hl25_b2b_carry25_phase_luck_talent_ft_avail_v6,reconstructed,CHI,POR,76,77,0,1,3.31,0.78154,CHI,0.78154,,,,,-170.0,145.0,-250.0,210.0,0.68889,espnbet,118.0,113.0,1.0,-6.5,-105.0,-115.0,,,,,,,,,,,,,,,,,,,,,,
401705689,2025-04-04,2025,2025-04-05T00:00Z,,fourfactors_hl25_b2b_carry25_phase_luck_talent_ft_avail_v6,reconstructed,HOU,OKC,77,76,0,0,-20.998,0.29965,OKC,0.70035,,,,,200.0,-240.0,200.0,-240.0,0.32075,espnbet,125.0,111.0,1.0,5.5,-105.0,-115.0,,,,,,,,,,,,,,,,,,,,,,
401705690,2025-04-04,2025,2025-04-05T00:00Z,,fourfactors_hl25_b2b_carry25_phase_luck_talent_ft_avail_v6,reconstructed,SAS,CLE,76,76,0,0,-32.74,0.17316,CLE,0.82684,,,,,700.0,-1200.0,500.0,-800.0,0.15789,espnbet,113.0,114.0,0.0,12.5,-105.0,-115.0,,,,,,,,,,,,,,,,,,,,,,
401705691,2025-04-04,2025,2025-04-05T02:00Z,,fourfactors_hl25_b2b_carry25_phase_luck_talent_ft_avail_v6,reconstructed,GSW,DEN,76,77,1,0,-3.747,0.65289,GSW,0.65289,,,,,-120.0,100.0,-155.0,135.0,0.58821,espnbet,118.0,104.0,1.0,-3.5,-110.0,-110.0,,,,,,,,,,,,,,,,,,,,,,
401705692,2025-04-04,2025,2025-04-05T02:30Z,,fourfactors_hl25_b2b_carry25_phase_luck_talent_ft_avail_v6,reconstructed,LAL,NOP,76,76,1,0,26.488,0.89091,LAL,0.89091,,,,,-1200.0,700.0,-1800.0,900.0,0.90452,espnbet,124.0,108.0,1.0,-15.5,-115.0,-105.0,,,,,,,,,,,,,,,,,,,,,,
401705693,2025-04-04,2025,2025-04-05T02:30Z,,fourfactors_hl25_b2b_carry25_phase_luck_talent_ft_avail_v6,reconstructed,LAC,DAL,76,77,0,0,18.28,0.77392,LAC,0.77392,,,,,-230.0,195.0,-800.0,500.0,0.84211,espnbet,114.0,91.0,1.0,-12.5,-105.0,-115.0,,,,,,,,,,,,,,,,,,,,,,
401705694,2025-04-05,2025,2025-04-05T19:00Z,,fourfactors_hl25_b2b_carry25_phase_luck_talent_ft_avail_v6,reconstructed,ATL,NYK,76,76,0,0,-5.314,0.56053,ATL,0.56053,,,,,145.0,-170.0,105.0,-125.0,0.46753,espnbet,105.0,121.0,0.0,1.5,-115.0,-105.0,,,,,,,,,,,,,,,,,,,,,,
401705695,2025-04-05,2025,2025-04-05T23:00Z,,fourfactors_hl25_b2b_carry25_phase_luck_talent_ft_avail_v6,reconstructed,DET,MEM,77,77,1,0,6.36,0.41453,MEM,0.58547,,,,,100.0,-120.0,-105.0,-115.0,0.48917,espnbet,103.0,109.0,0.0,1.5,-105.0,-115.0,,,,,,,,,,,,,,,,,,,,,,
401705696,2025-04-05,2025,2025-04-05T23:00Z,,fourfactors_hl25_b2b_carry25_phase_luck_talent_ft_avail_v6,reconstructed,PHI,MIN,77,77,0,0,-37.376,0.12474,MIN,0.87526,,,,,750.0,-1400.0,800.0,-1600.0,0.10559,espnbet,109.0,114.0,0.0,16.5,-110.0,-110.0,,,,,,,,,,,,,,,,,,,,,,
401705697,2025-04-05,2025,2025-04-06T00:00Z,,fourfactors_hl25_b2b_carry25_phase_luck_talent_ft_avail_v6,reconstructed,MIA,MIL,77,76,0,0,-9.658,0.45341,MIL,0.54659,,,,,105.0,-125.0,-115.0,-105.0,0.51083,espnbet,115.0,121.0,0.0,-0.5,-115.0,-105.0,,,,,,,,,,,,,,,,,,,,,,
401705698,2025-04-05,2025,2025-04-06T02:30Z,,fourfactors_hl25_b2b_carry25_phase_luck_talent_ft_avail_v6,reconstructed,LAC,DAL,77,78,1,1,21.651,0.78818,LAC,0.78818,,,,,-320.0,260.0,-400.0,315.0,0.76852,espnbet,135.0,104.0,1.0,-9.5,-105.0,-115.0,,,,,,,,,,,,,,,,,,,,,,
401705699,2025-04-06,2025,2025-04-06T17:00Z,,fourfactors_hl25_b2b_carry25_phase_luck_talent_ft_avail_v6,reconstructed,CHO,CHI,77,77,0,0,-31.568,0.25244,CHI,0.74756,,,,,320.0,-425.0,280.0,-360.0,0.25164,espnbet,117.0,131.0,0.0,7.5,-105.0,-115.0,,,,,,,,,,,,,,,,,,,,,,
401705700,2025-04-06,2025,2025-04-06T19:30Z,,fourfactors_hl25_b2b_carry25_phase_luck_talent_ft_avail_v6,reconstructed,BRK,TOR,77,78,0,0,-13.616,0.48833,TOR,0.51167,,,,,110.0,-130.0,115.0,-135.0,0.44741,espnbet,109.0,120.0,0.0,2.5,-115.0,-105.0,,,,,,,,,,,,,,,,,,,,,,
401705701,2025-04-06,2025,2025-04-06T19:30Z,,fourfactors_hl25_b2b_carry25_phase_luck_talent_ft_avail_v6,reconstructed,OKC,LAL,77,77,0,0,28.175,0.81556,OKC,0.81556,,,,,-380.0,290.0,-400.0,300.0,0.7619,espnbet,99.0,126.0,0.0,-9.5,-105.0,-115.0,,,,,,,,,,,,,,,,,,,,,,
401705702,2025-04-06,2025,2025-04-06T22:00Z,,fourfactors_hl25_b2b_carry25_phase_luck_talent_ft_avail_v6,reconstructed,ATL,UTA,77,78,1,0,32.488,0.85825,ATL,0.85825,,,,,-800.0,500.0,-1000.0,600.0,0.8642,espnbet,147.0,134.0,1.0,-13.5,-105.0,-115.0,,,,,,,,,,,,,,,,,,,,,,
401705703,2025-04-06,2025,2025-04-06T22:00Z,,fourfactors_hl25_b2b_carry25_phase_luck_talent_ft_avail_v6,reconstructed,BOS,WAS,77,77,0,0,56.516,0.96869,BOS,0.96869,,,,,-5000.0,1500.0,-3000.0,1200.0,0.92637,espnbet,124.0,90.0,1.0,-19.5,-105.0,-115.0,,,,,,,,,,,,,,,,,,,,,,
401705704,2025-04-06,2025,2025-04-06T22:00Z,,fourfactors_hl25_b2b_carry25_phase_luck_talent_ft_avail_v6,reconstructed,CLE,SAC,77,77,0,0,31.569,0.79887,CLE,0.79887,,,,,-500.0,360.0,-450.0,340.0,0.78261,espnbet,113.0,120.0,0.0,-9.5,-110.0,-110.0,,,,,,,,,,,,,,,,,,,,,,
401705705,2025-04-06,2025,2025-04-06T22:00Z,,fourfactors_hl25_b2b_carry25_phase_luck_talent_ft_avail_v6,reconstructed,POR,SAS,78,77,0,0,1.386,0.46398,SAS,0.53602,,,,,-135.0,115.0,-150.0,130.0,0.57983,espnbet,120.0,109.0,1.0,-3.5,-105.0,-115.0,,,,,,,,,,,,,,,,,,,,,,
401705706,2025-04-06,2025,2025-04-06T23:00Z,,fourfactors_hl25_b2b_carry25_phase_luck_talent_ft_avail_v6,reconstructed,NYK,PHO,77,77,1,0,15.001,0.64681,NYK,0.64681,,,,,-340.0,270.0,-400.0,300.0,0.7619,espnbet,112.0,98.0,1.0,-9.5,-115.0,-105.0,,,,,,,,,,,,,,,,,,,,,,
401705708,2025-04-06,2025,2025-04-07T00:00Z,,fourfactors_hl25_b2b_carry25_phase_luck_talent_ft_avail_v6,reconstructed,DEN,IND,78,77,0,0,-3.799,0.59879,DEN,0.59879,,,,,-230.0,195.0,-240.0,200.0,0.67925,espnbet,120.0,125.0,0.0,-6.5,-105.0,-115.0,,,,,,,,,,,,,,,,,,,,,,
401705709,2025-04-06,2025,2025-04-07T00:30Z,,fourfactors_hl25_b2b_carry25_phase_luck_talent_ft_avail_v6,reconstructed,GSW,HOU,77,78,0,0,-6.991,0.54736,GSW,0.54736,,,,,-175.0,150.0,-220.0,180.0,0.65812,espnbet,96.0,106.0,0.0,-5.5,-115.0,-105.0,,,,,,,,,,,,,,,,,,,,,,
401754706,2025-04-06,2025,2025-04-07T00:30Z,,fourfactors_hl25_b2b_carry25_phase_luck_talent_ft_avail_v6,reconstructed,NOP,MIL,77,77,0,1,-30.443,0.28104,MIL,0.71896,,,,,475.0,-750.0,190.0,-230.0,0.33099,espnbet,107.0,111.0,0.0,6.5,-115.0,-105.0,,,,,,,,,,,,,,,,,,,,,,
401705710,2025-04-07,2025,2025-04-07T23:00Z,,fourfactors_hl25_b2b_carry25_phase_luck_talent_ft_avail_v6,reconstructed,DET,SAC,78,78,0,1,14.187,0.58766,DET,0.58766,,,,,-250.0,210.0,-190.0,160.0,0.6301,espnbet,117.0,127.0,0.0,-4.5,-115.0,-105.0,,,,,,,,,,,,,,,,,,,,,,
401705711,2025-04-07,2025,2025-04-07T23:30Z,,fourfactors_hl25_b2b_carry25_phase_luck_talent_ft_avail_v6,reconstructed,MIA,PHI,78,78,0,0,20.378,0.77684,MIA,0.77684,,,,,-1000.0,600.0,-525.0,400.0,0.80769,espnbet,117.0,105.0,1.0,-11.5,-115.0,-105.0,,,,,,,,,,,,,,,,,,,,,,
401705712,2025-04-08,2025,2025-04-08T23:00Z,,fourfactors_hl25_b2b_carry25_phase_luck_talent_ft_avail_v6,reconstructed,CHO,MEM,78,78,0,0,-37.078,0.19068,MEM,0.80932,,,,,700.0,-1200.0,700.0,-1200.0,0.11927,espnbet,100.0,124.0,0.0,14.5,-115.0,-105.0,,,,,,,,,,,,,,,,,,,,,,
401705713,2025-04-08,2025,2025-04-08T23:00Z,,fourfactors_hl25_b2b_carry25_phase_luck_talent_ft_avail_v6,reconstructed,CLE,CHI,78,78,0,0,24.943,0.85257,CLE,0.85257,,,,,-600.0,400.0,-1200.0,700.0,0.88073,espnbet,135.0,113.0,1.0,-15.5,-110.0,-110.0,,,,,,,,,,,,,,,,,,,,,,
401705714,2025-04-08,2025,2025-04-08T23:00Z,,fourfactors_hl25_b2b_carry25_phase_luck_talent_ft_avail_v6,reconstructed,IND,WAS,78,78,0,0,45.908,0.93203,IND,0.93203,,,,,-3000.0,1200.0,-3000.0,1200.0,0.92637,espnbet,104.0,98.0,1.0,-18.5,-115.0,-105.0,,,,,,,,,,,,,,,,,,,,,,
401705715,2025-04-08,2025,2025-04-08T23:00Z,,fourfactors_hl25_b2b_carry25_phase_luck_talent_ft_avail_v6,reconstructed,ORL,ATL,78,78,0,0,-4.885,0.55755,ORL,0.55755,,,,,-190.0,160.0,-200.0,170.0,0.64286,espnbet,119.0,112.0,1.0,-5.5,-105.0,-115.0,,,,,,,,,,,,,,,,,,,,,,
401705716,2025-04-08,2025,2025-04-08T23:30Z,,fourfactors_hl25_b2b_carry25_phase_luck_talent_ft_avail_v6,reconstructed,BRK,NOP,78,78,0,0,-2.159,0.53901,BRK,0.53901,,,,,-130.0,110.0,-115.0,-105.0,0.51083,espnbet,119.0,114.0,1.0,-1.5,-105.0,-115.0,,,,,,,,,,,,,,,,,,,,,,
401705717,2025-04-08,2025,2025-04-08T23:30Z,,fourfactors_hl25_b2b_carry25_phase_luck_talent_ft_avail_v6,reconstructed,NYK,BOS,78,78,0,0,-21.509,0.38794,BOS,0.61206,,,,,130.0,-150.0,115.0,-135.0,0.44741,espnbet,117.0,119.0,0.0,2.5,-110.0,-110.0,,,,,,,,,,,,,,,,,,,,,,
401705718,2025-04-08,2025,2025-04-09T00:00Z,,fourfactors_hl25_b2b_carry25_phase_luck_talent_ft_avail_v6,reconstructed,MIL,MIN,78,78,0,0,-5.454,0.29699,MIN,0.70301,,,,,130.0,-150.0,180.0,-220.0,0.34188,espnbet,110.0,103.0,1.0,6.5,-110.0,-110.0,,,,,,,,,,,,,,,,,,,,,,
401705719,2025-04-08,2025,2025-04-09T00:00Z,,fourfactors_hl25_b2b_carry25_phase_luck_talent_ft_avail_v6,reconstructed,OKC,LAL,78,78,0,0,23.859,0.79402,OKC,0.79402,,,,,-380.0,290.0,-400.0,315.0,0.76852,espnbet,136.0,120.0,1.0,-9.5,-105.0,-115.0,,,,,,,,,,,,,,,,,,,,,,
401705720,2025-04-08,2025,2025-04-09T02:00Z,,fourfactors_hl25_b2b_carry25_phase_luck_talent_ft_avail_v6,reconstructed,PHO,GSW,78,78,0,0,-18.36,0.3224,GSW,0.6776,,,,,210.0,-250.0,350.0,-450.0,0.21359,espnbet,95.0,133.0,0.0,9.5,100.0,-120.0,,,,,,,,,,,,,,,,,,,,,,
401705721,2025-04-08,2025,2025-04-09T02:30Z,,fourfactors_hl25_b2b_carry25_phase_luck_talent_ft_avail_v6,reconstructed,LAC,SAS,78,78,0,0,24.294,0.84044,LAC,0.84044,,,,,-900.0,550.0,-750.0,475.0,0.83535,espnbet,122.0,117.0,1.0,-12.5,-115.0,-105.0,,,,,,,,,,,,,,,,,,,,,,
401705722,2025-04-09,2025,2025-04-09T23:00Z,,fourfactors_hl25_b2b_carry25_phase_luck_talent_ft_avail_v6,reconstructed,ORL,BOS,79,79,1,1,-31.642,0.36282,BOS,0.63718,,,,,125.0,-145.0,-325.0,260.0,0.73354,espnbet,96.0,76.0,1.0,-7.5,-115.0,-105.0,,,,,,,,,,,,,,,,,,,,,,
401705723,2025-04-09,2025,2025-04-09T23:00Z,,fourfactors_hl25_b2b_carry25_phase_luck_talent_ft_avail_v6,reconstructed,WAS,PHI,79,79,1,0,-9.683,0.37158,PHI,0.62842,,,,,-105.0,-115.0,125.0,-145.0,0.42888,espnbet,103.0,122.0,0.0,2.5,100.0,-120.0,,,,,,,,,,,,,,,,,,,,,,
401705724,2025-04-09,2025,2025-04-09T23:30Z,,fourfactors_hl25_b2b_carry25_phase_luck_talent_ft_avail_v6,reconstructed,TOR,CHO,79,79,0,1,25.304,0.77136,TOR,0.77136,,,,,-320.0,260.0,-550.0,380.0,0.80243,espnbet,126.0,96.0,1.0,-11.5,-110.0,-110.0,,,,,,,,,,,,,,,,,,,,,,
401705725,2025-04-09,2025,2025-04-09T23:30Z,,fourfactors_hl25_b2b_carry25_phase_luck_talent_ft_avail_v6,reconstructed,DAL,LAL,79,79,0,1,-14.906,0.32699,LAL,0.67301,,,,,175.0,-210.0,165.0,-200.0,0.36145,espnbet,97.0,112.0,0.0,4.5,-105.0,-115.0,,,,,,,,,,,,,,,,,,,,,,
401705726,2025-04-09,2025,2025-04-10T00:00Z,,fourfactors_hl25_b2b_carry25_phase_luck_talent_ft_avail_v6,reconstructed,CHI,MIA,79,79,1,0,-0.636,0.40532,MIA,0.59468,,,,,105.0,-125.0,105.0,-130.0,0.46324,espnbet,119.0,111.0,1.0,1.5,100.0,-125.0,,,,,,,,,,,,,,,,,,,,,,
401705728,2025-04-09,2025,2025-04-10T01:00Z,,fourfactors_hl25_b2b_carry25_phase_luck_talent_ft_avail_v6,reconstructed,UTA,POR,79,79,0,0,-30.48,0.2877,POR,0.7123,,,,,170.0,-200.0,205.0,-265.0,0.3111,espnbet,133.0,126.0,1.0,6.5,-110.0,-110.0,,,,,,,,,,,,,,,,,,,,,,
401705729,2025-04-09,2025,2025-04-10T02:00Z,,fourfactors_hl25_b2b_carry25_phase_luck_talent_ft_avail_v6,reconstructed,GSW,SAS,79,79,1,1,16.774,0.83894,GSW,0.83894,,,,,-1800.0,900.0,-1800.0,900.0,0.90452,espnbet,111.0,114.0,0.0,-17.5,-115.0,-105.0,,,,,,,,,,,,,,,,,,,,,,
401705730,2025-04-09,2025,2025-04-10T02:00Z,,fourfactors_hl25_b2b_carry25_phase_luck_talent_ft_avail_v6,reconstructed,PHO,OKC,79,79,1,1,-45.404,0.21346,OKC,0.78654,,,,,500.0,-800.0,220.0,-270.0,0.29984,espnbet,112.0,125.0,0.0,6.5,-105.0,-115.0,,,,,,,,,,,,,,,,,,,,,,
401705731,2025-04-09,2025,2025-04-10T02:00Z,,fourfactors_hl25_b2b_carry25_phase_luck_talent_ft_avail_v6,reconstructed,SAC,DEN,79,79,0,0,-13.583,0.4188,DEN,0.5812,,,,,105.0,-125.0,160.0,-190.0,0.3699,espnbet,116.0,124.0,0.0,4.5,100.0,-120.0,,,,,,,,,,,,,,,,,,,,,,
401705732,2025-04-09,2025,2025-04-10T02:30Z,,fourfactors_hl25_b2b_carry25_phase_luck_talent_ft_avail_v6,reconstructed,LAC,HOU,79,79,1,0,0.5,0.54253,LAC,0.54253,,,,,-190.0,160.0,-600.0,400.0,0.81081,espnbet,134.0,117.0,1.0,-10.5,-110.0,-110.0,,,,,,,,,,,,,,,,,,,,,,
401705733,2025-04-10,2025,2025-04-10T23:00Z,,fourfactors_hl25_b2b_carry25_phase_luck_talent_ft_avail_v6,reconstructed,DET,NYK,79,79,0,0,1.597,0.48544,NYK,0.51456,,,,,-195.0,165.0,-160.0,135.0,0.59119,espnbet,115.0,106.0,1.0,-4.5,-105.0,-115.0,,,,,,,,,,,,,,,,,,,,,,
401705734,2025-04-10,2025,2025-04-10T23:00Z,,fourfactors_hl25_b2b_carry25_phase_luck_talent_ft_avail_v6,reconstructed,IND,CLE,79,79,0,0,-13.434,0.641,IND,0.641,,,,,-425.0,320.0,-450.0,340.0,0.78261,espnbet,114.0,112.0,1.0,-9.5,-115.0,-105.0,,,,,,,,,,,,,,,,,,,,,,
401705735,2025-04-10,2025,2025-04-10T23:30Z,,fourfactors_hl25_b2b_carry25_phase_luck_talent_ft_avail_v6,reconstructed,BRK,ATL,79,79,0,0,-20.269,0.26638,ATL,0.73362,,,,,700.0,-1200.0,500.0,-800.0,0.15789,espnbet,109.0,133.0,0.0,13.5,-115.0,-105.0,,,,,,,,,,,,,,,,,,,,,,
401705727,2025-04-10,2025,2025-04-11T00:00Z,,fourfactors_hl25_b2b_carry25_phase_luck_talent_ft_avail_v6,reconstructed,MIL,NOP,79,79,0,0,31.909,0.92279,MIL,0.92279,,,,,-1800.0,900.0,-1600.0,800.0,0.89441,espnbet,136.0,111.0,1.0,-16.5,-110.0,-110.0,,,,,,,,,,,,,,,,,,,,,,
401705736,2025-04-10,2025,2025-04-11T01:30Z,,fourfactors_hl25_b2b_carry25_phase_luck_talent_ft_avail_v6,reconstructed,MEM,MIN,79,79,0,0,-8.966,0.38941,MIN,0.61059,,,,,-110.0,-110.0,110.0,-130.0,0.45726,espnbet,125.0,141.0,0.0,2.5,-115.0,-105.0,,,,,,,,,,,,,,,,,,,,,,
401705737,2025-04-11,2025,2025-04-11T23:00Z,,fourfactors_hl25_b2b_carry25_phase_luck_talent_ft_avail_v6,reconstructed,DET,MIL,80,80,1,1,-2.786,0.49703,MIL,0.50297,,,,,-190.0,160.0,-165.0,140.0,0.59909,espnbet,119.0,125.0,0.0,-4.5,-110.0,-110.0,,,,,,,,,,,,,,,,,,,,,,
401705738,2025-04-11,2025,2025-04-11T23:00Z,,fourfactors_hl25_b2b_carry25_phase_luck_talent_ft_avail_v6,reconstructed,IND,ORL,80,80,1,0,16.019,0.7066,IND,0.7066,,,,,-250.0,210.0,-170.0,145.0,0.6067,espnbet,115.0,129.0,0.0,-3.5,-115.0,-105.0,,,,,,,,,,,,,,,,,,,,,,
401705739,2025-04-11,2025,2025-04-11T23:00Z,,fourfactors_hl25_b2b_carry25_phase_luck_talent_ft_avail_v6,reconstructed,PHI,ATL,80,80,0,1,-20.122,0.32103,ATL,0.67897,,,,,450.0,-700.0,475.0,-750.0,0.16465,espnbet,110.0,124.0,0.0,11.5,-110.0,-110.0,,,,,,,,,,,,,,,,,,,,,,
401705740,2025-04-11,2025,2025-04-11T23:30Z,,fourfactors_hl25_b2b_carry25_phase_luck_talent_ft_avail_v6,reconstructed,BOS,CHO,80,80,0,0,59.497,0.90507,BOS,0.90507,,,,,-5000.0,1500.0,-4000.0,1300.0,0.93178,espnbet,130.0,94.0,1.0,-21.5,-105.0,-115.0,,,,,,,,,,,,,,,,,,,,,,
401705741,2025-04-11,2025,2025-04-11T23:30Z,,fourfactors_hl25_b2b_carry25_phase_luck_talent_ft_avail_v6,reconstructed,NYK,CLE,80,80,1,1,-20.531,0.58448,NYK,0.58448,,,,,-320.0,260.0,-155.0,135.0,0.58821,espnbet,102.0,108.0,0.0,-3.5,-110.0,-110.0,,,,,,,,,,,,,,,,,,,,,,
401705742,2025-04-11,2025,2025-04-12T00:00Z,,fourfactors_hl25_b2b_carry25_phase_luck_talent_ft_avail_v6,reconstructed,CHI,WAS,80,80,0,0,31.712,0.81422,CHI,0.81422,,,,,-1600.0,800.0,-900.0,550.0,0.85401,espnbet,119.0,89.0,1.0,-13.5,-115.0,-105.0,,,,,,,,,,,,,,,,,,,,,,
401705743,2025-04-11,2025,2025-04-12T00:00Z,,fourfactors_hl25_b2b_carry25_phase_luck_talent_ft_avail_v6,reconstructed,NOP,MIA,80,80,1,0,-21.767,0.15363,MIA,0.84637,,,,,550.0,-900.0,600.0,-1000.0,0.1358,espnbet,104.0,153.0,0.0,14.5,-110.0,-110.0,,,,,,,,,,,,,,,,,,,,,,
401705744,2025-04-11,2025,2025-04-12T00:30Z,,fourfactors_hl25_b2b_carry25_phase_luck_talent_ft_avail_v6,reconstructed,DAL,TOR,80,80,0,0,-4.431,0.6016,DAL,0.6016,,,,,-650.0,425.0,-600.0,400.0,0.81081,espnbet,124.0,102.0,1.0,-11.5,-105.0,-115.0,,,,,,,,,,,,,,,,,,,,,,
401705745,2025-04-11,2025,2025-04-12T01:00Z,,fourfactors_hl25_b2b_carry25_phase_luck_talent_ft_avail_v6,reconstructed,MIN,BRK,80,80,1,1,38.936,0.93101,MIN,0.93101,,,,,-2500.0,1100.0,-4000.0,1300.0,0.93178,espnbet,117.0,91.0,1.0,-21.5,-105.0,-115.0,,,,,,,,,,,,,,,,,,,,,,
401705746,2025-04-11,2025,2025-04-12T01:00Z,,fourfactors_hl25_b2b_carry25_phase_luck_talent_ft_avail_v6,reconstructed,DEN,MEM,80,80,0,1,6.023,0.76736,DEN,0.76736,,,,,-290.0,240.0,-290.0,240.0,0.71657,espnbet,117.0,109.0,1.0,-7.5,-105.0,-115.0,,,,,,,,,,,,,,,,,,,,,,
401705747,2025-04-11,2025,2025-04-12T01:30Z,,fourfactors_hl25_b2b_carry25_phase_luck_talent_ft_avail_v6,reconstructed,UTA,OKC,80,80,0,0,-63.808,0.07636,OKC,0.92364,,,,,450.0,-700.0,300.0,-400.0,0.2381,espnbet,111.0,145.0,0.0,8.5,-105.0,-115.0,,,,,,,,,,,,,,,,,,,,,,
401705748,2025-04-11,2025,2025-04-12T02:00Z,,fourfactors_hl25_b2b_carry25_phase_luck_talent_ft_avail_v6,reconstructed,PHO,SAS,80,80,0,0,-7.575,0.68225,PHO,0.68225,,,,,-170.0,145.0,-230.0,195.0,0.67278,espnbet,117.0,98.0,1.0,-5.5,-115.0,-105.0,,,,,,,,,,,,,,,,,,,,,,
401705749,2025-04-11,2025,2025-04-12T02:00Z,,fourfactors_hl25_b2b_carry25_phase_luck_talent_ft_avail_v6,reconstructed,POR,GSW,80,80,0,0,-13.639,0.17226,GSW,0.82774,,,,,500.0,-800.0,750.0,-1400.0,0.11194,espnbet,86.0,103.0,0.0,15.5,-110.0,-110.0,,,,,,,,,,,,,,,,,,,,,,
401705750,2025-04-11,2025,2025-04-12T02:00Z,,fourfactors_hl25_b2b_carry25_phase_luck_talent_ft_avail_v6,reconstructed,SAC,LAC,80,80,0,0,-21.912,0.35191,LAC,0.64809,,,,,240.0,-290.0,225.0,-275.0,0.29557,espnbet,100.0,101.0,0.0,7.5,-115.0,-105.0,,,,,,,,,,,,,,,,,,,,,,
401705751,2025-04-11,2025,2025-04-12T02:30Z,,fourfactors_hl25_b2b_carry25_phase_luck_talent_ft_avail_v6,reconstructed,LAL,HOU,80,80,0,0,-8.064,0.81771,LAL,0.81771,,,,,-450.0,340.0,-1200.0,700.0,0.88073,espnbet,140.0,109.0,1.0,-13.5,-115.0,-105.0,,,,,,,,,,,,,,,,,,,,,,
401705752,2025-04-13,2025,2025-04-13T17:00Z,,fourfactors_hl25_b2b_carry25_phase_luck_talent_ft_avail_v6,reconstructed,ATL,ORL,81,81,0,0,3.38,0.68017,ATL,0.68017,,,,,-125.0,105.0,140.0,-170.0,0.39823,espnbet,117.0,105.0,1.0,3.5,-110.0,-110.0,,,,,,,,,,,,,,,,,,,,,,
401705753,2025-04-13,2025,2025-04-13T17:00Z,,fourfactors_hl25_b2b_carry25_phase_luck_talent_ft_avail_v6,reconstructed,BOS,CHO,81,81,0,0,64.154,0.95203,BOS,0.95203,,,,,-800.0,500.0,-600.0,400.0,0.81081,espnbet,93.0,86.0,1.0,-10.5,-115.0,-105.0,,,,,,,,,,,,,,,,,,,,,,
401705754,2025-04-13,2025,2025-04-13T17:00Z,,fourfactors_hl25_b2b_carry25_phase_luck_talent_ft_avail_v6,reconstructed,BRK,NYK,81,81,0,0,-29.742,0.26658,NYK,0.73342,,,,,270.0,-340.0,160.0,-190.0,0.3699,espnbet,105.0,113.0,0.0,5.5,-115.0,-105.0,,,,,,,,,,,,,,,,,,,,,,
401705755,2025-04-13,2025,2025-04-13T17:00Z,,fourfactors_hl25_b2b_carry25_phase_luck_talent_ft_avail_v6,reconstructed,CLE,IND,81,81,0,0,13.888,0.74243,CLE,0.74243,,,,,175.0,-210.0,200.0,-240.0,0.32075,espnbet,118.0,126.0,0.0,6.5,-110.0,-110.0,,,,,,,,,,,,,,,,,,,,,,
401705756,2025-04-13,2025,2025-04-13T17:00Z,,fourfactors_hl25_b2b_carry25_phase_luck_talent_ft_avail_v6,reconstructed,MIA,WAS,81,81,0,0,37.704,0.90447,MIA,0.90447,,,,,-450.0,340.0,-360.0,280.0,0.74836,espnbet,118.0,119.0,0.0,-8.5,-110.0,-110.0,,,,,,,,,,,,,,,,,,,,,,
401705757,2025-04-13,2025,2025-04-13T17:00Z,,fourfactors_hl25_b2b_carry25_phase_luck_talent_ft_avail_v6,reconstructed,PHI,CHI,81,81,0,0,-22.304,0.34843,CHI,0.65157,,,,,360.0,-500.0,260.0,-320.0,0.26718,espnbet,102.0,122.0,0.0,7.5,100.0,-120.0,,,,,,,,,,,,,,,,,,,,,,
401705758,2025-04-13,2025,2025-04-13T17:00Z,,fourfactors_hl25_b2b_carry25_phase_luck_talent_ft_avail_v6,reconstructed,MIL,DET,81,81,0,0,2.507,0.4789,DET,0.5211,,,,,230.0,-280.0,315.0,-400.0,0.23148,espnbet,140.0,133.0,1.0,9.5,-110.0,-110.0,,,,,,,,,,,,,,,,,,,,,,
401705759,2025-04-13,2025,2025-04-13T19:30Z,,fourfactors_hl25_b2b_carry25_phase_luck_talent_ft_avail_v6,reconstructed,HOU,DEN,81,81,0,0,0.931,0.23398,DEN,0.76602,,,,,225.0,-275.0,195.0,-240.0,0.32443,espnbet,111.0,126.0,0.0,5.5,100.0,-120.0,,,,,,,,,,,,,,,,,,,,,,
401705760,2025-04-13,2025,2025-04-13T19:30Z,,fourfactors_hl25_b2b_carry25_phase_luck_talent_ft_avail_v6,reconstructed,MEM,DAL,81,81,0,0,11.03,0.59157,MEM,0.59157,,,,,-225.0,190.0,115.0,-135.0,0.44741,espnbet,132.0,97.0,1.0,1.5,-110.0,-110.0,,,,,,,,,,,,,,,,,,,,,,
401705761,2025-04-13,2025,2025-04-13T19:30Z,,fourfactors_hl25_b2b_carry25_phase_luck_talent_ft_avail_v6,reconstructed,MIN,UTA,81,81,0,0,50.285,0.96642,MIN,0.96642,,,,,-7500.0,2000.0,-7500.0,2000.0,0.95397,espnbet,116.0,105.0,1.0,-23.5,-105.0,-115.0,,,,,,,,,,,,,,,,,,,,,,
401705762,2025-04-13,2025,2025-04-13T19:30Z,,fourfactors_hl25_b2b_carry25_phase_luck_talent_ft_avail_v6,reconstructed,NOP,OKC,81,81,0,0,-59.204,0.17774,OKC,0.82226,,,,,475.0,-750.0,500.0,-800.0,0.15789,espnbet,100.0,115.0,0.0,13.5,-120.0,100.0,,,,,,,,,,,,,,,,,,,,,,
401705763,2025-04-13,2025,2025-04-13T19:30Z,,fourfactors_hl25_b2b_carry25_phase_luck_talent_ft_avail_v6,reconstructed,SAS,TOR,81,81,0,0,-1.915,0.60526,SAS,0.60526,,,,,-260.0,215.0,-175.0,150.0,0.61404,espnbet,125.0,118.0,1.0,-4.5,-110.0,-110.0,,,,,,,,,,,,,,,,,,,,,,
401705764,2025-04-13,2025,2025-04-13T19:30Z,,fourfactors_hl25_b2b_carry25_phase_luck_talent_ft_avail_v6,reconstructed,GSW,LAC,81,81,0,0,-7.07,0.56855,GSW,0.56855,,,,,-175.0,150.0,-170.0,140.0,0.60177,espnbet,119.0,124.0,0.0,-3.5,-110.0,-110.0,,,,,,,,,,,,,,,,,,,,,,
401705765,2025-04-13,2025,2025-04-13T19:30Z,,fourfactors_hl25_b2b_carry25_phase_luck_talent_ft_avail_v6,reconstructed,POR,LAL,81,81,0,0,-15.358,0.43887,LAL,0.56113,,,,,-145.0,125.0,-210.0,175.0,0.6507,espnbet,109.0,81.0,1.0,-5.5,-120.0,100.0,,,,,,,,,,,,,,,,,,,,,,
401705766,2025-04-13,2025,2025-04-13T19:30Z,,fourfactors_hl25_b2b_carry25_phase_luck_talent_ft_avail_v6,reconstructed,SAC,PHO,81,81,0,0,6.597,0.73115,SAC,0.73115,,,,,-600.0,400.0,-1000.0,600.0,0.8642,espnbet,109.0,98.0,1.0,-15.5,100.0,-125.0,,,,,,,,,,,,,,,,,,,,,,
401809946,2025-10-24,2026,2025-10-24T22:30Z,,fourfactors_hl25_b2b_carry25_phase_luck_talent_ft_v6,reconstructed,TOR,MIL,1,1,0,0,-13.402,0.49308,MIL,0.50692,,,,,-125.0,105.0,-130.0,110.0,0.54274,espnbet,116.0,122.0,0.0,-2.5,-105.0,-115.0,,,,,,,,,,,,,,,,,,-121.0,-121.0,-131.0,109.0,0.545
401809943,2025-10-24,2026,2025-10-24T23:00Z,,fourfactors_hl25_b2b_carry25_phase_luck_talent_ft_v6,reconstructed,ORL,ATL,1,1,0,0,2.988,0.62268,ORL,0.62268,,,,,-230.0,195.0,-215.0,180.0,0.65649,espnbet,107.0,111.0,0.0,-5.5,-120.0,100.0,,,,,,,,,,,,,,,,,,-251.0,166.0,-218.0,189.0,0.67172
401809944,2025-10-24,2026,2025-10-24T23:30Z,,fourfactors_hl25_b2b_carry25_phase_luck_talent_ft_v6,reconstructed,BRK,CLE,1,1,0,0,-50.523,0.22709,CLE,0.77291,,,,,550.0,-900.0,475.0,-750.0,0.16465,espnbet,124.0,131.0,0.0,11.5,-105.0,-115.0,,,,,,,,,,,,,,,,,,266.0,-719.0,490.0,-609.0,0.155
401809945,2025-10-24,2026,2025-10-24T23:30Z,,fourfactors_hl25_b2b_carry25_phase_luck_talent_ft_v6,reconstructed,NYK,BOS,1,1,0,0,-19.059,0.44767,BOS,0.55233,,,,,-270.0,220.0,-170.0,145.0,0.6067,espnbet,105.0,95.0,1.0,-4.5,-105.0,-115.0,,,,,,,,,,,,,,,,,,-306.0,208.0,-175.0,146.0,0.615
401809947,2025-10-24,2026,2025-10-25T00:00Z,,fourfactors_hl25_b2b_carry25_phase_luck_talent_ft_v6,reconstructed,HOU,DET,1,1,0,0,-1.857,0.58532,HOU,0.58532,,,,,-240.0,200.0,-270.0,220.0,0.70016,espnbet,111.0,115.0,0.0,-6.5,-110.0,-110.0,,,,,,,,,,,,,,,,,,-306.0,208.0,-263.0,218.0,0.705
401809948,2025-10-24,2026,2025-10-25T00:00Z,,fourfactors_hl25_b2b_carry25_phase_luck_talent_ft_v6,reconstructed,MEM,MIA,1,1,0,0,4.87,0.63683,MEM,0.63683,,,,,-200.0,170.0,-150.0,130.0,0.57983,espnbet,114.0,146.0,0.0,-3.5,-110.0,-110.0,,,,,,,,,,,,,,,,,,-191.0,-103.0,-154.0,129.0,0.585
401809949,2025-10-24,2026,2025-10-25T00:00Z,,fourfactors_hl25_b2b_carry25_phase_luck_talent_ft_v6,reconstructed,NOP,SAS,1,1,0,0,-28.9,0.37111,SAS,0.62889,,,,,130.0,-150.0,140.0,-165.0,0.40091,espnbet,116.0,120.0,0.0,3.5,100.0,-120.0,,,,,,,,,,,,,,,,,,124.0,-154.0,152.0,-183.0,0.375
401809950,2025-10-24,2026,2025-10-25T00:30Z,,fourfactors_hl25_b2b_carry25_phase_luck_talent_ft_v6,reconstructed,DAL,WAS,1,1,0,0,9.758,0.67244,DAL,0.67244,,,,,-1400.0,750.0,-425.0,320.0,0.77273,espnbet,107.0,117.0,0.0,-9.5,-110.0,-110.0,,,,,,,,,,,,,,,,,,-719.0,266.0,-458.0,373.0,0.805
401809951,2025-10-24,2026,2025-10-25T02:00Z,,fourfactors_hl25_b2b_carry25_phase_luck_talent_ft_v6,reconstructed,LAL,MIN,1,1,0,0,-14.481,0.48439,MIN,0.51561,,,,,100.0,-120.0,105.0,-125.0,0.46753,espnbet,128.0,110.0,1.0,1.5,-110.0,-110.0,,,,,,,,,,,,,,,,,,-137.0,-121.0,105.0,-131.0,0.4604
401809952,2025-10-24,2026,2025-10-25T02:00Z,,fourfactors_hl25_b2b_carry25_phase_luck_talent_ft_v6,reconstructed,POR,GSW,1,2,0,1,-17.348,0.55678,POR,0.55678,,,,,105.0,-125.0,130.0,-150.0,0.42017,espnbet,139.0,119.0,1.0,2.5,-105.0,-115.0,,,,,,,,,,,,,,,,,,101.0,-137.0,134.0,-161.0,0.405
401809953,2025-10-24,2026,2025-10-25T02:00Z,,fourfactors_hl25_b2b_carry25_phase_luck_talent_ft_v6,reconstructed,SAC,UTA,1,1,0,0,18.298,0.73001,SAC,0.73001,,,,,-170.0,145.0,-225.0,190.0,0.66752,espnbet,105.0,104.0,1.0,-6.5,100.0,-120.0,,,,,,,,,,,,,,,,,,-168.0,114.0,-218.0,173.0,0.65842
401809954,2025-10-24,2026,2025-10-25T02:30Z,,fourfactors_hl25_b2b_carry25_phase_luck_talent_ft_v6,reconstructed,LAC,PHO,1,1,0,0,17.959,0.72785,LAC,0.72785,,,,,-450.0,340.0,-450.0,340.0,0.78261,espnbet,129.0,102.0,1.0,-10.5,-105.0,-115.0,,,,,,,,,,,,,,,,,,-404.0,266.0,-381.0,313.0,0.775
401809955,2025-10-25,2026,2025-10-25T23:00Z,,fourfactors_hl25_b2b_carry25_phase_luck_talent_ft_v6,reconstructed,ORL,CHI,2,1,1,0,-4.302,0.47074,CHI,0.52926,,,,,-210.0,175.0,-240.0,200.0,0.67925,espnbet,98.0,110.0,0.0,-6.5,100.0,-120.0,,,,,,,,,,,,,,,,,,-719.0,-719.0,-239.0,198.0,0.685
401809956,2025-10-25,2026,2025-10-25T23:30Z,,fourfactors_hl25_b2b_carry25_phase_luck_talent_ft_v6,reconstructed,ATL,OKC,2,2,1,0,-33.187,0.25947,OKC,0.74053,,,,,230.0,-280.0,260.0,-320.0,0.26718,espnbet,100.0,117.0,0.0,8.5,-110.0,-110.0,,,,,,,,,,,,,,,,,,-719.0,574.0,280.0,-340.0,0.245
401809957,2025-10-25,2026,2025-10-25T23:30Z,,fourfactors_hl25_b2b_carry25_phase_luck_talent_ft_v6,reconstructed,PHI,CHO,1,1,0,0,7.594,0.65689,PHI,0.65689,,,,,-270.0,220.0,-190.0,160.0,0.6301,espnbet,125.0,121.0,1.0,-4.5,-115.0,-105.0,,,,,,,,,,,,,,,,,,-719.0,-112.0,-191.0,159.0,0.635
401809958,2025-10-25,2026,2025-10-26T00:00Z,,fourfactors_hl25_b2b_carry25_phase_luck_talent_ft_v6,reconstructed,MEM,IND,2,1,1,0,-12.831,0.40317,IND,0.59683,,,,,120.0,-140.0,-135.0,115.0,0.55259,espnbet,128.0,103.0,1.0,-1.5,-115.0,-105.0,,,,,,,,,,,,,,,,,,-719.0,-719.0,-126.0,105.0,0.535
401809959,2025-10-25,2026,2025-10-26T01:00Z,,fourfactors_hl25_b2b_carry25_phase_luck_talent_ft_v6,reconstructed,DEN,PHO,1,2,0,1,25.12,0.83169,DEN,0.83169,,,,,-900.0,550.0,-900.0,550.0,0.85401,espnbet,133.0,111.0,1.0,-12.5,-115.0,-105.0,,,,,,,,,,,,,,,,,,-719.0,-719.0,-660.0,529.0,0.855
401809960,2025-10-26,2026,2025-10-26T18:00Z,,fourfactors_hl25_b2b_carry25_phase_luck_talent_ft_v6,reconstructed,SAS,BRK,2,2,0,0,35.994,0.82712,SAS,0.82712,,,,,-650.0,425.0,-550.0,380.0,0.80243,espnbet,118.0,107.0,1.0,-10.5,-115.0,-105.0,,,,,,,,,,,,,,,,,,-360.0,266.0,-458.0,373.0,0.805
401809961,2025-10-26,2026,2025-10-26T19:30Z,,fourfactors_hl25_b2b_carry25_phase_luck_talent_ft_v6,reconstructed,DET,BOS,2,2,0,0,-9.895,0.52135,DET,0.52135,,,,,-165.0,140.0,-135.0,115.0,0.55259,espnbet,119.0,113.0,1.0,-2.5,-105.0,-115.0,,,,,,,,,,,,,,,,,,-137.0,-103.0,-137.0,114.0,0.555
401809962,2025-10-26,2026,2025-10-26T22:00Z,,fourfactors_hl25_b2b_carry25_phase_luck_talent_ft_v6,reconstructed,CLE,MIL,2,2,0,0,9.896,0.67342,CLE,0.67342,,,,,-275.0,225.0,-240.0,200.0,0.67925,espnbet,118.0,113.0,1.0,-6.5,-110.0,-110.0,,,,,,,,,,,,,,,,,,-660.0,-660.0,-239.0,198.0,0.685
401809963,2025-10-26,2026,2025-10-26T22:00Z,,fourfactors_hl25_b2b_carry25_phase_luck_talent_ft_v6,reconstructed,MIA,NYK,2,2,0,0,7.278,0.65459,MIA,0.65459,,,,,120.0,-140.0,125.0,-145.0,0.42888,espnbet,115.0,107.0,1.0,2.5,-105.0,-115.0,,,,,,,,,,,,,,,,,,-660.0,-660.0,129.0,-161.0,0.41089
401809964,2025-10-26,2026,2025-10-26T22:00Z,,fourfactors_hl25_b2b_carry25_phase_luck_talent_ft_v6,reconstructed,WAS,CHO,2,2,0,1,-0.335,0.68498,WAS,0.68498,,,,,-125.0,105.0,-125.0,105.0,0.53247,espnbet,113.0,139.0,0.0,-1.5,-110.0,-110.0,,,,,,,,,,,,,,,,,,-660.0,-660.0,-131.0,114.0,0.55051
401809965,2025-10-26,2026,2025-10-26T23:00Z,,fourfactors_hl25_b2b_carry25_phase_luck_talent_ft_v6,reconstructed,MIN,IND,2,2,0,1,9.952,0.75185,MIN,0.75185,,,,,-500.0,360.0,-550.0,380.0,0.80243,espnbet,114.0,110.0,1.0,-11.5,-115.0,-105.0,,,,,,,,,,,,,,,,,,-660.0,-660.0,-564.0,398.0,0.81863
401809966,2025-10-26,2026,2025-10-26T23:30Z,,fourfactors_hl25_b2b_carry25_phase_luck_talent_ft_v6,reconstructed,DAL,TOR,2,2,0,0,-21.373,0.4293,TOR,0.5707,,,,,-125.0,105.0,-105.0,-115.0,0.48917,espnbet,139.0,129.0,1.0,1.5,-115.0,-105.0,,,,,,,,,,,,,,,,,,-660.0,-660.0,-107.0,-107.0,0.5
401809967,2025-10-26,2026,2025-10-27T01:00Z,,fourfactors_hl25_b2b_carry25_phase_luck_talent_ft_v6,reconstructed,LAC,POR,2,2,0,0,19.278,0.73619,LAC,0.73619,,,,,-300.0,250.0,-320.0,260.0,0.73282,espnbet,114.0,107.0,1.0,-8.5,-105.0,-115.0,,,,,,,,,,,,,,,,,,-660.0,-660.0,-306.0,252.0,0.735
401809968,2025-10-26,2026,2025-10-27T01:00Z,,fourfactors_hl25_b2b_carry25_phase_luck_talent_ft_v6,reconstructed,SAC,LAL,2,2,0,0,-10.714,0.51475,SAC,0.51475,,,,,100.0,-120.0,-140.0,120.0,0.56204,espnbet,120.0,127.0,0.0,-2.5,-115.0,-105.0,,,,,,,,,,,,,,,,,,-660.0,-660.0,-168.0,140.0,0.605
401809245,2025-10-27,2026,2025-10-27T23:00Z,,fourfactors_hl25_b2b_carry25_phase_luck_talent_ft_v6,reconstructed,DET,CLE,3,3,1,1,-11.941,0.50486,DET,0.50486,,,,,105.0,-125.0,110.0,-130.0,0.45726,espnbet,95.0,116.0,0.0,1.5,-105.0,-115.0,,,,,,,,,,,,,,,,,,-489.0,-660.0,105.0,-131.0,0.4604
401809969,2025-10-27,2026,2025-10-27T23:00Z,,fourfactors_hl25_b2b_carry25_phase_luck_talent_ft_v6,reconstructed,PHI,ORL,2,3,0,0,-8.667,0.53122,PHI,0.53122,,,,,165.0,-195.0,200.0,-240.0,0.32075,espnbet,136.0,124.0,1.0,6.5,-110.0,-110.0,,,,,,,,,,,,,,,,,,-660.0,-660.0,189.0,-228.0,0.325
401809970,2025-10-27,2026,2025-10-28T00:00Z,,fourfactors_hl25_b2b_carry25_phase_luck_talent_ft_v6,reconstructed,CHI,ATL,2,3,0,0,11.428,0.68419,CHI,0.68419,,,,,105.0,-125.0,115.0,-135.0,0.44741,espnbet,128.0,123.0,1.0,2.5,-110.0,-110.0,,,,,,,,,,,,,,,,,,-660.0,-660.0,114.0,-137.0,0.445
401809971,2025-10-27,2026,2025-10-28T00:00Z,,fourfactors_hl25_b2b_carry25_phase_luck_talent_ft_v6,reconstructed,HOU,BRK,2,3,0,1,36.286,0.87629,HOU,0.87629,,,,,-2000.0,1000.0,-1600.0,800.0,0.89441,espnbet,137.0,109.0,1.0,-15.5,-115.0,-105.0,,,,,,,,,,,,,,,,,,-660.0,-660.0,-869.0,685.0,0.885
401809972,2025-10-27,2026,2025-10-28T00:00Z,,fourfactors_hl25_b2b_carry25_phase_luck_talent_ft_v6,reconstructed,NOP,BOS,2,3,0,1,-40.127,0.37601,BOS,0.62399,,,,,-140.0,120.0,155.0,-185.0,0.37661,espnbet,90.0,122.0,0.0,4.5,-110.0,-110.0,,,,,,,,,,,,,,,,,,-660.0,-660.0,166.0,-199.0,0.355
401809973,2025-10-27,2026,2025-10-28T00:00Z,,fourfactors_hl25_b2b_carry25_phase_luck_talent_ft_v6,reconstructed,SAS,TOR,3,3,1,1,14.643,0.70616,SAS,0.70616,,,,,-185.0,155.0,-185.0,155.0,0.62339,espnbet,121.0,103.0,1.0,-4.5,-110.0,-110.0,,,,,,,,,,,,,,,,,,-660.0,-660.0,-183.0,159.0,0.63131
401809974,2025-10-27,2026,2025-10-28T00:30Z,,fourfactors_hl25_b2b_carry25_phase_luck_talent_ft_v6,reconstructed,DAL,OKC,3,3,1,0,-45.338,0.19145,OKC,0.80855,,,,,280.0,-360.0,300.0,-400.0,0.2381,espnbet,94.0,101.0,0.0,9.5,-115.0,-105.0,,,,,,,,,,,,,,,,,,-660.0,-660.0,280.0,-340.0,0.245
401809975,2025-10-27,2026,2025-10-28T01:00Z,,fourfactors_hl25_b2b_carry25_phase_luck_talent_ft_v6,reconstructed,UTA,PHO,2,3,0,0,-3.859,0.56957,UTA,0.56957,,,,,100.0,-120.0,-125.0,105.0,0.53247,espnbet,138.0,134.0,1.0,-1.5,-115.0,-105.0,,,,,,,,,,,,,,,,,,-660.0,-660.0,-126.0,105.0,0.535
401809246,2025-10-27,2026,2025-10-28T01:30Z,,fourfactors_hl25_b2b_carry25_phase_luck_talent_ft_v6,reconstructed,MIN,DEN,3,2,1,0,1.698,0.51907,MIN,0.51907,,,,,-125.0,105.0,195.0,-230.0,0.32722,espnbet,114.0,127.0,0.0,6.5,-110.0,-110.0,,,,,,,,,,,,,,,,,,-660.0,-660.0,189.0,-239.0,0.32178
401809976,2025-10-27,2026,2025-10-28T02:00Z,,fourfactors_hl25_b2b_carry25_phase_luck_talent_ft_v6,reconstructed,GSW,MEM,3,3,0,0,3.635,0.62757,GSW,0.62757,,,,,-380.0,290.0,-340.0,270.0,0.74087,espnbet,131.0,118.0,1.0,-8.5,-110.0,-110.0,,,,,,,,,,,,,,,,,,-609.0,-564.0,-306.0,252.0,0.735
401809977,2025-10-27,2026,2025-10-28T02:30Z,,fourfactors_hl25_b2b_carry25_phase_luck_talent_ft_v6,reconstructed,LAL,POR,3,3,1,1,14.945,0.70817,LAL,0.70817,,,,,105.0,-125.0,125.0,-145.0,0.42888,espnbet,108.0,122.0,0.0,3.5,-110.0,-110.0,,,,,,,,,,,,,,,,,,-660.0,-660.0,124.0,-148.0,0.425
401809978,2025-10-28,2026,2025-10-28T23:00Z,,fourfactors_hl25_b2b_carry25_phase_luck_talent_ft_v6,reconstructed,WAS,PHI,3,3,0,1,-14.765,0.57722,WAS,0.57722,,,,,165.0,-195.0,165.0,-195.0,0.36341,espnbet,134.0,139.0,0.0,4.5,-115.0,-105.0,,,,,,,,,,,,,,,,,,146.0,-263.0,166.0,-199.0,0.355
401809979,2025-10-28,2026,2025-10-28T23:30Z,,fourfactors_hl25_b2b_carry25_phase_luck_talent_ft_v6,reconstructed,MIA,CHO,3,3,0,0,26.872,0.78094,MIA,0.78094,,,,,-230.0,195.0,-175.0,150.0,0.61404,espnbet,144.0,117.0,1.0,-4.5,-105.0,-115.0,,,,,,,,,,,,,,,,,,-168.0,114.0,-183.0,152.0,0.625
401809980,2025-10-28,2026,2025-10-29T00:00Z,,fourfactors_hl25_b2b_carry25_phase_luck_talent_ft_v6,reconstructed,MIL,NYK,3,3,0,0,13.983,0.70172,MIL,0.70172,,,,,105.0,-125.0,115.0,-135.0,0.44741,espnbet,121.0,111.0,1.0,2.5,-110.0,-110.0,,,,,,,,,,,,,,,,,,114.0,-199.0,109.0,-131.0,0.455
401809981,2025-10-28,2026,2025-10-29T00:00Z,,fourfactors_hl25_b2b_carry25_phase_luck_talent_ft_v6,reconstructed,OKC,SAC,4,3,1,0,30.197,0.73016,OKC,0.73016,,,,,-650.0,425.0,-425.0,320.0,0.77273,espnbet,107.0,101.0,1.0,-8.5,-115.0,-105.0,,,,,,,,,,,,,,,,,,-430.0,266.0,-404.0,313.0,0.77723
401809982,2025-10-28,2026,2025-10-29T03:00Z,,fourfactors_hl25_b2b_carry25_phase_luck_talent_ft_v6,reconstructed,GSW,LAC,4,3,1,0,-9.121,0.43227,LAC,0.56773,,,,,-125.0,105.0,-105.0,-115.0,0.48917,espnbet,98.0,79.0,1.0,1.5,-115.0,-105.0,,,,,,,,,,,,,,,,,,-161.0,-609.0,-103.0,-116.0,0.485
401809986,2025-10-29,2026,2025-10-29T22:30Z,,fourfactors_hl25_b2b_carry25_phase_luck_talent_ft_v6,reconstructed,TOR,HOU,4,3,0,0,-20.164,0.43888,HOU,0.56112,,,,,165.0,-195.0,180.0,-215.0,0.34351,espnbet,121.0,139.0,0.0,5.5,-105.0,100.0,,,,,,,,,,,,,,,,,,114.0,-199.0,189.0,-239.0,0.32178
401809983,2025-10-29,2026,2025-10-29T23:00Z,,fourfactors_hl25_b2b_carry25_phase_luck_talent_ft_v6,reconstructed,BOS,CLE,4,4,0,0,2.707,0.62054,BOS,0.62054,,,,,150.0,-175.0,140.0,-165.0,0.40091,espnbet,125.0,105.0,1.0,3.5,-110.0,-110.0,,,,,,,,,,,,,,,,,,134.0,-218.0,140.0,-168.0,0.395
401809984,2025-10-29,2026,2025-10-29T23:00Z,,fourfactors_hl25_b2b_carry25_phase_luck_talent_ft_v6,reconstructed,DET,ORL,4,4,0,0,7.348,0.6551,DET,0.6551,,,,,-115.0,-105.0,110.0,-130.0,0.45726,espnbet,135.0,116.0,1.0,1.5,100.0,-120.0,,,,,,,,,,,,,,,,,,-228.0,134.0,101.0,-121.0,0.475
401809985,2025-10-29,2026,2025-10-29T23:30Z,,fourfactors_hl25_b2b_carry25_phase_luck_talent_ft_v6,reconstructed,BRK,ATL,4,4,0,0,-28.171,0.37661,ATL,0.62339,,,,,280.0,-360.0,260.0,-320.0,0.26718,espnbet,112.0,117.0,0.0,8.5,-110.0,-110.0,,,,,,,,,,,,,,,,,,266.0,-381.0,252.0,-322.0,0.26238
401809987,2025-10-29,2026,2025-10-30T00:00Z,,fourfactors_hl25_b2b_carry25_phase_luck_talent_ft_v6,reconstructed,CHI,SAC,3,4,0,1,10.197,0.75332,CHI,0.75332,,,,,-190.0,160.0,-175.0,150.0,0.61404,espnbet,126.0,113.0,1.0,-4.5,-110.0,-110.0,,,,,,,,,,,,,,,,,,-251.0,134.0,-183.0,146.0,0.61881
401809988,2025-10-29,2026,2025-10-30T00:30Z,,fourfactors_hl25_b2b_carry25_phase_luck_talent_ft_v6,reconstructed,DAL,IND,4,3,0,0,-17.796,0.45776,IND,0.54224,,,,,-380.0,290.0,-225.0,190.0,0.66752,espnbet,107.0,105.0,1.0,-5.5,-115.0,-105.0,,,,,,,,,,,,,,,,,,-154.0,-121.0,-239.0,198.0,0.685
401809989,2025-10-29,2026,2025-10-30T01:00Z,,fourfactors_hl25_b2b_carry25_phase_luck_talent_ft_v6,reconstructed,DEN,NOP,3,3,0,0,45.36,0.86616,DEN,0.86616,,,,,-1000.0,600.0,-650.0,425.0,0.81982,espnbet,122.0,88.0,1.0,-11.5,-115.0,-105.0,,,,,,,,,,,,,,,,,,-208.0,119.0,-660.0,490.0,0.84653
401809990,2025-10-29,2026,2025-10-30T01:00Z,,fourfactors_hl25_b2b_carry25_phase_luck_talent_ft_v6,reconstructed,UTA,POR,3,4,0,0,-19.702,0.44255,POR,0.55745,,,,,120.0,-140.0,130.0,-150.0,0.42017,espnbet,134.0,136.0,0.0,3.5,-115.0,-105.0,,,,,,,,,,,,,,,,,,129.0,-228.0,119.0,-142.0,0.435
401809991,2025-10-29,2026,2025-10-30T01:30Z,,fourfactors_hl25_b2b_carry25_phase_luck_talent_ft_v6,reconstructed,MIN,LAL,4,4,0,0,2.987,0.62267,MIN,0.62267,,,,,-240.0,200.0,-290.0,240.0,0.71657,espnbet,115.0,116.0,0.0,-7.5,-110.0,-110.0,,,,,,,,,,,,,,,,,,-191.0,105.0,-276.0,229.0,0.715
401809992,2025-10-29,2026,2025-10-30T02:00Z,,fourfactors_hl25_b2b_carry25_phase_luck_talent_ft_v6,reconstructed,PHO,MEM,4,4,0,0,-12.83,0.4977,MEM,0.5023,,,,,105.0,-125.0,110.0,-130.0,0.45726,espnbet,113.0,114.0,0.0,2.5,-115.0,-105.0,,,,,,,,,,,,,,,,,,173.0,-322.0,114.0,-137.0,0.445
401809993,2025-10-30,2026,2025-10-30T23:00Z,,fourfactors_hl25_b2b_carry25_phase_luck_talent_ft_v6,reconstructed,CHO,ORL,4,5,0,1,-11.668,0.60139,CHO,0.60139,,,,,135.0,-155.0,140.0,-165.0,0.40091,espnbet,107.0,123.0,0.0,3.5,-110.0,-115.0,,,,,,,,,,,,,,,,,,124.0,-175.0,124.0,-154.0,0.42289
401809994,2025-10-30,2026,2025-10-31T00:00Z,,fourfactors_hl25_b2b_carry25_phase_luck_talent_ft_v6,reconstructed,MIL,GSW,4,5,0,0,3.62,0.62745,MIL,0.62745,,,,,125.0,-145.0,240.0,-290.0,0.28343,espnbet,120.0,110.0,1.0,7.5,-110.0,-110.0,,,,,,,,,,,,,,,,,,140.0,-199.0,240.0,-290.0,0.27136
401809995,2025-10-30,2026,2025-10-31T00:00Z,,fourfactors_hl25_b2b_carry25_phase_luck_talent_ft_v6,reconstructed,OKC,WAS,5,4,0,0,53.718,0.89444,OKC,0.89444,,,,,-1800.0,900.0,-1400.0,750.0,0.88806,espnbet,127.0,108.0,1.0,-15.5,-115.0,-105.0,,,,,,,,,,,,,,,,,,-564.0,266.0,-967.0,756.0,0.895
401809996,2025-10-30,2026,2025-10-31T00:30Z,,fourfactors_hl25_b2b_carry25_phase_luck_talent_ft_v6,reconstructed,SAS,MIA,4,4,0,0,-4.614,0.5636,SAS,0.5636,,,,,-200.0,170.0,-225.0,190.0,0.66752,espnbet,107.0,101.0,1.0,-5.5,-115.0,-105.0,,,,,,,,,,,,,,,,,,-322.0,208.0,-239.0,189.0,0.68
401809502,2025-10-31,2026,2025-10-31T23:00Z,,fourfactors_hl25_b2b_carry25_phase_luck_talent_ft_v6,reconstructed,IND,ATL,4,5,0,0,1.628,0.61231,IND,0.61231,,,,,115.0,-135.0,115.0,-135.0,0.44741,espnbet,108.0,128.0,0.0,2.5,-110.0,-110.0,,,,,,,,,,,,,,,,,,140.0,-199.0,114.0,-137.0,0.445
401809503,2025-10-31,2026,2025-10-31T23:00Z,,fourfactors_hl25_b2b_carry25_phase_luck_talent_ft_v6,reconstructed,PHI,BOS,4,5,0,0,-37.36,0.30996,BOS,0.69004,,,,,-140.0,120.0,105.0,-125.0,0.46753,espnbet,108.0,109.0,0.0,1.5,-115.0,-105.0,,,,,,,,,,,,,,,,,,-154.0,119.0,101.0,-121.0,0.475
401809504,2025-10-31,2026,2025-10-31T23:30Z,,fourfactors_hl25_b2b_carry25_phase_luck_talent_ft_v6,reconstructed,CLE,TOR,5,5,0,0,28.547,0.79005,CLE,0.79005,,,,,-290.0,240.0,-190.0,160.0,0.6301,espnbet,101.0,112.0,0.0,-4.5,-110.0,-110.0,,,,,,,,,,,,,,,,,,-263.0,189.0,-191.0,166.0,0.64467
401809505,2025-10-31,2026,2025-11-01T00:00Z,,fourfactors_hl25_b2b_carry25_phase_luck_talent_ft_v6,reconstructed,CHI,NYK,4,4,0,0,8.484,0.66333,CHI,0.66333,,,,,120.0,-140.0,165.0,-195.0,0.36341,espnbet,135.0,125.0,1.0,5.5,-115.0,-105.0,,,,,,,,,,,,,,,,,,134.0,-175.0,152.0,-191.0,0.37129
401809506,2025-10-31,2026,2025-11-01T01:30Z,,fourfactors_hl25_b2b_carry25_phase_luck_talent_ft_v6,reconstructed,MEM,LAL,5,5,0,0,-9.419,0.52518,MEM,0.52518,,,,,-200.0,170.0,110.0,-135.0,0.45323,espnbet,112.0,117.0,0.0,1.5,-105.0,-115.0,,,,,,,,,,,,,,,,,,-208.0,140.0,101.0,-121.0,0.475
401809507,2025-10-31,2026,2025-11-01T02:00Z,,fourfactors_hl25_b2b_carry25_phase_luck_talent_ft_v6,reconstructed,PHO,UTA,5,4,0,0,4.333,0.63281,PHO,0.63281,,,,,-165.0,140.0,-150.0,130.0,0.57983,espnbet,118.0,96.0,1.0,-3.5,-105.0,-115.0,,,,,,,,,,,,,,,,,,-148.0,105.0,-148.0,124.0,0.575
401809508,2025-10-31,2026,2025-11-01T02:00Z,,fourfactors_hl25_b2b_carry25_phase_luck_talent_ft_v6,reconstructed,POR,DEN,5,4,0,0,-21.536,0.42801,DEN,0.57199,,,,,215.0,-260.0,195.0,-230.0,0.32722,espnbet,109.0,107.0,1.0,5.5,-110.0,-110.0,,,,,,,,,,,,,,,,,,166.0,-218.0,181.0,-228.0,0.33168
401809509,2025-10-31,2026,2025-11-01T02:30Z,,fourfactors_hl25_b2b_carry25_phase_luck_talent_ft_v6,reconstructed,LAC,NOP,4,4,0,0,45.582,0.86699,LAC,0.86699,,,,,-500.0,360.0,-650.0,425.0,0.81982,espnbet,126.0,124.0,1.0,-10.5,-115.0,-105.0,,,,,,,,,,,,,,,,,,-251.0,189.0,-525.0,373.0,0.80882
401809997,2025-11-01,2026,2025-11-01T21:00Z,,fourfactors_hl25_b2b_carry25_phase_luck_talent_ft_v6,reconstructed,MIL,SAC,5,5,0,0,24.177,0.76572,MIL,0.76572,,,,,-225.0,190.0,-240.0,200.0,0.67925,espnbet,133.0,135.0,0.0,-6.5,-105.0,-115.0,,,,,,,,,,,,,,,,,,-199.0,146.0,-251.0,208.0,0.695
401809998,2025-11-01,2026,2025-11-01T22:00Z,,fourfactors_hl25_b2b_carry25_phase_luck_talent_ft_v6,reconstructed,CHO,MIN,5,5,0,0,-28.539,0.37383,MIN,0.62617,,,,,175.0,-210.0,160.0,-190.0,0.3699,espnbet,105.0,122.0,0.0,4.5,-115.0,-105.0,,,,,,,,,,,,,,,,,,124.0,-175.0,146.0,-175.0,0.385
401809999,2025-11-01,2026,2025-11-01T23:00Z,,fourfactors_hl25_b2b_carry25_phase_luck_talent_ft_v6,reconstructed,IND,GSW,5,6,1,0,-15.066,0.38596,GSW,0.61404,,,,,380.0,-550.0,380.0,-550.0,0.19757,espnbet,114.0,109.0,1.0,10.5,-110.0,-110.0,,,,,,,,,,,,,,,,,,240.0,-340.0,373.0,-489.0,0.19307
401810000,2025-11-01,2026,2025-11-01T23:00Z,,fourfactors_hl25_b2b_carry25_phase_luck_talent_ft_v6,reconstructed,WAS,ORL,5,6,0,0,-27.285,0.38334,ORL,0.61666,,,,,270.0,-340.0,290.0,-380.0,0.24465,espnbet,94.0,125.0,0.0,9.5,-115.0,-105.0,,,,,,,,,,,,,,,,,,166.0,-239.0,296.0,-360.0,0.235
401810001,2025-11-01,2026,2025-11-02T00:00Z,,fourfactors_hl25_b2b_carry25_phase_luck_talent_ft_v6,reconstructed,BOS,HOU,6,4,1,0,14.199,0.61762,BOS,0.61762,,,,,165.0,-195.0,165.0,-195.0,0.36341,espnbet,101.0,128.0,0.0,4.5,-105.0,-115.0,,,,,,,,,,,,,,,,,,166.0,-276.0,152.0,-191.0,0.37313
401810003,2025-11-02,2026,2025-11-02T20:30Z,,fourfactors_hl25_b2b_carry25_phase_luck_talent_ft_v6,reconstructed,OKC,NOP,6,5,0,0,61.734,0.91648,OKC,0.91648,,,,,-600.0,400.0,-800.0,500.0,0.84211,espnbet,137.0,106.0,1.0,-13.5,-110.0,-110.0,,,,,,,,,,,,,,,,,,-660.0,425.0,-719.0,529.0,0.85644
401810004,2025-11-02,2026,2025-11-02T23:00Z,,fourfactors_hl25_b2b_carry25_phase_luck_talent_ft_v6,reconstructed,BRK,PHI,5,5,0,0,-23.997,0.4087,PHI,0.5913,,,,,175.0,-210.0,165.0,-195.0,0.36341,espnbet,105.0,129.0,0.0,4.5,-105.0,-115.0,,,,,,,,,,,,,,,,,,189.0,-430.0,166.0,-199.0,0.355
401810005,2025-11-02,2026,2025-11-02T23:00Z,,fourfactors_hl25_b2b_carry25_phase_luck_talent_ft_v6,reconstructed,CHO,UTA,6,5,1,0,-1.797,0.4909,UTA,0.5091,,,,,-155.0,135.0,110.0,-130.0,0.45726,espnbet,126.0,103.0,1.0,1.5,-110.0,-110.0,,,,,,,,,,,,,,,,,,-306.0,-154.0,101.0,-121.0,0.475
401810006,2025-11-02,2026,2025-11-02T23:00Z,,fourfactors_hl25_b2b_carry25_phase_luck_talent_ft_v6,reconstructed,CLE,ATL,6,6,0,0,8.651,0.66453,CLE,0.66453,,,,,-200.0,170.0,-240.0,200.0,0.67925,espnbet,117.0,109.0,1.0,-6.5,-110.0,-110.0,,,,,,,,,,,,,,,,,,-239.0,159.0,-239.0,198.0,0.685
401810007,2025-11-02,2026,2025-11-02T23:00Z,,fourfactors_hl25_b2b_carry25_phase_luck_talent_ft_v6,reconstructed,TOR,MEM,6,6,0,0,-6.196,0.55101,TOR,0.55101,,,,,-200.0,170.0,-190.0,160.0,0.6301,espnbet,117.0,104.0,1.0,-4.5,-115.0,-105.0,,,,,,,,,,,,,,,,,,124.0,129.0,-175.0,146.0,0.615
401810008,2025-11-02,2026,2025-11-03T00:00Z,,fourfactors_hl25_b2b_carry25_phase_luck_talent_ft_v6,reconstructed,NYK,CHI,5,5,0,0,-11.575,0.50782,NYK,0.50782,,,,,-270.0,220.0,-290.0,240.0,0.71657,espnbet,128.0,116.0,1.0,-8.5,-105.0,-115.0,,,,,,,,,,,,,,,,,,-360.0,-360.0,-263.0,218.0,0.705
401810009,2025-11-02,2026,2025-11-03T01:00Z,,fourfactors_hl25_b2b_carry25_phase_luck_talent_ft_v6,reconstructed,PHO,SAS,6,5,0,0,-25.73,0.39526,SAS,0.60474,,,,,195.0,-230.0,195.0,-230.0,0.32722,espnbet,130.0,118.0,1.0,5.5,-115.0,-105.0,,,,,,,,,,,,,,,,,,240.0,-340.0,189.0,-228.0,0.325
401810010,2025-11-02,2026,2025-11-03T02:30Z,,fourfactors_hl25_b2b_carry25_phase_luck_talent_ft_v6,reconstructed,LAL,MIA,6,5,0,0,-6.917,0.54525,LAL,0.54525,,,,,-190.0,160.0,-195.0,165.0,0.63659,espnbet,130.0,120.0,1.0,-4.5,-115.0,-105.0,,,,,,,,,,,,,,,,,,-609.0,-609.0,-208.0,166.0,0.64851
401810011,2025-11-03,2026,2025-11-04T00:00Z,,fourfactors_hl25_b2b_carry25_phase_luck_talent_ft_v6,reconstructed,BRK,MIN,6,6,1,0,-47.444,0.18116,MIN,0.81884,,,,,290.0,-380.0,340.0,-450.0,0.21739,espnbet,109.0,125.0,0.0,9.5,-105.0,-115.0,,,,,,,,,,,,,,,,,,208.0,-609.0,331.0,-404.0,0.215
401810012,2025-11-03,2026,2025-11-04T00:00Z,,fourfactors_hl25_b2b_carry25_phase_luck_talent_ft_v6,reconstructed,IND,MIL,6,6,0,0,-24.684,0.40335,MIL,0.59665,,,,,200.0,-240.0,210.0,-250.0,0.31111,espnbet,115.0,117.0,0.0,6.5,-115.0,-105.0,,,,,,,,,,,,,,,,,,159.0,-381.0,189.0,-239.0,0.32178
401810013,2025-11-03,2026,2025-11-04T00:30Z,,fourfactors_hl25_b2b_carry25_phase_luck_talent_ft_v6,reconstructed,BOS,UTA,7,6,0,1,43.174,0.89843,BOS,0.89843,,,,,-550.0,380.0,-550.0,380.0,0.80243,espnbet,103.0,105.0,0.0,-10.5,-110.0,-110.0,,,,,,,,,,,,,,,,,,-276.0,166.0,-458.0,373.0,0.805
401810014,2025-11-03,2026,2025-11-04T00:30Z,,fourfactors_hl25_b2b_carry25_phase_luck_talent_ft_v6,reconstructed,NYK,WAS,6,6,1,0,30.691,0.73329,NYK,0.73329,,,,,-700.0,450.0,-800.0,500.0,0.84211,espnbet,119.0,102.0,1.0,-13.5,-105.0,-115.0,,,,,,,,,,,,,,,,,,-404.0,166.0,-660.0,529.0,0.855
401810015,2025-11-03,2026,2025-11-04T01:00Z,,fourfactors_hl25_b2b_carry25_phase_luck_talent_ft_v6,reconstructed,HOU,DAL,5,6,0,0,36.515,0.82951,HOU,0.82951,,,,,-750.0,475.0,-800.0,500.0,0.84211,espnbet,110.0,102.0,1.0,-12.5,-105.0,-115.0,,,,,,,,,,,,,,,,,,-276.0,166.0,-609.0,490.0,0.845
401810016,2025-11-03,2026,2025-11-04T01:00Z,,fourfactors_hl25_b2b_carry25_phase_luck_talent_ft_v6,reconstructed,MEM,DET,7,6,1,0,-13.034,0.4016,DET,0.5984,,,,,140.0,-165.0,155.0,-185.0,0.37661,espnbet,106.0,114.0,0.0,4.5,100.0,-120.0,,,,,,,,,,,,,,,,,,124.0,-175.0,152.0,-183.0,0.375
401810017,2025-11-03,2026,2025-11-04T02:00Z,,fourfactors_hl25_b2b_carry25_phase_luck_talent_ft_v6,reconstructed,DEN,SAC,5,6,0,0,26.017,0.77619,DEN,0.77619,,,,,-750.0,475.0,-700.0,450.0,0.82796,espnbet,130.0,124.0,1.0,-11.5,-115.0,-105.0,,,,,,,,,,,,,,,,,,-340.0,181.0,-525.0,398.0,0.81683
401810018,2025-11-03,2026,2025-11-04T03:00Z,,fourfactors_hl25_b2b_carry25_phase_luck_talent_ft_v6,reconstructed,POR,LAL,6,7,0,1,-7.098,0.63614,POR,0.63614,,,,,-155.0,135.0,-400.0,300.0,0.7619,espnbet,115.0,123.0,0.0,-10.5,-105.0,-115.0,,,,,,,,,,,,,,,,,,-458.0,-564.0,-360.0,296.0,0.765
401810019,2025-11-03,2026,2025-11-04T03:30Z,,fourfactors_hl25_b2b_carry25_phase_luck_talent_ft_v6,reconstructed,LAC,MIA,5,6,0,1,-2.323,0.67098,LAC,0.67098,,,,,-290.0,240.0,-280.0,230.0,0.70859,espnbet,119.0,120.0,0.0,-7.5,-110.0,-110.0,,,,,,,,,,,,,,,,,,-489.0,-609.0,-306.0,252.0,0.735
401810020,2025-11-04,2026,2025-11-05T00:30Z,,fourfactors_hl25_b2b_carry25_phase_luck_talent_ft_v6,reconstructed,TOR,MIL,7,7,0,1,-26.31,0.48477,MIL,0.51523,,,,,-155.0,135.0,-130.0,110.0,0.54274,espnbet,128.0,100.0,1.0,-2.5,-105.0,-115.0,,,,,,,,,,,,,,,,,,146.0,-208.0,-126.0,105.0,0.535
401810021,2025-11-04,2026,2025-11-05T01:00Z,,fourfactors_hl25_b2b_carry25_phase_luck_talent_ft_v6,reconstructed,ATL,ORL,7,7,0,0,-0.145,0.59866,ATL,0.59866,,,,,120.0,-140.0,140.0,-165.0,0.40091,espnbet,127.0,112.0,1.0,3.5,-110.0,-110.0,,,,,,,,,,,,,,,,,,-154.0,-154.0,146.0,-175.0,0.385
401810022,2025-11-04,2026,2025-11-05T01:00Z,,fourfactors_hl25_b2b_carry25_phase_luck_talent_ft_v6,reconstructed,CHI,PHI,6,6,0,0,9.305,0.66922,CHI,0.66922,,,,,-120.0,100.0,-130.0,110.0,0.54274,espnbet,113.0,111.0,1.0,-2.5,-105.0,-115.0,,,,,,,,,,,,,,,,,,-107.0,-137.0,-131.0,101.0,0.53431
401810023,2025-11-04,2026,2025-11-05T01:00Z,,fourfactors_hl25_b2b_carry25_phase_luck_talent_ft_v6,reconstructed,NOP,CHO,6,7,0,0,-15.249,0.47821,CHO,0.52179,,,,,-125.0,105.0,-155.0,135.0,0.58821,espnbet,116.0,112.0,1.0,-3.5,-110.0,-110.0,,,,,,,,,,,,,,,,,,-131.0,-154.0,-148.0,119.0,0.56931
401810024,2025-11-04,2026,2025-11-05T03:00Z,,fourfactors_hl25_b2b_carry25_phase_luck_talent_ft_v6,reconstructed,GSW,PHO,7,7,0,0,12.045,0.68848,GSW,0.68848,,,,,-450.0,340.0,-500.0,360.0,0.7931,espnbet,118.0,107.0,1.0,-10.5,-105.0,-115.0,,,,,,,,,,,,,,,,,,-381.0,218.0,-404.0,331.0,0.785
401810025,2025-11-04,2026,2025-11-05T04:00Z,,fourfactors_hl25_b2b_carry25_phase_luck_talent_ft_v6,reconstructed,LAC,OKC,6,7,1,0,-23.563,0.32336,OKC,0.67664,,,,,165.0,-195.0,270.0,-340.0,0.25913,espnbet,107.0,126.0,0.0,8.5,-110.0,-110.0,,,,,,,,,,,,,,,,,,-660.0,-660.0,252.0,-306.0,0.26131
401810026,2025-11-05,2026,2025-11-06T00:00Z,,fourfactors_hl25_b2b_carry25_phase_luck_talent_ft_v6,reconstructed,CLE,PHI,7,7,0,1,15.392,0.78313,CLE,0.78313,,,,,-380.0,290.0,-550.0,380.0,0.80243,espnbet,132.0,121.0,1.0,-12.5,-105.0,-115.0,,,,,,,,,,,,,,,,,,-218.0,124.0,-458.0,373.0,0.805
401810027,2025-11-05,2026,2025-11-06T00:00Z,,fourfactors_hl25_b2b_carry25_phase_luck_talent_ft_v6,reconstructed,DET,UTA,7,7,0,0,32.639,0.8111,DET,0.8111,,,,,-550.0,380.0,-425.0,320.0,0.77273,espnbet,114.0,103.0,1.0,-9.5,-115.0,-105.0,,,,,,,,,,,,,,,,,,-404.0,266.0,-404.0,331.0,0.785
401810028,2025-11-05,2026,2025-11-06T00:00Z,,fourfactors_hl25_b2b_carry25_phase_luck_talent_ft_v6,reconstructed,IND,BRK,7,7,0,0,32.345,0.80964,IND,0.80964,,,,,-250.0,210.0,-250.0,210.0,0.68889,espnbet,103.0,112.0,0.0,-6.5,-105.0,-115.0,,,,,,,,,,,,,,,,,,-228.0,140.0,-251.0,198.0,0.68812
401810029,2025-11-05,2026,2025-11-06T00:30Z,,fourfactors_hl25_b2b_carry25_phase_luck_talent_ft_v6,reconstructed,BOS,WAS,8,7,0,0,48.724,0.87825,BOS,0.87825,,,,,-550.0,380.0,-900.0,550.0,0.85401,espnbet,136.0,107.0,1.0,-13.5,-105.0,-115.0,,,,,,,,,,,,,,,,,,-340.0,181.0,-609.0,490.0,0.845
401810030,2025-11-05,2026,2025-11-06T00:30Z,,fourfactors_hl25_b2b_carry25_phase_luck_talent_ft_v6,reconstructed,NYK,MIN,7,7,0,0,-13.847,0.4895,MIN,0.5105,,,,,-200.0,170.0,-150.0,130.0,0.57983,espnbet,137.0,114.0,1.0,-3.5,-110.0,-110.0,,,,,,,,,,,,,,,,,,-168.0,109.0,-161.0,140.0,0.60101
401810031,2025-11-05,2026,2025-11-06T01:00Z,,fourfactors_hl25_b2b_carry25_phase_luck_talent_ft_v6,reconstructed,MEM,HOU,8,6,0,0,-27.417,0.38233,HOU,0.61767,,,,,225.0,-275.0,240.0,-290.0,0.28343,espnbet,109.0,124.0,0.0,6.5,-105.0,-115.0,,,,,,,,,,,,,,,,,,166.0,-276.0,240.0,-306.0,0.27228
401810032,2025-11-05,2026,2025-11-06T01:30Z,,fourfactors_hl25_b2b_carry25_phase_luck_talent_ft_v6,reconstructed,DAL,NOP,7,7,0,1,12.879,0.76904,DAL,0.76904,,,,,-250.0,210.0,-300.0,250.0,0.72414,espnbet,99.0,101.0,0.0,-8.5,-105.0,-115.0,,,,,,,,,,,,,,,,,,-228.0,119.0,-306.0,252.0,0.735
401810033,2025-11-05,2026,2025-11-06T02:00Z,,fourfactors_hl25_b2b_carry25_phase_luck_talent_ft_v6,reconstructed,DEN,MIA,6,7,0,0,5.823,0.6439,DEN,0.6439,,,,,-290.0,240.0,-380.0,290.0,0.75535,espnbet,122.0,112.0,1.0,-9.5,-105.0,-115.0,,,,,,,,,,,,,,,,,,-290.0,189.0,-381.0,296.0,0.76733
401810034,2025-11-05,2026,2025-11-06T03:00Z,,fourfactors_hl25_b2b_carry25_phase_luck_talent_ft_v6,reconstructed,LAL,SAS,8,6,0,0,-3.361,0.57351,LAL,0.57351,,,,,-135.0,115.0,105.0,-125.0,0.46753,espnbet,118.0,116.0,1.0,1.5,-110.0,-110.0,,,,,,,,,,,,,,,,,,-609.0,-609.0,101.0,-121.0,0.47236
401810035,2025-11-05,2026,2025-11-06T03:00Z,,fourfactors_hl25_b2b_carry25_phase_luck_talent_ft_v6,reconstructed,POR,OKC,7,8,0,1,-35.493,0.41166,OKC,0.58834,,,,,180.0,-215.0,140.0,-165.0,0.40091,espnbet,121.0,119.0,1.0,3.5,-110.0,-110.0,,,,,,,,,,,,,,,,,,189.0,-306.0,146.0,-175.0,0.385
401810036,2025-11-05,2026,2025-11-06T03:00Z,,fourfactors_hl25_b2b_carry25_phase_luck_talent_ft_v6,reconstructed,SAC,GSW,7,8,0,1,-17.376,0.55655,SAC,0.55655,,,,,-145.0,125.0,-140.0,120.0,0.56204,espnbet,121.0,116.0,1.0,-3.5,100.0,-120.0,,,,,,,,,,,,,,,,,,181.0,-290.0,-142.0,114.0,0.55941
401810037,2025-11-06,2026,2025-11-07T02:00Z,,fourfactors_hl25_b2b_carry25_phase_luck_talent_ft_v6,reconstructed,PHO,LAC,8,7,0,0,-10.678,0.51505,PHO,0.51505,,,,,-140.0,120.0,-145.0,125.0,0.57112,espnbet,115.0,102.0,1.0,-2.5,-115.0,-105.0,,,,,,,,,,,,,,,,,,173.0,-306.0,-148.0,124.0,0.575
401809510,2025-11-07,2026,2025-11-08T00:00Z,,fourfactors_hl25_b2b_carry25_phase_luck_talent_ft_v6,reconstructed,ORL,BOS,8,9,0,0,-21.148,0.43108,BOS,0.56892,,,,,-190.0,160.0,-165.0,140.0,0.59909,espnbet,123.0,110.0,1.0,-3.5,-115.0,-105.0,,,,,,,,,,,,,,,,,,-251.0,-251.0,-168.0,134.0,0.59901
401809511,2025-11-07,2026,2025-11-08T00:00Z,,fourfactors_hl25_b2b_carry25_phase_luck_talent_ft_v6,reconstructed,WAS,CLE,8,8,0,0,-48.277,0.24005,CLE,0.75995,,,,,425.0,-650.0,500.0,-800.0,0.15789,espnbet,115.0,148.0,0.0,13.5,-105.0,-115.0,,,,,,,,,,,,,,,,,,229.0,-609.0,625.0,-788.0,0.125
401809512,2025-11-07,2026,2025-11-08T00:30Z,,fourfactors_hl25_b2b_carry25_phase_luck_talent_ft_v6,reconstructed,ATL,TOR,8,8,0,0,7.88,0.65897,ATL,0.65897,,,,,115.0,-135.0,-125.0,105.0,0.53247,espnbet,97.0,109.0,0.0,-2.5,-105.0,-115.0,,,,,,,,,,,,,,,,,,-660.0,-660.0,-131.0,109.0,0.545
401809773,2025-11-07,2026,2025-11-08T00:30Z,,fourfactors_hl25_b2b_carry25_phase_luck_talent_ft_v6,reconstructed,BRK,DET,8,8,0,0,-44.843,0.26083,DET,0.73917,,,,,260.0,-320.0,300.0,-400.0,0.2381,espnbet,107.0,125.0,0.0,10.5,-110.0,-110.0,,,,,,,,,,,,,,,,,,218.0,-719.0,373.0,-489.0,0.19307
401809774,2025-11-07,2026,2025-11-08T00:30Z,,fourfactors_hl25_b2b_carry25_phase_luck_talent_ft_v6,reconstructed,SAS,HOU,7,7,0,0,-9.842,0.52178,SAS,0.52178,,,,,115.0,-135.0,145.0,-170.0,0.3933,espnbet,121.0,110.0,1.0,4.5,-125.0,100.0,,,,,,,,,,,,,,,,,,-660.0,-199.0,140.0,-168.0,0.395
401809775,2025-11-07,2026,2025-11-08T01:00Z,,fourfactors_hl25_b2b_carry25_phase_luck_talent_ft_v6,reconstructed,MIA,CHO,8,8,0,0,29.855,0.79696,MIA,0.79696,,,,,-240.0,200.0,-250.0,210.0,0.68889,espnbet,126.0,108.0,1.0,-7.5,-115.0,-105.0,,,,,,,,,,,,,,,,,,-719.0,-660.0,-276.0,229.0,0.715
401809776,2025-11-07,2026,2025-11-08T01:00Z,,fourfactors_hl25_b2b_carry25_phase_luck_talent_ft_v6,reconstructed,MEM,DAL,9,8,0,0,6.997,0.65254,MEM,0.65254,,,,,-155.0,135.0,-175.0,150.0,0.61404,espnbet,118.0,104.0,1.0,-4.5,-110.0,-110.0,,,,,,,,,,,,,,,,,,-660.0,-660.0,-183.0,152.0,0.625
401809777,2025-11-07,2026,2025-11-08T01:00Z,,fourfactors_hl25_b2b_carry25_phase_luck_talent_ft_v6,reconstructed,MIL,CHI,8,7,0,0,5.354,0.64043,MIL,0.64043,,,,,-190.0,160.0,-170.0,145.0,0.6067,espnbet,126.0,110.0,1.0,-4.5,-110.0,-115.0,,,,,,,,,,,,,,,,,,-660.0,-660.0,-175.0,146.0,0.615
401809778,2025-11-07,2026,2025-11-08T01:00Z,,fourfactors_hl25_b2b_carry25_phase_luck_talent_ft_v6,reconstructed,MIN,UTA,8,8,0,0,36.406,0.82901,MIN,0.82901,,,,,-1200.0,700.0,-750.0,475.0,0.83535,espnbet,137.0,97.0,1.0,-12.5,-110.0,-110.0,,,,,,,,,,,,,,,,,,-660.0,-660.0,-564.0,456.0,0.835
401809779,2025-11-07,2026,2025-11-08T03:00Z,,fourfactors_hl25_b2b_carry25_phase_luck_talent_ft_v6,reconstructed,DEN,GSW,7,9,0,0,11.776,0.68661,DEN,0.68661,,,,,-195.0,165.0,-450.0,340.0,0.78261,espnbet,129.0,104.0,1.0,-9.5,-110.0,-110.0,,,,,,,,,,,,,,,,,,-290.0,-564.0,-430.0,351.0,0.795
401809780,2025-11-07,2026,2025-11-08T03:00Z,,fourfactors_hl25_b2b_carry25_phase_luck_talent_ft_v6,reconstructed,SAC,OKC,8,9,0,0,-39.228,0.29723,OKC,0.70277,,,,,300.0,-400.0,450.0,-700.0,0.17204,espnbet,101.0,132.0,0.0,11.5,-105.0,-115.0,,,,,,,,,,,,,,,,,,-381.0,-660.0,425.0,-564.0,0.17327
401810038,2025-11-08,2026,2025-11-09T00:00Z,,fourfactors_hl25_b2b_carry25_phase_luck_talent_ft_v6,reconstructed,WAS,DAL,9,9,1,1,-19.912,0.44088,DAL,0.55912,,,,,145.0,-170.0,155.0,-185.0,0.37661,espnbet,105.0,111.0,0.0,4.5,-110.0,-110.0,,,,,,,,,,,,,,,,,,-564.0,-489.0,140.0,-175.0,0.39109
401810039,2025-11-08,2026,2025-11-09T00:30Z,,fourfactors_hl25_b2b_carry25_phase_luck_talent_ft_v6,reconstructed,PHI,TOR,8,9,0,1,-7.428,0.63367,PHI,0.63367,,,,,-195.0,165.0,-195.0,165.0,0.63659,espnbet,130.0,120.0,1.0,-5.5,-105.0,-115.0,,,,,,,,,,,,,,,,,,-660.0,-660.0,-199.0,159.0,0.64179
401810040,2025-11-08,2026,2025-11-09T01:00Z,,fourfactors_hl25_b2b_carry25_phase_luck_talent_ft_v6,reconstructed,ATL,LAL,9,9,1,0,-4.831,0.46649,LAL,0.53351,,,,,140.0,-165.0,190.0,-225.0,0.33248,espnbet,122.0,102.0,1.0,5.5,-110.0,-110.0,,,,,,,,,,,,,,,,,,-381.0,-564.0,189.0,-228.0,0.325
401810041,2025-11-08,2026,2025-11-09T01:00Z,,fourfactors_hl25_b2b_carry25_phase_luck_talent_ft_v6,reconstructed,CLE,CHI,9,8,1,1,11.533,0.68492,CLE,0.68492,,,,,-300.0,250.0,-380.0,290.0,0.75535,espnbet,128.0,122.0,1.0,-8.5,-115.0,-105.0,,,,,,,,,,,,,,,,,,-660.0,-660.0,-360.0,266.0,0.75
401810042,2025-11-08,2026,2025-11-09T01:00Z,,fourfactors_hl25_b2b_carry25_phase_luck_talent_ft_v6,reconstructed,MIA,POR,9,8,1,0,15.797,0.62972,MIA,0.62972,,,,,130.0,-150.0,140.0,-165.0,0.40091,espnbet,136.0,131.0,1.0,3.5,-110.0,-110.0,,,,,,,,,,,,,,,,,,-660.0,-564.0,140.0,-168.0,0.395
401810043,2025-11-08,2026,2025-11-09T01:00Z,,fourfactors_hl25_b2b_carry25_phase_luck_talent_ft_v6,reconstructed,SAS,NOP,8,8,1,0,38.873,0.78163,SAS,0.78163,,,,,-600.0,400.0,-650.0,425.0,0.81982,espnbet,126.0,119.0,1.0,-11.5,-110.0,-110.0,,,,,,,,,,,,,,,,,,-430.0,-660.0,-564.0,456.0,0.835
401810044,2025-11-08,2026,2025-11-09T02:00Z,,fourfactors_hl25_b2b_carry25_phase_luck_talent_ft_v6,reconstructed,DEN,IND,8,8,1,0,28.703,0.72056,DEN,0.72056,,,,,-650.0,425.0,-450.0,340.0,0.78261,espnbet,117.0,100.0,1.0,-9.5,-110.0,-110.0,,,,,,,,,,,,,,,,,,-660.0,-322.0,-458.0,373.0,0.805
401810045,2025-11-08,2026,2025-11-09T03:30Z,,fourfactors_hl25_b2b_carry25_phase_luck_talent_ft_v6,reconstructed,LAC,PHO,8,9,0,0,7.597,0.65691,LAC,0.65691,,,,,-165.0,140.0,-190.0,160.0,0.6301,espnbet,103.0,114.0,0.0,-4.5,-110.0,-110.0,,,,,,,,,,,,,,,,,,-660.0,-609.0,-183.0,152.0,0.625
401810046,2025-11-09,2026,2025-11-09T20:30Z,,fourfactors_hl25_b2b_carry25_phase_luck_talent_ft_v6,reconstructed,MIL,HOU,9,8,0,0,-2.999,0.57636,MIL,0.57636,,,,,130.0,-150.0,150.0,-175.0,0.38596,espnbet,115.0,122.0,0.0,3.5,-105.0,-115.0,,,,,,,,,,,,,,,,,,-609.0,-660.0,134.0,-168.0,0.40099
401810047,2025-11-09,2026,2025-11-09T23:00Z,,fourfactors_hl25_b2b_carry25_phase_luck_talent_ft_v6,reconstructed,NYK,BRK,8,9,0,0,41.97,0.85297,NYK,0.85297,,,,,-1800.0,900.0,-1400.0,750.0,0.88806,espnbet,134.0,98.0,1.0,-15.5,-110.0,-110.0,,,,,,,,,,,,,,,,,,-660.0,-239.0,-1087.0,841.0,0.905
401810048,2025-11-09,2026,2025-11-09T23:00Z,,fourfactors_hl25_b2b_carry25_phase_luck_talent_ft_v6,reconstructed,ORL,BOS,9,10,0,0,-13.175,0.49492,BOS,0.50508,,,,,-165.0,140.0,-155.0,135.0,0.58821,espnbet,107.0,111.0,0.0,-3.5,-110.0,-110.0,,,,,,,,,,,,,,,,,,-660.0,-609.0,-161.0,134.0,0.595
401810049,2025-11-09,2026,2025-11-09T23:00Z,,fourfactors_hl25_b2b_carry25_phase_luck_talent_ft_avail_v6,reconstructed,MEM,OKC,10,10,0,0,-56.197,0.16792,OKC,0.83208,,,,,380.0,-550.0,360.0,-500.0,0.2069,espnbet,100.0,114.0,0.0,10.5,-110.0,-110.0,,,,,,,,,,,,,,,,,,-660.0,-660.0,398.0,-489.0,0.185
401810050,2025-11-09,2026,2025-11-10T00:30Z,,fourfactors_hl25_b2b_carry25_phase_luck_talent_ft_v6,reconstructed,PHI,DET,9,9,1,0,-20.438,0.3458,DET,0.6542,,,,,120.0,-140.0,165.0,-195.0,0.36341,espnbet,108.0,111.0,0.0,4.5,-105.0,-115.0,,,,,,,,,,,,,,,,,,-660.0,-660.0,146.0,-183.0,0.38119
401810051,2025-11-09,2026,2025-11-10T01:30Z,,fourfactors_hl25_b2b_carry25_phase_luck_talent_ft_v6,reconstructed,GSW,IND,10,9,0,1,9.36,0.74828,GSW,0.74828,,,,,-800.0,500.0,-650.0,425.0,0.81982,espnbet,114.0,83.0,1.0,-13.5,-105.0,-115.0,,,,,,,,,,,,,,,,,,-660.0,-660.0,-609.0,456.0,0.8408
401810052,2025-11-09,2026,2025-11-10T02:00Z,,fourfactors_hl25_b2b_carry25_phase_luck_talent_ft_v6,reconstructed,SAC,MIN,9,9,0,0,-30.186,0.36148,MIN,0.63852,,,,,190.0,-225.0,165.0,-195.0,0.36341,espnbet,117.0,144.0,0.0,4.5,-110.0,-110.0,,,,,,,,,,,,,,,,,,-660.0,-660.0,166.0,-199.0,0.355
401810053,2025-11-10,2026,2025-11-11T00:00Z,,fourfactors_hl25_b2b_carry25_phase_luck_talent_ft_v6,reconstructed,CHO,LAL,9,10,0,0,-26.171,0.39187,LAL,0.60813,,,,,225.0,-275.0,270.0,-340.0,0.25913,espnbet,111.0,121.0,0.0,8.5,-110.0,-110.0,,,,,,,,,,,,,,,,,,-306.0,-489.0,296.0,-360.0,0.23618
401810054,2025-11-10,2026,2025-11-11T00:00Z,,fourfactors_hl25_b2b_carry25_phase_luck_talent_ft_avail_v6,reconstructed,DET,WAS,10,10,1,0,64.722,0.83763,DET,0.83763,,,,,-1200.0,700.0,-600.0,400.0,0.81081,espnbet,137.0,135.0,1.0,-10.5,-115.0,-105.0,,,,,,,,,,,,,,,,,,-660.0,-381.0,-489.0,398.0,0.8191
401810055,2025-11-10,2026,2025-11-11T00:00Z,,fourfactors_hl25_b2b_carry25_phase_luck_talent_ft_v6,reconstructed,ORL,POR,10,9,1,0,4.425,0.54098,ORL,0.54098,,,,,-135.0,115.0,-125.0,105.0,0.53247,espnbet,115.0,112.0,1.0,-2.5,-105.0,-115.0,,,,,,,,,,,,,,,,,,-458.0,-660.0,-131.0,105.0,0.5396
401810056,2025-11-10,2026,2025-11-11T00:30Z,,fourfactors_hl25_b2b_carry25_phase_luck_talent_ft_avail_v6,reconstructed,MIA,CLE,10,10,0,0,9.288,0.41324,CLE,0.58676,,,,,200.0,-240.0,250.0,-300.0,0.27586,espnbet,140.0,138.0,1.0,7.5,-110.0,-110.0,,,,,,,,,,,,,,,,,,-660.0,-404.0,240.0,-306.0,0.27228
401810057,2025-11-10,2026,2025-11-11T01:00Z,,fourfactors_hl25_b2b_carry25_phase_luck_talent_ft_v6,reconstructed,CHI,SAS,9,9,0,0,-8.845,0.52979,CHI,0.52979,,,,,140.0,-165.0,170.0,-200.0,0.35714,espnbet,117.0,121.0,0.0,5.5,-115.0,-105.0,,,,,,,,,,,,,,,,,,-660.0,-660.0,166.0,-199.0,0.355
401810058,2025-11-10,2026,2025-11-11T01:30Z,,fourfactors_hl25_b2b_carry25_phase_luck_talent_ft_avail_v6,reconstructed,DAL,MIL,10,10,0,1,-33.038,0.36532,MIL,0.63468,,,,,115.0,-135.0,140.0,-165.0,0.40091,espnbet,114.0,116.0,0.0,3.5,-110.0,-110.0,,,,,,,,,,,,,,,,,,105.0,-564.0,140.0,-168.0,0.395
401810059,2025-11-10,2026,2025-11-11T02:00Z,,fourfactors_hl25_b2b_carry25_phase_luck_talent_ft_v6,reconstructed,PHO,NOP,10,9,0,0,21.992,0.75284,PHO,0.75284,,,,,-230.0,195.0,-360.0,280.0,0.74836,espnbet,121.0,98.0,1.0,-7.5,-115.0,-105.0,,,,,,,,,,,,,,,,,,-660.0,-609.0,-340.0,280.0,0.755
401810060,2025-11-10,2026,2025-11-11T02:00Z,,fourfactors_hl25_b2b_carry25_phase_luck_talent_ft_v6,reconstructed,UTA,MIN,9,10,0,1,-52.147,0.29024,MIN,0.70976,,,,,250.0,-300.0,240.0,-290.0,0.28343,espnbet,113.0,120.0,0.0,7.5,-110.0,-110.0,,,,,,,,,,,,,,,,,,-609.0,-609.0,240.0,-290.0,0.275
401810061,2025-11-10,2026,2025-11-11T03:30Z,,fourfactors_hl25_b2b_carry25_phase_luck_talent_ft_v6,reconstructed,LAC,ATL,9,10,0,0,-3.889,0.56933,LAC,0.56933,,,,,-170.0,145.0,-185.0,155.0,0.62339,espnbet,102.0,105.0,0.0,-4.5,-110.0,-110.0,,,,,,,,,,,,,,,,,,-660.0,101.0,-191.0,159.0,0.635
401810062,2025-11-11,2026,2025-11-12T00:30Z,,fourfactors_hl25_b2b_carry25_phase_luck_talent_ft_avail_v6,reconstructed,BRK,TOR,10,10,0,0,-55.045,0.30085,TOR,0.69915,,,,,360.0,-500.0,360.0,-500.0,0.2069,espnbet,109.0,119.0,0.0,9.5,-105.0,-115.0,,,,,,,,,,,,,,,,,,-306.0,-660.0,331.0,-404.0,0.215
401810063,2025-11-11,2026,2025-11-12T00:30Z,,fourfactors_hl25_b2b_carry25_phase_luck_talent_ft_v6,reconstructed,NYK,MEM,9,11,0,0,22.21,0.75414,NYK,0.75414,,,,,-425.0,320.0,-500.0,360.0,0.7931,espnbet,133.0,120.0,1.0,-10.5,-105.0,-115.0,,,,,,,,,,,,,,,,,,-660.0,-660.0,-458.0,351.0,0.801
401810064,2025-11-11,2026,2025-11-12T01:00Z,,fourfactors_hl25_b2b_carry25_phase_luck_talent_ft_avail_v6,reconstructed,PHI,BOS,10,11,0,0,-6.414,0.43054,BOS,0.56946,,,,,-130.0,110.0,110.0,-130.0,0.45726,espnbet,102.0,100.0,1.0,1.5,-105.0,-115.0,,,,,,,,,,,,,,,,,,-660.0,-322.0,101.0,-126.0,0.4703
401810065,2025-11-11,2026,2025-11-12T01:00Z,,fourfactors_hl25_b2b_carry25_phase_luck_talent_ft_avail_v6,reconstructed,OKC,GSW,11,11,0,0,29.303,0.84237,OKC,0.84237,,,,,-320.0,260.0,-340.0,270.0,0.74087,espnbet,126.0,102.0,1.0,-7.5,-115.0,-105.0,,,,,,,,,,,,,,,,,,-660.0,-489.0,-306.0,252.0,0.735
401810066,2025-11-11,2026,2025-11-12T02:00Z,,fourfactors_hl25_b2b_carry25_phase_luck_talent_ft_avail_v6,reconstructed,UTA,IND,10,10,1,0,4.856,0.52074,UTA,0.52074,,,,,110.0,-130.0,120.0,-140.0,0.43796,espnbet,152.0,128.0,1.0,2.5,-110.0,-110.0,,,,,,,,,,,,,,,,,,-489.0,-489.0,109.0,-131.0,0.455
401810067,2025-11-11,2026,2025-11-12T04:00Z,,fourfactors_hl25_b2b_carry25_phase_luck_talent_ft_v6,reconstructed,SAC,DEN,10,9,0,0,-39.093,0.29813,DEN,0.70187,,,,,225.0,-275.0,290.0,-380.0,0.24465,espnbet,108.0,122.0,0.0,8.5,-110.0,-110.0,,,,,,,,,,,,,,,,,,-660.0,-430.0,280.0,-340.0,0.245
401810068,2025-11-12,2026,2025-11-13T00:00Z,,fourfactors_hl25_b2b_carry25_phase_luck_talent_ft_avail_v6,reconstructed,CHO,MIL,10,11,0,0,-25.121,0.51242,CHO,0.51242,,,,,170.0,-200.0,125.0,-145.0,0.42888,espnbet,111.0,100.0,1.0,2.5,-110.0,-110.0,,,,,,,,,,,,,,,,,,173.0,-381.0,129.0,-148.0,0.41919
401810069,2025-11-12,2026,2025-11-13T00:00Z,,fourfactors_hl25_b2b_carry25_phase_luck_talent_ft_avail_v6,reconstructed,DET,CHI,11,10,0,0,17.556,0.55025,DET,0.55025,,,,,-190.0,160.0,130.0,-150.0,0.42017,espnbet,124.0,113.0,1.0,3.5,-110.0,-110.0,,,,,,,,,,,,,,,,,,-525.0,124.0,119.0,-142.0,0.435
401810070,2025-11-12,2026,2025-11-13T00:00Z,,fourfactors_hl25_b2b_carry25_phase_luck_talent_ft_avail_v6,reconstructed,NYK,ORL,10,11,1,0,17.827,0.65116,NYK,0.65116,,,,,-165.0,140.0,-185.0,155.0,0.62339,espnbet,107.0,124.0,0.0,-3.5,-120.0,100.0,,,,,,,,,,,,,,,,,,-430.0,146.0,-183.0,146.0,0.62189
401810071,2025-11-12,2026,2025-11-13T00:30Z,,fourfactors_hl25_b2b_carry25_phase_luck_talent_ft_avail_v6,reconstructed,BOS,MEM,12,12,1,1,30.338,0.74199,BOS,0.74199,,,,,-240.0,200.0,-290.0,240.0,0.71657,espnbet,131.0,95.0,1.0,-8.5,-105.0,-115.0,,,,,,,,,,,,,,,,,,-218.0,-360.0,-322.0,252.0,0.73762
401810072,2025-11-12,2026,2025-11-13T00:30Z,,fourfactors_hl25_b2b_carry25_phase_luck_talent_ft_avail_v6,reconstructed,MIA,CLE,11,11,0,0,5.151,0.50686,MIA,0.50686,,,,,-225.0,190.0,-190.0,160.0,0.6301,espnbet,116.0,130.0,0.0,-4.5,-115.0,-105.0,,,,,,,,,,,,,,,,,,146.0,-381.0,-191.0,159.0,0.635
401810073,2025-11-12,2026,2025-11-13T01:00Z,,fourfactors_hl25_b2b_carry25_phase_luck_talent_ft_v6,reconstructed,HOU,WAS,9,11,0,0,50.758,0.88509,HOU,0.88509,,,,,-2000.0,1000.0,-2000.0,1000.0,0.91286,espnbet,135.0,112.0,1.0,-17.5,-105.0,-115.0,,,,,,,,,,,,,,,,,,-719.0,331.0,-1236.0,945.0,0.915
401810074,2025-11-12,2026,2025-11-13T01:00Z,,fourfactors_hl25_b2b_carry25_phase_luck_talent_ft_avail_v6,reconstructed,NOP,POR,10,10,0,0,-30.457,0.28317,POR,0.71683,,,,,250.0,-300.0,280.0,-360.0,0.25164,espnbet,117.0,125.0,0.0,8.5,-110.0,-110.0,,,,,,,,,,,,,,,,,,189.0,-525.0,280.0,-340.0,0.245
401810075,2025-11-12,2026,2025-11-13T01:00Z,,fourfactors_hl25_b2b_carry25_phase_luck_talent_ft_avail_v6,reconstructed,SAS,GSW,10,12,0,1,26.057,0.78843,SAS,0.78843,,,,,-185.0,155.0,-165.0,140.0,0.59909,espnbet,120.0,125.0,0.0,-3.5,-110.0,-110.0,,,,,,,,,,,,,,,,,,-609.0,140.0,-168.0,140.0,0.605
401810076,2025-11-12,2026,2025-11-13T01:30Z,,fourfactors_hl25_b2b_carry25_phase_luck_talent_ft_avail_v6,reconstructed,DAL,PHO,11,11,0,0,-22.666,0.35828,PHO,0.64172,,,,,-120.0,100.0,110.0,-130.0,0.45726,espnbet,114.0,123.0,0.0,1.5,-105.0,-115.0,,,,,,,,,,,,,,,,,,-360.0,-381.0,109.0,-131.0,0.455
401810077,2025-11-12,2026,2025-11-13T02:47Z,,fourfactors_hl25_b2b_carry25_phase_luck_talent_ft_avail_v6,reconstructed,OKC,LAL,12,11,1,0,31.917,0.71119,OKC,0.71119,,,,,-250.0,210.0,-320.0,260.0,0.73282,espnbet,121.0,92.0,1.0,-8.5,-110.0,-110.0,,,,,,,,,,,,,,,,,,-719.0,-525.0,-322.0,252.0,0.73762
401810078,2025-11-12,2026,2025-11-13T03:00Z,,fourfactors_hl25_b2b_carry25_phase_luck_talent_ft_avail_v6,reconstructed,SAC,ATL,11,11,1,0,-29.523,0.31326,ATL,0.68674,,,,,140.0,-165.0,150.0,-175.0,0.38596,espnbet,100.0,133.0,0.0,4.5,-120.0,100.0,,,,,,,,,,,,,,,,,,-404.0,-458.0,152.0,-183.0,0.375
401810079,2025-11-12,2026,2025-11-13T03:30Z,,fourfactors_hl25_b2b_carry25_phase_luck_talent_ft_avail_v6,reconstructed,LAC,DEN,10,10,0,1,-43.322,0.43068,DEN,0.56932,,,,,110.0,-130.0,165.0,-195.0,0.36341,espnbet,116.0,130.0,0.0,4.5,-110.0,-110.0,,,,,,,,,,,,,,,,,,-660.0,-381.0,166.0,-199.0,0.355
401810080,2025-11-13,2026,2025-11-14T00:00Z,,fourfactors_hl25_b2b_carry25_phase_luck_talent_ft_avail_v6,reconstructed,CLE,TOR,12,11,1,0,3.021,0.46117,TOR,0.53883,,,,,-270.0,220.0,-250.0,210.0,0.68889,espnbet,113.0,126.0,0.0,-7.5,-105.0,-115.0,,,,,,,,,,,,,,,,,,-290.0,198.0,-276.0,229.0,0.715
401810081,2025-11-13,2026,2025-11-14T02:00Z,,fourfactors_hl25_b2b_carry25_phase_luck_talent_ft_avail_v6,reconstructed,PHO,IND,12,11,1,0,40.873,0.71708,PHO,0.71708,,,,,-190.0,160.0,-170.0,145.0,0.6067,espnbet,133.0,98.0,1.0,-3.5,-105.0,-115.0,,,,,,,,,,,,,,,,,,-404.0,266.0,-175.0,146.0,0.615
401810082,2025-11-13,2026,2025-11-14T02:00Z,,fourfactors_hl25_b2b_carry25_phase_luck_talent_ft_avail_v6,reconstructed,UTA,ATL,11,12,0,1,-32.158,0.34933,ATL,0.65067,,,,,105.0,-125.0,110.0,-130.0,0.45726,espnbet,122.0,132.0,0.0,1.5,-105.0,-115.0,,,,,,,,,,,,,,,,,,114.0,-161.0,105.0,-126.0,0.465
401809781,2025-11-14,2026,2025-11-15T00:00Z,,fourfactors_hl25_b2b_carry25_phase_luck_talent_ft_avail_v6,reconstructed,NYK,MIA,11,12,0,0,-1.213,0.70765,NYK,0.70765,,,,,-185.0,155.0,-240.0,200.0,0.67925,espnbet,140.0,132.0,1.0,-6.5,-110.0,-110.0,,,,,,,,,,,,,,,,,,-263.0,173.0,-239.0,198.0,0.685
401809782,2025-11-14,2026,2025-11-15T00:00Z,,fourfactors_hl25_b2b_carry25_phase_luck_talent_ft_avail_v6,reconstructed,ORL,BRK,12,11,0,0,53.836,0.85168,ORL,0.85168,,,,,-1000.0,600.0,-1000.0,600.0,0.8642,espnbet,105.0,98.0,1.0,-14.5,-105.0,-115.0,,,,,,,,,,,,,,,,,,-489.0,266.0,-869.0,685.0,0.885
401809783,2025-11-14,2026,2025-11-15T00:30Z,,fourfactors_hl25_b2b_carry25_phase_luck_talent_ft_avail_v6,reconstructed,DET,PHI,12,11,0,0,14.185,0.52245,DET,0.52245,,,,,-225.0,190.0,-120.0,100.0,0.52174,espnbet,114.0,105.0,1.0,-1.5,100.0,-125.0,,,,,,,,,,,,,,,,,,-263.0,181.0,-116.0,-103.0,0.515
401809784,2025-11-14,2026,2025-11-15T01:00Z,,fourfactors_hl25_b2b_carry25_phase_luck_talent_ft_avail_v6,reconstructed,HOU,POR,10,11,0,0,27.093,0.80442,HOU,0.80442,,,,,-320.0,260.0,-300.0,250.0,0.72414,espnbet,140.0,116.0,1.0,-7.5,-110.0,-110.0,,,,,,,,,,,,,,,,,,-322.0,218.0,-306.0,252.0,0.735
401809785,2025-11-14,2026,2025-11-15T01:00Z,,fourfactors_hl25_b2b_carry25_phase_luck_talent_ft_avail_v6,reconstructed,MIL,CHO,12,11,0,0,23.069,0.5856,MIL,0.5856,,,,,-500.0,360.0,-400.0,300.0,0.7619,espnbet,147.0,134.0,1.0,-9.5,-110.0,-110.0,,,,,,,,,,,,,,,,,,-660.0,-660.0,-381.0,296.0,0.76733
401809786,2025-11-14,2026,2025-11-15T01:00Z,,fourfactors_hl25_b2b_carry25_phase_luck_talent_ft_avail_v6,reconstructed,MIN,SAC,11,12,0,0,54.909,0.86288,MIN,0.86288,,,,,-700.0,450.0,-700.0,450.0,0.82796,espnbet,124.0,110.0,1.0,-11.5,-115.0,-105.0,,,,,,,,,,,,,,,,,,-430.0,252.0,-525.0,425.0,0.825
401809787,2025-11-14,2026,2025-11-15T01:00Z,,fourfactors_hl25_b2b_carry25_phase_luck_talent_ft_avail_v6,reconstructed,NOP,LAL,11,12,0,0,-29.554,0.2216,LAL,0.7784,,,,,360.0,-500.0,360.0,-500.0,0.2069,espnbet,104.0,118.0,0.0,9.5,-105.0,-115.0,,,,,,,,,,,,,,,,,,208.0,-306.0,373.0,-489.0,0.19307
401809788,2025-11-14,2026,2025-11-15T01:30Z,,fourfactors_hl25_b2b_carry25_phase_luck_talent_ft_avail_v6,reconstructed,DAL,LAC,12,11,0,0,-4.579,0.37217,LAC,0.62783,,,,,145.0,-170.0,145.0,-170.0,0.3933,espnbet,127.0,133.0,0.0,3.5,-110.0,-110.0,,,,,,,,,,,,,,,,,,109.0,-199.0,134.0,-161.0,0.405
401809789,2025-11-14,2026,2025-11-15T02:30Z,,fourfactors_hl25_b2b_carry25_phase_luck_talent_ft_avail_v6,reconstructed,SAS,GSW,11,13,0,0,21.929,0.69098,SAS,0.69098,,,,,-140.0,120.0,-140.0,120.0,0.56204,espnbet,108.0,109.0,0.0,-2.5,-115.0,-105.0,,,,,,,,,,,,,,,,,,-609.0,-609.0,-148.0,124.0,0.575
401810083,2025-11-15,2026,2025-11-15T22:00Z,,fourfactors_hl25_b2b_carry25_phase_luck_talent_ft_avail_v6,reconstructed,CLE,MEM,13,13,0,0,39.426,0.85356,CLE,0.85356,,,,,-425.0,320.0,-550.0,380.0,0.80243,espnbet,108.0,100.0,1.0,-10.5,-110.0,-110.0,,,,,,,,,,,,,,,,,,-404.0,266.0,-458.0,398.0,0.81313
401810084,2025-11-15,2026,2025-11-16T00:00Z,,fourfactors_hl25_b2b_carry25_phase_luck_talent_ft_avail_v6,reconstructed,CHO,OKC,12,13,1,0,-52.049,0.11749,OKC,0.88251,,,,,900.0,-1800.0,1100.0,-2500.0,0.07975,espnbet,96.0,109.0,0.0,17.5,-110.0,-110.0,,,,,,,,,,,,,,,,,,490.0,-609.0,945.0,-1236.0,0.085
401810085,2025-11-15,2026,2025-11-16T00:00Z,,fourfactors_hl25_b2b_carry25_phase_luck_talent_ft_avail_v6,reconstructed,IND,TOR,12,12,0,0,-54.812,0.24712,TOR,0.75288,,,,,195.0,-230.0,200.0,-240.0,0.32075,espnbet,111.0,129.0,0.0,6.5,-110.0,-110.0,,,,,,,,,,,,,,,,,,146.0,-199.0,218.0,-263.0,0.295
401810086,2025-11-15,2026,2025-11-16T01:00Z,,fourfactors_hl25_b2b_carry25_phase_luck_talent_ft_avail_v6,reconstructed,MIL,LAL,13,13,1,1,13.353,0.5683,MIL,0.5683,,,,,-105.0,-115.0,-125.0,105.0,0.53247,espnbet,95.0,119.0,0.0,-1.5,-115.0,-105.0,,,,,,,,,,,,,,,,,,105.0,-154.0,-131.0,105.0,0.5396
401810087,2025-11-15,2026,2025-11-16T01:00Z,,fourfactors_hl25_b2b_carry25_phase_luck_talent_ft_avail_v6,reconstructed,MIN,DEN,12,11,1,0,-10.111,0.50124,MIN,0.50124,,,,,-120.0,100.0,100.0,-120.0,0.47826,espnbet,112.0,123.0,0.0,1.5,-120.0,100.0,,,,,,,,,,,,,,,,,,119.0,-161.0,-112.0,-121.0,0.48529
401810088,2025-11-16,2026,2025-11-16T20:30Z,,fourfactors_hl25_b2b_carry25_phase_luck_talent_ft_avail_v6,reconstructed,BOS,LAC,13,12,0,0,28.557,0.67379,BOS,0.67379,,,,,-195.0,165.0,-215.0,180.0,0.65649,espnbet,121.0,118.0,1.0,-5.5,-110.0,-110.0,,,,,,,,,,,,,,,,,,-239.0,159.0,-218.0,181.0,0.665
401810089,2025-11-16,2026,2025-11-16T21:00Z,,fourfactors_hl25_b2b_carry25_phase_luck_talent_ft_avail_v6,reconstructed,SAS,SAC,12,13,0,0,51.337,0.84659,SAS,0.84659,,,,,-225.0,190.0,-240.0,200.0,0.67925,espnbet,123.0,110.0,1.0,-6.5,-110.0,-110.0,,,,,,,,,,,,,,,,,,-430.0,266.0,-239.0,208.0,0.69192
401810090,2025-11-16,2026,2025-11-16T23:00Z,,fourfactors_hl25_b2b_carry25_phase_luck_talent_ft_avail_v6,reconstructed,WAS,BRK,12,12,0,0,7.013,0.5398,WAS,0.5398,,,,,-170.0,145.0,-135.0,115.0,0.55259,espnbet,106.0,129.0,0.0,-2.5,-110.0,-110.0,,,,,,,,,,,,,,,,,,-161.0,109.0,-148.0,119.0,0.56931
401810091,2025-11-16,2026,2025-11-17T00:00Z,,fourfactors_hl25_b2b_carry25_phase_luck_talent_ft_avail_v6,reconstructed,HOU,ORL,11,13,0,0,27.582,0.79116,HOU,0.79116,,,,,-320.0,260.0,-300.0,250.0,0.72414,espnbet,117.0,113.0,1.0,-7.5,-115.0,-105.0,,,,,,,,,,,,,,,,,,-306.0,208.0,-340.0,266.0,0.74752
401810092,2025-11-16,2026,2025-11-17T00:00Z,,fourfactors_hl25_b2b_carry25_phase_luck_talent_ft_avail_v6,reconstructed,NOP,GSW,12,14,0,0,-35.524,0.18126,GSW,0.81874,,,,,360.0,-500.0,380.0,-550.0,0.19757,espnbet,106.0,124.0,0.0,11.5,-115.0,-105.0,,,,,,,,,,,,,,,,,,266.0,-489.0,425.0,-525.0,0.175
401810093,2025-11-16,2026,2025-11-17T00:30Z,,fourfactors_hl25_b2b_carry25_phase_luck_talent_ft_avail_v6,reconstructed,DAL,POR,13,12,0,0,-12.375,0.47138,POR,0.52862,,,,,145.0,-170.0,130.0,-150.0,0.42017,espnbet,138.0,133.0,1.0,2.5,-105.0,-115.0,,,,,,,,,,,,,,,,,,119.0,-228.0,129.0,-161.0,0.41089
401810094,2025-11-16,2026,2025-11-17T01:00Z,,fourfactors_hl25_b2b_carry25_phase_luck_talent_ft_avail_v6,reconstructed,PHO,ATL,13,13,0,0,1.156,0.51425,PHO,0.51425,,,,,105.0,-125.0,-120.0,100.0,0.52174,espnbet,122.0,124.0,0.0,-1.5,-110.0,-110.0,,,,,,,,,,,,,,,,,,-126.0,-112.0,-121.0,-103.0,0.51741
401810095,2025-11-16,2026,2025-11-17T01:00Z,,fourfactors_hl25_b2b_carry25_phase_luck_talent_ft_avail_v6,reconstructed,UTA,CHI,12,11,0,0,-17.961,0.37598,CHI,0.62402,,,,,170.0,-200.0,165.0,-195.0,0.36341,espnbet,150.0,147.0,1.0,4.5,-110.0,-110.0,,,,,,,,,,,,,,,,,,129.0,-228.0,152.0,-199.0,0.36946
401810096,2025-11-17,2026,2025-11-18T00:00Z,,fourfactors_hl25_b2b_carry25_phase_luck_talent_ft_avail_v6,reconstructed,CLE,MIL,14,14,0,0,0.865,0.68945,CLE,0.68945,,,,,-270.0,220.0,-240.0,200.0,0.67925,espnbet,118.0,106.0,1.0,-5.5,-115.0,-105.0,,,,,,,,,,,,,,,,,,-381.0,198.0,-239.0,198.0,0.685
401810097,2025-11-17,2026,2025-11-18T00:00Z,,fourfactors_hl25_b2b_carry25_phase_luck_talent_ft_avail_v6,reconstructed,DET,IND,13,13,0,0,63.615,0.82461,DET,0.82461,,,,,-380.0,290.0,-340.0,270.0,0.74087,espnbet,127.0,112.0,1.0,-8.5,-105.0,-115.0,,,,,,,,,,,,,,,,,,-489.0,296.0,-322.0,266.0,0.745
401810098,2025-11-17,2026,2025-11-18T00:00Z,,fourfactors_hl25_b2b_carry25_phase_luck_talent_ft_avail_v6,reconstructed,PHI,LAC,12,13,0,1,14.642,0.59454,PHI,0.59454,,,,,-190.0,160.0,-200.0,170.0,0.64286,espnbet,110.0,108.0,1.0,-5.5,-110.0,-110.0,,,,,,,,,,,,,,,,,,-218.0,152.0,-199.0,166.0,0.645
401810099,2025-11-17,2026,2025-11-18T00:30Z,,fourfactors_hl25_b2b_carry25_phase_luck_talent_ft_avail_v6,reconstructed,MIA,NYK,13,12,0,0,-2.469,0.44315,NYK,0.55685,,,,,-125.0,105.0,-110.0,-110.0,0.5,espnbet,115.0,113.0,1.0,-1.5,100.0,-120.0,,,,,,,,,,,,,,,,,,-126.0,-121.0,-116.0,-107.0,0.51244
401810100,2025-11-17,2026,2025-11-18T00:30Z,,fourfactors_hl25_b2b_carry25_phase_luck_talent_ft_avail_v6,reconstructed,TOR,CHO,13,13,0,0,36.537,0.7235,TOR,0.7235,,,,,-290.0,240.0,-320.0,260.0,0.73282,espnbet,110.0,108.0,1.0,-7.5,-110.0,-110.0,,,,,,,,,,,,,,,,,,-458.0,266.0,-360.0,280.0,0.75743
401810101,2025-11-17,2026,2025-11-18T01:00Z,,fourfactors_hl25_b2b_carry25_phase_luck_talent_ft_avail_v6,reconstructed,MIN,DAL,13,14,0,1,30.0,0.87891,MIN,0.87891,,,,,-1000.0,600.0,-900.0,550.0,0.85401,espnbet,120.0,96.0,1.0,-13.5,-115.0,-105.0,,,,,,,,,,,,,,,,,,-564.0,351.0,-869.0,625.0,0.87624
401810102,2025-11-17,2026,2025-11-18T01:00Z,,fourfactors_hl25_b2b_carry25_phase_luck_talent_ft_avail_v6,reconstructed,NOP,OKC,13,14,1,0,-73.239,0.04992,OKC,0.95008,,,,,1200.0,-3000.0,1300.0,-4000.0,0.06822,espnbet,109.0,126.0,0.0,18.5,-105.0,-115.0,,,,,,,,,,,,,,,,,,574.0,-719.0,1241.0,-1684.0,0.065
401810103,2025-11-17,2026,2025-11-18T02:00Z,,fourfactors_hl25_b2b_carry25_phase_luck_talent_ft_avail_v6,reconstructed,DEN,CHI,12,12,0,1,36.537,0.80412,DEN,0.80412,,,,,-800.0,500.0,-750.0,475.0,0.83535,espnbet,127.0,130.0,0.0,-12.5,-110.0,-110.0,,,,,,,,,,,,,,,,,,-430.0,266.0,-788.0,625.0,0.875
401810104,2025-11-18,2026,2025-11-19T00:00Z,,fourfactors_hl25_b2b_carry25_phase_luck_talent_ft_avail_v6,reconstructed,ORL,GSW,14,15,0,0,0.93,0.43625,GSW,0.56375,,,,,125.0,-145.0,115.0,-135.0,0.44741,espnbet,121.0,113.0,1.0,2.5,-115.0,-105.0,,,,,,,,,,,,,,,,,,124.0,-191.0,119.0,-148.0,0.42786
401810105,2025-11-18,2026,2025-11-19T00:30Z,,fourfactors_hl25_b2b_carry25_phase_luck_talent_ft_avail_v6,reconstructed,BRK,BOS,13,14,0,0,-55.005,0.20827,BOS,0.79173,,,,,380.0,-550.0,425.0,-650.0,0.18018,espnbet,99.0,113.0,0.0,11.5,-110.0,-110.0,,,,,,,,,,,,,,,,,,266.0,-525.0,456.0,-609.0,0.16337
401810106,2025-11-18,2026,2025-11-19T00:30Z,,fourfactors_hl25_b2b_carry25_phase_luck_talent_ft_avail_v6,reconstructed,ATL,DET,14,14,0,1,-6.708,0.59586,ATL,0.59586,,,,,-120.0,100.0,100.0,-120.0,0.47826,espnbet,112.0,120.0,0.0,1.5,-120.0,100.0,,,,,,,,,,,,,,,,,,124.0,-168.0,101.0,-121.0,0.47739
401810107,2025-11-18,2026,2025-11-19T01:00Z,,fourfactors_hl25_b2b_carry25_phase_luck_talent_ft_avail_v6,reconstructed,SAS,MEM,13,14,0,0,51.33,0.80502,SAS,0.80502,,,,,-210.0,175.0,-240.0,200.0,0.67925,espnbet,111.0,101.0,1.0,-6.5,-105.0,-115.0,,,,,,,,,,,,,,,,,,-340.0,266.0,-239.0,198.0,0.685
401810108,2025-11-18,2026,2025-11-19T03:30Z,,fourfactors_hl25_b2b_carry25_phase_luck_talent_ft_avail_v6,reconstructed,LAL,UTA,14,13,0,0,21.481,0.77919,LAL,0.77919,,,,,-800.0,500.0,-800.0,500.0,0.84211,espnbet,140.0,126.0,1.0,-13.5,-105.0,-115.0,,,,,,,,,,,,,,,,,,-660.0,398.0,-609.0,456.0,0.8408
401810109,2025-11-18,2026,2025-11-19T04:00Z,,fourfactors_hl25_b2b_carry25_phase_luck_talent_ft_avail_v6,reconstructed,POR,PHO,13,14,0,0,-21.121,0.41445,PHO,0.58555,,,,,-170.0,145.0,-125.0,105.0,0.53247,espnbet,110.0,127.0,0.0,-2.5,-110.0,-110.0,,,,,,,,,,,,,,,,,,-175.0,124.0,-126.0,101.0,0.52736
401810110,2025-11-19,2026,2025-11-20T00:00Z,,fourfactors_hl25_b2b_carry25_phase_luck_talent_ft_avail_v6,reconstructed,CLE,HOU,15,12,0,0,-13.171,0.52456,CLE,0.52456,,,,,-120.0,100.0,105.0,-125.0,0.46753,espnbet,104.0,114.0,0.0,1.5,-110.0,-110.0,,,,,,,,,,,,,,,,,,109.0,-154.0,109.0,-131.0,0.455
401810111,2025-11-19,2026,2025-11-20T00:00Z,,fourfactors_hl25_b2b_carry25_phase_luck_talent_ft_avail_v6,reconstructed,IND,CHO,14,14,0,0,-25.922,0.26045,CHO,0.73955,,,,,-105.0,-115.0,110.0,-130.0,0.45726,espnbet,127.0,118.0,1.0,1.5,-110.0,-110.0,,,,,,,,,,,,,,,,,,109.0,-154.0,105.0,-131.0,0.4604
401810113,2025-11-19,2026,2025-11-20T00:00Z,,fourfactors_hl25_b2b_carry25_phase_luck_talent_ft_avail_v6,reconstructed,PHI,TOR,13,14,0,0,-9.799,0.50931,PHI,0.50931,,,,,-125.0,105.0,125.0,-145.0,0.42888,espnbet,112.0,121.0,0.0,2.5,-105.0,-115.0,,,,,,,,,,,,,,,,,,-154.0,109.0,119.0,-148.0,0.43069
401810112,2025-11-19,2026,2025-11-20T00:30Z,,fourfactors_hl25_b2b_carry25_phase_luck_talent_ft_avail_v6,reconstructed,MIA,GSW,14,16,0,1,7.241,0.64943,MIA,0.64943,,,,,-240.0,200.0,-450.0,340.0,0.78261,espnbet,110.0,96.0,1.0,-10.5,-105.0,-115.0,,,,,,,,,,,,,,,,,,105.0,-148.0,-404.0,331.0,0.785
401810114,2025-11-19,2026,2025-11-20T01:00Z,,fourfactors_hl25_b2b_carry25_phase_luck_talent_ft_avail_v6,reconstructed,MIN,WAS,14,13,0,0,60.64,0.90913,MIN,0.90913,,,,,-1600.0,800.0,-2000.0,1000.0,0.91286,espnbet,120.0,109.0,1.0,-16.5,-110.0,-110.0,,,,,,,,,,,,,,,,,,-719.0,456.0,-1236.0,945.0,0.915
401810115,2025-11-19,2026,2025-11-20T01:00Z,,fourfactors_hl25_b2b_carry25_phase_luck_talent_ft_avail_v6,reconstructed,NOP,DEN,14,13,0,0,-64.251,0.18835,DEN,0.81165,,,,,475.0,-750.0,400.0,-600.0,0.18919,espnbet,118.0,125.0,0.0,10.5,-110.0,-110.0,,,,,,,,,,,,,,,,,,574.0,-525.0,490.0,-609.0,0.155
401810116,2025-11-19,2026,2025-11-20T01:00Z,,fourfactors_hl25_b2b_carry25_phase_luck_talent_ft_avail_v6,reconstructed,OKC,SAC,15,14,0,0,73.009,0.94357,OKC,0.94357,,,,,-4000.0,1300.0,-4000.0,1300.0,0.93178,espnbet,113.0,99.0,1.0,-18.5,-115.0,-105.0,,,,,,,,,,,,,,,,,,-719.0,574.0,-1684.0,1241.0,0.935
401810117,2025-11-19,2026,2025-11-20T02:30Z,,fourfactors_hl25_b2b_carry25_phase_luck_talent_ft_avail_v6,reconstructed,DAL,NYK,15,13,0,0,-29.814,0.27005,NYK,0.72995,,,,,155.0,-185.0,290.0,-380.0,0.24465,espnbet,111.0,113.0,0.0,8.5,-110.0,-110.0,,,,,,,,,,,,,,,,,,140.0,-251.0,296.0,-360.0,0.235
401810118,2025-11-19,2026,2025-11-20T03:00Z,,fourfactors_hl25_b2b_carry25_phase_luck_talent_ft_avail_v6,reconstructed,POR,CHI,14,13,1,0,-8.932,0.43138,CHI,0.56862,,,,,120.0,-140.0,140.0,-165.0,0.40091,espnbet,121.0,122.0,0.0,3.5,-110.0,-110.0,,,,,,,,,,,,,,,,,,-137.0,-131.0,134.0,-168.0,0.40299
401810119,2025-11-20,2026,2025-11-21T00:00Z,,fourfactors_hl25_b2b_carry25_phase_luck_talent_ft_avail_v6,reconstructed,ORL,LAC,15,14,0,0,18.892,0.58995,ORL,0.58995,,,,,-210.0,175.0,-240.0,200.0,0.67925,espnbet,129.0,101.0,1.0,-6.5,-110.0,-110.0,,,,,,,,,,,,,,,,,,-199.0,129.0,-251.0,189.0,0.68137
401810120,2025-11-20,2026,2025-11-21T01:00Z,,fourfactors_hl25_b2b_carry25_phase_luck_talent_ft_avail_v6,reconstructed,MEM,SAC,15,15,0,1,1.338,0.69558,MEM,0.69558,,,,,-140.0,120.0,-145.0,125.0,0.57112,espnbet,137.0,96.0,1.0,-3.5,-105.0,-115.0,,,,,,,,,,,,,,,,,,-142.0,-126.0,-148.0,124.0,0.575
401810121,2025-11-20,2026,2025-11-21T01:00Z,,fourfactors_hl25_b2b_carry25_phase_luck_talent_ft_avail_v6,reconstructed,MIL,PHI,15,14,0,1,0.469,0.59701,MIL,0.59701,,,,,105.0,-125.0,110.0,-130.0,0.45726,espnbet,114.0,123.0,0.0,1.5,-110.0,-110.0,,,,,,,,,,,,,,,,,,-112.0,-126.0,105.0,-126.0,0.465
401810122,2025-11-20,2026,2025-11-21T01:00Z,,fourfactors_hl25_b2b_carry25_phase_luck_talent_ft_avail_v6,reconstructed,SAS,ATL,14,15,0,0,9.743,0.59043,SAS,0.59043,,,,,-125.0,105.0,-110.0,-110.0,0.5,espnbet,135.0,126.0,1.0,1.5,-125.0,100.0,,,,,,,,,,,,,,,,,,-116.0,-121.0,-107.0,-112.0,0.495
401809790,2025-11-21,2026,2025-11-22T00:00Z,,fourfactors_hl25_b2b_carry25_phase_luck_talent_ft_avail_v6,reconstructed,CLE,IND,16,15,0,0,49.018,0.8941,CLE,0.8941,,,,,-1200.0,700.0,-900.0,550.0,0.85401,espnbet,120.0,109.0,1.0,-13.5,-115.0,-105.0,,,,,,,,,,,,,,,,,,-660.0,398.0,-788.0,625.0,0.875
401809791,2025-11-21,2026,2025-11-22T00:30Z,,fourfactors_hl25_b2b_carry25_phase_luck_talent_ft_avail_v6,reconstructed,BOS,BRK,15,14,0,0,56.108,0.86194,BOS,0.86194,,,,,-1800.0,900.0,-750.0,475.0,0.83535,espnbet,105.0,113.0,0.0,-13.5,-105.0,-115.0,,,,,,,,,,,,,,,,,,-660.0,280.0,-788.0,685.0,0.88384
401809792,2025-11-21,2026,2025-11-22T00:30Z,,fourfactors_hl25_b2b_carry25_phase_luck_talent_ft_avail_v6,reconstructed,TOR,WAS,15,14,0,0,57.355,0.86038,TOR,0.86038,,,,,-1200.0,700.0,-1000.0,600.0,0.8642,espnbet,140.0,110.0,1.0,-14.5,-105.0,-115.0,,,,,,,,,,,,,,,,,,-719.0,280.0,-869.0,685.0,0.885
401809793,2025-11-21,2026,2025-11-22T01:00Z,,fourfactors_hl25_b2b_carry25_phase_luck_talent_ft_avail_v6,reconstructed,CHI,MIA,14,15,0,0,-14.288,0.52025,CHI,0.52025,,,,,-130.0,110.0,-135.0,115.0,0.55259,espnbet,107.0,143.0,0.0,-2.5,-105.0,-115.0,,,,,,,,,,,,,,,,,,-142.0,-126.0,-137.0,109.0,0.5495
401809794,2025-11-21,2026,2025-11-22T01:30Z,,fourfactors_hl25_b2b_carry25_phase_luck_talent_ft_avail_v6,reconstructed,DAL,NOP,16,15,0,0,14.843,0.57808,DAL,0.57808,,,,,-150.0,130.0,-150.0,130.0,0.57983,espnbet,118.0,115.0,1.0,-3.5,-115.0,-105.0,,,,,,,,,,,,,,,,,,-340.0,208.0,-161.0,134.0,0.595
401809795,2025-11-21,2026,2025-11-22T02:00Z,,fourfactors_hl25_b2b_carry25_phase_luck_talent_ft_avail_v6,reconstructed,PHO,MIN,15,15,0,0,-4.485,0.40537,MIN,0.59463,,,,,140.0,-165.0,165.0,-195.0,0.36341,espnbet,114.0,113.0,1.0,4.5,-110.0,-110.0,,,,,,,,,,,,,,,,,,129.0,-175.0,152.0,-191.0,0.37
401809796,2025-11-21,2026,2025-11-22T02:30Z,,fourfactors_hl25_b2b_carry25_phase_luck_talent_ft_avail_v6,reconstructed,HOU,DEN,13,14,0,0,-3.775,0.61644,HOU,0.61644,,,,,-125.0,105.0,-145.0,125.0,0.57112,espnbet,109.0,112.0,0.0,-3.5,-105.0,-115.0,,,,,,,,,,,,,,,,,,-131.0,-107.0,-154.0,119.0,0.57143
401809797,2025-11-21,2026,2025-11-22T03:00Z,,fourfactors_hl25_b2b_carry25_phase_luck_talent_ft_avail_v6,reconstructed,UTA,OKC,14,16,0,0,-57.584,0.10019,OKC,0.89981,,,,,900.0,-1800.0,1000.0,-2000.0,0.08714,espnbet,112.0,144.0,0.0,16.5,-105.0,-115.0,,,,,,,,,,,,,,,,,,529.0,-788.0,841.0,-1087.0,0.095
401809798,2025-11-21,2026,2025-11-22T03:00Z,,fourfactors_hl25_b2b_carry25_phase_luck_talent_ft_avail_v6,reconstructed,GSW,POR,17,15,0,0,10.148,0.52166,GSW,0.52166,,,,,-250.0,210.0,-425.0,320.0,0.77273,espnbet,123.0,127.0,0.0,-9.5,-115.0,-105.0,,,,,,,,,,,,,,,,,,-306.0,189.0,-458.0,351.0,0.79703
401810123,2025-11-22,2026,2025-11-22T18:00Z,,fourfactors_hl25_b2b_carry25_phase_luck_talent_ft_avail_v6,reconstructed,CHO,LAC,15,15,0,0,-0.687,0.55011,CHO,0.55011,,,,,110.0,-130.0,-120.0,100.0,0.52174,espnbet,116.0,131.0,0.0,-1.5,-105.0,-115.0,,,,,,,,,,,,,,,,,,-719.0,-719.0,-112.0,-107.0,0.505
401810124,2025-11-22,2026,2025-11-22T22:00Z,,fourfactors_hl25_b2b_carry25_phase_luck_talent_ft_avail_v6,reconstructed,ORL,NYK,16,14,0,0,-5.007,0.43477,NYK,0.56523,,,,,105.0,-125.0,-120.0,100.0,0.52174,espnbet,133.0,121.0,1.0,-1.5,-110.0,-110.0,,,,,,,,,,,,,,,,,,-107.0,-148.0,-131.0,105.0,0.5396
401810125,2025-11-22,2026,2025-11-23T00:00Z,,fourfactors_hl25_b2b_carry25_phase_luck_talent_ft_avail_v6,reconstructed,NOP,ATL,16,16,1,0,-43.159,0.1922,ATL,0.8078,,,,,240.0,-290.0,360.0,-500.0,0.2069,espnbet,98.0,115.0,0.0,9.5,-105.0,-115.0,,,,,,,,,,,,,,,,,,296.0,-458.0,373.0,-458.0,0.195
401810126,2025-11-22,2026,2025-11-23T01:00Z,,fourfactors_hl25_b2b_carry25_phase_luck_talent_ft_avail_v6,reconstructed,CHI,WAS,15,15,1,1,36.075,0.82984,CHI,0.82984,,,,,-550.0,380.0,-650.0,425.0,0.81982,espnbet,121.0,120.0,1.0,-12.5,-110.0,-110.0,,,,,,,,,,,,,,,,,,-564.0,398.0,-660.0,529.0,0.855
401810127,2025-11-22,2026,2025-11-23T01:00Z,,fourfactors_hl25_b2b_carry25_phase_luck_talent_ft_avail_v6,reconstructed,MIL,DET,16,15,0,0,-18.829,0.25039,DET,0.74961,,,,,240.0,-290.0,270.0,-340.0,0.25913,espnbet,116.0,129.0,0.0,7.5,-105.0,-115.0,,,,,,,,,,,,,,,,,,280.0,-306.0,280.0,-340.0,0.245
401810128,2025-11-22,2026,2025-11-23T01:30Z,,fourfactors_hl25_b2b_carry25_phase_luck_talent_ft_avail_v6,reconstructed,DAL,MEM,17,16,1,0,5.753,0.50662,DAL,0.50662,,,,,-140.0,120.0,-105.0,-115.0,0.48917,espnbet,96.0,102.0,0.0,-1.5,100.0,-125.0,,,,,,,,,,,,,,,,,,-154.0,-103.0,-107.0,-112.0,0.495
401810129,2025-11-22,2026,2025-11-23T03:00Z,,fourfactors_hl25_b2b_carry25_phase_luck_talent_ft_avail_v6,reconstructed,DEN,SAC,15,16,1,0,64.973,0.8504,DEN,0.8504,,,,,-700.0,450.0,-650.0,425.0,0.81982,espnbet,123.0,128.0,0.0,-11.5,-105.0,-115.0,,,,,,,,,,,,,,,,,,-719.0,456.0,-564.0,425.0,0.82673
401810130,2025-11-23,2026,2025-11-23T18:00Z,,fourfactors_hl25_b2b_carry25_phase_luck_talent_ft_avail_v6,reconstructed,PHI,MIA,15,16,0,0,-12.445,0.5499,PHI,0.5499,,,,,-120.0,100.0,-120.0,100.0,0.52174,espnbet,117.0,127.0,0.0,-1.5,-105.0,-115.0,,,,,,,,,,,,,,,,,,-137.0,-107.0,-107.0,-112.0,0.495
401810131,2025-11-23,2026,2025-11-23T23:00Z,,fourfactors_hl25_b2b_carry25_phase_luck_talent_ft_avail_v6,reconstructed,ATL,CHO,17,16,1,1,36.175,0.74095,ATL,0.74095,,,,,-250.0,210.0,-290.0,240.0,0.71657,espnbet,113.0,110.0,1.0,-8.5,-105.0,-115.0,,,,,,,,,,,,,,,,,,-564.0,331.0,-306.0,240.0,0.72772
401810132,2025-11-23,2026,2025-11-23T23:00Z,,fourfactors_hl25_b2b_carry25_phase_luck_talent_ft_avail_v6,reconstructed,BOS,ORL,16,17,0,1,5.233,0.70121,BOS,0.70121,,,,,-165.0,140.0,-185.0,155.0,0.62339,espnbet,138.0,129.0,1.0,-4.5,-110.0,-110.0,,,,,,,,,,,,,,,,,,-161.0,105.0,-175.0,152.0,0.62121
401810133,2025-11-23,2026,2025-11-23T23:00Z,,fourfactors_hl25_b2b_carry25_phase_luck_talent_ft_avail_v6,reconstructed,CLE,LAC,17,16,0,1,30.454,0.78044,CLE,0.78044,,,,,-290.0,240.0,-290.0,240.0,0.71657,espnbet,120.0,105.0,1.0,-7.5,-110.0,-110.0,,,,,,,,,,,,,,,,,,-489.0,266.0,-322.0,252.0,0.74129
401810134,2025-11-23,2026,2025-11-23T23:00Z,,fourfactors_hl25_b2b_carry25_phase_luck_talent_ft_avail_v6,reconstructed,TOR,BRK,16,15,0,0,54.814,0.80955,TOR,0.80955,,,,,-1000.0,600.0,-700.0,450.0,0.82796,espnbet,119.0,109.0,1.0,-11.5,-110.0,-110.0,,,,,,,,,,,,,,,,,,-719.0,529.0,-564.0,456.0,0.835
401810135,2025-11-23,2026,2025-11-24T00:00Z,,fourfactors_hl25_b2b_carry25_phase_luck_talent_ft_avail_v6,reconstructed,OKC,POR,17,16,0,0,51.58,0.92095,OKC,0.92095,,,,,-1800.0,900.0,-1600.0,800.0,0.89441,espnbet,122.0,95.0,1.0,-16.5,-105.0,-115.0,,,,,,,,,,,,,,,,,,-719.0,574.0,-967.0,756.0,0.895
401810136,2025-11-23,2026,2025-11-24T01:00Z,,fourfactors_hl25_b2b_carry25_phase_luck_talent_ft_avail_v6,reconstructed,PHO,SAS,16,15,0,0,-7.274,0.4554,SAS,0.5446,,,,,-150.0,130.0,-120.0,100.0,0.52174,espnbet,111.0,102.0,1.0,-1.5,-110.0,-110.0,,,,,,,,,,,,,,,,,,-137.0,-116.0,-131.0,105.0,0.5396
401810137,2025-11-23,2026,2025-11-24T01:00Z,,fourfactors_hl25_b2b_carry25_phase_luck_talent_ft_avail_v6,reconstructed,UTA,LAL,15,15,0,0,-36.258,0.18618,LAL,0.81382,,,,,270.0,-340.0,320.0,-425.0,0.22727,espnbet,106.0,108.0,0.0,9.5,-110.0,-110.0,,,,,,,,,,,,,,,,,,313.0,-489.0,331.0,-430.0,0.21287
401810138,2025-11-24,2026,2025-11-25T00:00Z,,fourfactors_hl25_b2b_carry25_phase_luck_talent_ft_avail_v6,reconstructed,IND,DET,16,16,0,0,-60.696,0.12197,DET,0.87803,,,,,300.0,-400.0,320.0,-425.0,0.22727,espnbet,117.0,122.0,0.0,9.5,-130.0,-110.0,,,,,,,,,,,,,,,,,,152.0,-430.0,331.0,-430.0,0.21287
401810139,2025-11-24,2026,2025-11-25T00:00Z,,fourfactors_hl25_b2b_carry25_phase_luck_talent_ft_avail_v6,reconstructed,TOR,CLE,17,18,1,1,6.496,0.55601,TOR,0.55601,,,,,115.0,-135.0,-130.0,110.0,0.54274,espnbet,110.0,99.0,1.0,-2.5,-105.0,-115.0,,,,,,,,,,,,,,,,,,-131.0,-112.0,-131.0,105.0,0.53731
401810140,2025-11-24,2026,2025-11-25T00:30Z,,fourfactors_hl25_b2b_carry25_phase_luck_talent_ft_avail_v6,reconstructed,BRK,NYK,16,15,1,0,-44.053,0.1852,NYK,0.8148,,,,,700.0,-1200.0,475.0,-750.0,0.16465,espnbet,100.0,113.0,0.0,13.5,-110.0,-110.0,,,,,,,,,,,,,,,,,,490.0,-660.0,529.0,-660.0,0.145
401810141,2025-11-24,2026,2025-11-25T00:30Z,,fourfactors_hl25_b2b_carry25_phase_luck_talent_ft_avail_v6,reconstructed,MIA,DAL,17,18,1,0,35.53,0.69016,MIA,0.69016,,,,,-270.0,220.0,-250.0,210.0,0.68889,espnbet,106.0,102.0,1.0,-7.5,-110.0,-110.0,,,,,,,,,,,,,,,,,,-381.0,252.0,-276.0,240.0,0.72222
401810142,2025-11-24,2026,2025-11-25T01:00Z,,fourfactors_hl25_b2b_carry25_phase_luck_talent_ft_avail_v6,reconstructed,MEM,DEN,17,16,0,0,-43.305,0.25427,DEN,0.74573,,,,,240.0,-290.0,225.0,-275.0,0.29557,espnbet,115.0,125.0,0.0,6.5,-150.0,120.0,,,,,,,,,,,,,,,,,,198.0,-263.0,229.0,-276.0,0.285
401810143,2025-11-24,2026,2025-11-25T01:00Z,,fourfactors_hl25_b2b_carry25_phase_luck_talent_ft_avail_v6,reconstructed,MIL,POR,17,17,0,1,15.141,0.6254,MIL,0.6254,,,,,-140.0,120.0,-115.0,-105.0,0.51083,espnbet,103.0,115.0,0.0,-1.5,-105.0,-115.0,,,,,,,,,,,,,,,,,,-154.0,-142.0,-116.0,-107.0,0.50746
401810144,2025-11-24,2026,2025-11-25T01:00Z,,fourfactors_hl25_b2b_carry25_phase_luck_talent_ft_avail_v6,reconstructed,NOP,CHI,17,16,0,0,-26.212,0.30358,CHI,0.69642,,,,,175.0,-210.0,165.0,-195.0,0.36341,espnbet,143.0,130.0,1.0,5.5,-115.0,-105.0,,,,,,,,,,,,,,,,,,266.0,-340.0,166.0,-199.0,0.355
401810145,2025-11-24,2026,2025-11-25T02:30Z,,fourfactors_hl25_b2b_carry25_phase_luck_talent_ft_avail_v6,reconstructed,PHO,HOU,17,14,1,0,-5.383,0.31733,HOU,0.68267,,,,,170.0,-200.0,210.0,-250.0,0.31111,espnbet,92.0,114.0,0.0,6.5,-105.0,-115.0,,,,,,,,,,,,,,,,,,152.0,-218.0,189.0,-239.0,0.32178
401810146,2025-11-24,2026,2025-11-25T03:00Z,,fourfactors_hl25_b2b_carry25_phase_luck_talent_ft_avail_v6,reconstructed,GSW,UTA,18,16,0,1,23.559,0.84154,GSW,0.84154,,,,,-1200.0,700.0,-900.0,550.0,0.85401,espnbet,134.0,117.0,1.0,-13.5,-110.0,-110.0,,,,,,,,,,,,,,,,,,-458.0,266.0,-660.0,529.0,0.855
401810147,2025-11-24,2026,2025-11-25T03:00Z,,fourfactors_hl25_b2b_carry25_phase_luck_talent_ft_avail_v6,reconstructed,SAC,MIN,17,16,0,0,-49.495,0.17175,MIN,0.82825,,,,,290.0,-380.0,400.0,-600.0,0.18919,espnbet,117.0,112.0,1.0,10.5,-110.0,-110.0,,,,,,,,,,,,,,,,,,331.0,-525.0,373.0,-489.0,0.19307
401809799,2025-11-25,2026,2025-11-26T00:00Z,,fourfactors_hl25_b2b_carry25_phase_luck_talent_ft_avail_v6,reconstructed,WAS,ATL,16,18,0,0,-57.146,0.18513,ATL,0.81487,,,,,290.0,-380.0,400.0,-600.0,0.18919,espnbet,132.0,113.0,1.0,10.5,100.0,-120.0,,,,,,,,,,,,,,,,,,252.0,-458.0,425.0,-609.0,0.17157
401809800,2025-11-25,2026,2025-11-26T01:00Z,,fourfactors_hl25_b2b_carry25_phase_luck_talent_ft_avail_v6,reconstructed,PHI,ORL,16,18,0,0,-7.128,0.52058,PHI,0.52058,,,,,114.0,-135.0,160.0,-192.0,0.36906,dk,103.0,144.0,0.0,4.5,-105.0,-115.0,,,,,,,,,,,,,,,,,,-142.0,-126.0,159.0,-191.0,0.365
401809801,2025-11-25,2026,2025-11-26T04:00Z,,fourfactors_hl25_b2b_carry25_phase_luck_talent_ft_avail_v6,reconstructed,LAL,LAC,16,17,0,0,25.507,0.70831,LAL,0.70831,,,,,-230.0,190.0,-258.0,210.0,0.69079,dk,135.0,118.0,1.0,-6.5,-105.0,-115.0,,,,,,,,,,,,,,,,,,-404.0,266.0,-263.0,218.0,0.705
401809802,2025-11-26,2026,2025-11-26T22:00Z,,fourfactors_hl25_b2b_carry25_phase_luck_talent_ft_avail_v6,reconstructed,BOS,DET,17,17,0,0,-3.179,0.47761,DET,0.52239,,,,,136.0,-162.0,105.0,-125.0,0.46753,dk,117.0,114.0,1.0,1.5,-105.0,-115.0,,,,,,,,,,,,,,,,,,119.0,-191.0,105.0,-131.0,0.45771
401809803,2025-11-26,2026,2025-11-27T00:00Z,,fourfactors_hl25_b2b_carry25_phase_luck_talent_ft_avail_v6,reconstructed,CHO,NYK,17,16,0,0,-38.001,0.29103,NYK,0.70897,,,,,240.0,-298.0,215.0,-265.0,0.30423,dk,101.0,129.0,0.0,6.5,-108.0,-112.0,,,,,,,,,,,,,,,,,,173.0,-340.0,218.0,-276.0,0.29
401809804,2025-11-26,2026,2025-11-27T00:30Z,,fourfactors_hl25_b2b_carry25_phase_luck_talent_ft_avail_v6,reconstructed,MIA,MIL,18,18,0,0,21.619,0.78877,MIA,0.78877,,,,,-360.0,285.0,-440.0,340.0,0.78191,dk,106.0,103.0,1.0,-10.5,-108.0,-112.0,,,,,,,,,,,,,,,,,,-276.0,166.0,-430.0,351.0,0.795
401809805,2025-11-26,2026,2025-11-27T00:30Z,,fourfactors_hl25_b2b_carry25_phase_luck_talent_ft_avail_v6,reconstructed,TOR,IND,18,17,0,0,59.594,0.85027,TOR,0.85027,,,,,-410.0,320.0,-440.0,340.0,0.78191,dk,97.0,95.0,1.0,-9.5,-112.0,-108.0,,,,,,,,,,,,,,,,,,-458.0,398.0,-458.0,351.0,0.801
401809806,2025-11-26,2026,2025-11-27T00:30Z,,fourfactors_hl25_b2b_carry25_phase_luck_talent_ft_avail_v6,reconstructed,OKC,MIN,18,17,0,0,28.986,0.77983,OKC,0.77983,,,,,-375.0,295.0,-470.0,360.0,0.79136,dk,113.0,105.0,1.0,-10.5,-115.0,-105.0,,,,,,,,,,,,,,,,,,-609.0,331.0,-458.0,373.0,0.805
401809807,2025-11-26,2026,2025-11-27T01:00Z,,fourfactors_hl25_b2b_carry25_phase_luck_talent_ft_avail_v6,reconstructed,NOP,MEM,18,18,0,0,-12.198,0.49515,MEM,0.50485,,,,,114.0,-135.0,140.0,-166.0,0.40036,dk,128.0,133.0,0.0,3.5,-105.0,-115.0,,,,,,,,,,,,,,,,,,-107.0,-154.0,140.0,-168.0,0.395
401809808,2025-11-26,2026,2025-11-27T03:00Z,,fourfactors_hl25_b2b_carry25_phase_luck_talent_ft_avail_v6,reconstructed,GSW,HOU,19,15,0,0,-19.826,0.53999,GSW,0.53999,,,,,-162.0,136.0,-162.0,136.0,0.59337,dk,100.0,104.0,0.0,-3.5,-105.0,-115.0,,,,,,,,,,,,,,,,,,-107.0,-137.0,-161.0,140.0,0.60101
401809809,2025-11-26,2026,2025-11-27T03:00Z,,fourfactors_hl25_b2b_carry25_phase_luck_talent_ft_avail_v6,reconstructed,POR,SAS,18,16,0,0,-29.844,0.35045,SAS,0.64955,,,,,-130.0,110.0,100.0,-120.0,0.47826,espnbet,102.0,115.0,0.0,-1.5,100.0,-120.0,,,,,,,,,,,,,,,,,,-126.0,-103.0,-107.0,-112.0,0.495
401809810,2025-11-26,2026,2025-11-27T03:00Z,,fourfactors_hl25_b2b_carry25_phase_luck_talent_ft_avail_v6,reconstructed,SAC,PHO,18,18,0,0,-40.527,0.35798,PHO,0.64202,,,,,136.0,-162.0,154.0,-185.0,0.37753,dk,100.0,112.0,0.0,4.5,-108.0,-112.0,,,,,,,,,,,,,,,,,,140.0,-239.0,159.0,-191.0,0.365
401809811,2025-11-28,2026,2025-11-29T00:30Z,,fourfactors_hl25_b2b_carry25_phase_luck_talent_ft_avail_v6,reconstructed,ATL,CLE,19,19,0,0,-3.769,0.56549,ATL,0.56549,,,,,160.0,-192.0,210.0,-258.0,0.30921,dk,130.0,123.0,1.0,6.5,-105.0,-115.0,,,,,,,,,,,,,,,,,,124.0,-175.0,208.0,-251.0,0.305
401809812,2025-11-28,2026,2025-11-29T00:30Z,,fourfactors_hl25_b2b_carry25_phase_luck_talent_ft_avail_v6,reconstructed,BRK,PHI,17,17,0,0,-25.88,0.4298,PHI,0.5702,,,,,200.0,-245.0,235.0,-290.0,0.28645,dk,103.0,115.0,0.0,7.5,-105.0,-115.0,,,,,,,,,,,,,,,,,,240.0,-340.0,229.0,-276.0,0.285
401809813,2025-11-28,2026,2025-11-29T00:30Z,,fourfactors_hl25_b2b_carry25_phase_luck_talent_ft_avail_v6,reconstructed,CHO,CHI,18,17,0,0,-16.308,0.56536,CHO,0.56536,,,,,124.0,-148.0,120.0,-142.0,0.43651,dk,123.0,116.0,1.0,2.5,-110.0,-110.0,,,,,,,,,,,,,,,,,,119.0,-175.0,124.0,-148.0,0.425
401809814,2025-11-28,2026,2025-11-29T00:30Z,,fourfactors_hl25_b2b_carry25_phase_luck_talent_ft_avail_v6,reconstructed,DET,ORL,18,19,0,0,5.739,0.70074,DET,0.70074,,,,,-205.0,170.0,-162.0,136.0,0.59337,dk,109.0,112.0,0.0,-3.5,-110.0,-110.0,,,,,,,,,,,,,,,,,,-218.0,181.0,-161.0,140.0,0.60101
401809815,2025-11-28,2026,2025-11-29T00:30Z,,fourfactors_hl25_b2b_carry25_phase_luck_talent_ft_avail_v6,reconstructed,IND,WAS,18,17,0,0,-0.685,0.55499,IND,0.55499,,,,,-238.0,195.0,-258.0,210.0,0.69079,dk,119.0,86.0,1.0,-6.5,-110.0,-110.0,,,,,,,,,,,,,,,,,,-218.0,129.0,-239.0,198.0,0.685
401809816,2025-11-28,2026,2025-11-29T00:30Z,,fourfactors_hl25_b2b_carry25_phase_luck_talent_ft_avail_v6,reconstructed,NYK,MIL,17,19,0,0,24.093,0.78553,NYK,0.78553,,,,,-265.0,215.0,-278.0,225.0,0.70503,dk,118.0,109.0,1.0,-7.5,-115.0,-105.0,,,,,,,,,,,,,,,,,,-306.0,208.0,-276.0,229.0,0.715
401809817,2025-11-28,2026,2025-11-29T02:30Z,,fourfactors_hl25_b2b_carry25_phase_luck_talent_ft_avail_v6,reconstructed,OKC,PHO,19,19,0,0,29.366,0.8526,OKC,0.8526,,,,,-1100.0,700.0,-1050.0,675.0,0.87618,dk,123.0,119.0,1.0,-14.5,-115.0,-105.0,,,,,,,,,,,,,,,,,,-719.0,373.0,-869.0,685.0,0.885
401809818,2025-11-28,2026,2025-11-29T02:30Z,,fourfactors_hl25_b2b_carry25_phase_luck_talent_ft_avail_v6,reconstructed,DEN,SAS,17,17,0,0,8.099,0.60149,DEN,0.60149,,,,,-455.0,350.0,-305.0,245.0,0.72208,dk,136.0,139.0,0.0,-7.5,-105.0,-115.0,,,,,,,,,,,,,,,,,,-276.0,159.0,-290.0,240.0,0.725
401809819,2025-11-28,2026,2025-11-29T02:30Z,,fourfactors_hl25_b2b_carry25_phase_luck_talent_ft_avail_v6,reconstructed,UTA,SAC,17,19,0,0,4.227,0.60207,UTA,0.60207,,,,,-110.0,-110.0,-142.0,120.0,0.56349,dk,128.0,119.0,1.0,-2.5,-110.0,-110.0,,,,,,,,,,,,,,,,,,-168.0,-103.0,-142.0,119.0,0.565
401809820,2025-11-28,2026,2025-11-29T03:00Z,,fourfactors_hl25_b2b_carry25_phase_luck_talent_ft_avail_v6,reconstructed,LAL,DAL,17,19,0,0,30.02,0.84654,LAL,0.84654,,,,,-455.0,350.0,-455.0,350.0,0.78674,dk,129.0,119.0,1.0,-10.5,-102.0,-118.0,,,,,,,,,,,,,,,,,,-458.0,266.0,-458.0,373.0,0.80402
401809821,2025-11-28,2026,2025-11-29T03:00Z,,fourfactors_hl25_b2b_carry25_phase_luck_talent_ft_avail_v6,reconstructed,LAC,MEM,18,19,0,0,-3.67,0.658,LAC,0.658,,,,,-285.0,230.0,-265.0,215.0,0.69577,dk,107.0,112.0,0.0,-6.5,-108.0,-112.0,,,,,,,,,,,,,,,,,,-251.0,166.0,-263.0,218.0,0.705
401810148,2025-11-29,2026,2025-11-29T22:00Z,,fourfactors_hl25_b2b_carry25_phase_luck_talent_ft_avail_v6,reconstructed,MIN,BOS,18,18,0,0,-4.56,0.58023,MIN,0.58023,,,,,-250.0,200.0,-238.0,195.0,0.67503,dk,119.0,115.0,1.0,-5.5,-118.0,-102.0,,,,,,,,,,,,,,,,,,-208.0,140.0,-239.0,189.0,0.68159
401810149,2025-11-29,2026,2025-11-29T23:00Z,,fourfactors_hl25_b2b_carry25_phase_luck_talent_ft_avail_v6,reconstructed,CHO,TOR,19,19,1,0,-44.815,0.36164,TOR,0.63836,,,,,260.0,-325.0,230.0,-285.0,0.29046,dk,118.0,111.0,1.0,6.5,-105.0,-115.0,,,,,,,,,,,,,,,,,,351.0,-609.0,240.0,-290.0,0.275
401810150,2025-11-29,2026,2025-11-30T00:30Z,,fourfactors_hl25_b2b_carry25_phase_luck_talent_ft_avail_v6,reconstructed,IND,CHI,19,18,1,1,-17.573,0.37344,CHI,0.62656,,,,,160.0,-192.0,120.0,-142.0,0.43651,dk,103.0,101.0,1.0,2.5,-110.0,-110.0,,,,,,,,,,,,,,,,,,124.0,-239.0,124.0,-148.0,0.425
401810151,2025-11-29,2026,2025-11-30T01:00Z,,fourfactors_hl25_b2b_carry25_phase_luck_talent_ft_avail_v6,reconstructed,MIA,DET,19,19,0,1,-1.424,0.6155,MIA,0.6155,,,,,-125.0,105.0,-166.0,140.0,0.59964,dk,135.0,138.0,0.0,-3.5,-112.0,-108.0,,,,,,,,,,,,,,,,,,-142.0,-131.0,-161.0,134.0,0.595
401810152,2025-11-29,2026,2025-11-30T01:00Z,,fourfactors_hl25_b2b_carry25_phase_luck_talent_ft_avail_v6,reconstructed,MIL,BRK,20,18,1,1,28.783,0.79654,MIL,0.79654,,,,,-550.0,410.0,-575.0,425.0,0.81726,dk,116.0,99.0,1.0,-11.5,-108.0,-112.0,,,,,,,,,,,,,,,,,,-404.0,124.0,-564.0,425.0,0.83085
401810153,2025-11-29,2026,2025-11-30T01:30Z,,fourfactors_hl25_b2b_carry25_phase_luck_talent_ft_avail_v6,reconstructed,GSW,NOP,20,19,0,0,31.073,0.71691,GSW,0.71691,,,,,-325.0,260.0,-425.0,330.0,0.77683,dk,104.0,96.0,1.0,-9.5,-112.0,-108.0,,,,,,,,,,,,,,,,,,-276.0,166.0,-430.0,331.0,0.78607
401810154,2025-11-29,2026,2025-11-30T02:00Z,,fourfactors_hl25_b2b_carry25_phase_luck_talent_ft_avail_v6,reconstructed,PHO,DEN,20,18,1,1,-14.118,0.42338,DEN,0.57662,,,,,180.0,-225.0,142.0,-170.0,0.39624,dk,112.0,130.0,0.0,3.5,-105.0,-115.0,,,,,,,,,,,,,,,,,,129.0,-191.0,146.0,-175.0,0.385
401810155,2025-11-29,2026,2025-11-30T03:00Z,,fourfactors_hl25_b2b_carry25_phase_luck_talent_ft_avail_v6,reconstructed,LAC,DAL,19,20,1,1,-2.798,0.74719,LAC,0.74719,,,,,-270.0,220.0,-380.0,300.0,0.76,dk,110.0,114.0,0.0,-9.5,100.0,-120.0,,,,,,,,,,,,,,,,,,-430.0,218.0,-360.0,280.0,0.75743
401810156,2025-11-30,2026,2025-11-30T20:00Z,,fourfactors_hl25_b2b_carry25_phase_luck_talent_ft_avail_v6,reconstructed,UTA,HOU,18,16,0,0,-44.683,0.28154,HOU,0.71846,,,,,440.0,-600.0,425.0,-575.0,0.18274,dk,101.0,129.0,0.0,11.5,-112.0,-108.0,,,,,,,,,,,,,,,,,,313.0,-660.0,425.0,-564.0,0.16915
401810157,2025-11-30,2026,2025-11-30T23:00Z,,fourfactors_hl25_b2b_carry25_phase_luck_talent_ft_avail_v6,reconstructed,CLE,BOS,20,19,0,1,-7.417,0.67737,CLE,0.67737,,,,,-305.0,245.0,-285.0,230.0,0.70954,dk,115.0,117.0,0.0,-7.5,-108.0,-112.0,,,,,,,,,,,,,,,,,,-381.0,218.0,-276.0,218.0,0.71
401810158,2025-11-30,2026,2025-11-30T23:00Z,,fourfactors_hl25_b2b_carry25_phase_luck_talent_ft_avail_v6,reconstructed,NYK,TOR,18,20,0,1,-0.457,0.78831,NYK,0.78831,,,,,-250.0,205.0,-345.0,275.0,0.74407,dk,116.0,94.0,1.0,-8.5,-112.0,-108.0,,,,,,,,,,,,,,,,,,-168.0,105.0,-340.0,266.0,0.74752
401810159,2025-11-30,2026,2025-11-30T23:00Z,,fourfactors_hl25_b2b_carry25_phase_luck_talent_ft_avail_v6,reconstructed,PHI,ATL,18,20,0,0,-13.588,0.49542,ATL,0.50458,,,,,-120.0,100.0,-142.0,120.0,0.56349,dk,134.0,142.0,0.0,-2.5,-110.0,-110.0,,,,,,,,,,,,,,,,,,-142.0,-137.0,-148.0,124.0,0.575
401810160,2025-11-30,2026,2025-11-30T23:00Z,,fourfactors_hl25_b2b_carry25_phase_luck_talent_ft_avail_v6,reconstructed,POR,OKC,19,20,0,0,-54.055,0.12014,OKC,0.87986,,,,,525.0,-750.0,490.0,-675.0,0.1629,dk,115.0,123.0,0.0,11.5,-110.0,-110.0,,,,,,,,,,,,,,,,,,529.0,-660.0,490.0,-609.0,0.15578
401810161,2025-11-30,2026,2025-12-01T00:00Z,,fourfactors_hl25_b2b_carry25_phase_luck_talent_ft_avail_v6,reconstructed,MIN,SAS,19,18,1,0,-3.607,0.52312,MIN,0.52312,,,,,-155.0,130.0,-185.0,154.0,0.62247,dk,125.0,112.0,1.0,-4.5,-110.0,-110.0,,,,,,,,,,,,,,,,,,-168.0,101.0,-191.0,152.0,0.63184
401810162,2025-11-30,2026,2025-12-01T02:00Z,,fourfactors_hl25_b2b_carry25_phase_luck_talent_ft_avail_v6,reconstructed,SAC,MEM,20,20,0,0,-17.153,0.38994,MEM,0.61006,,,,,124.0,-148.0,124.0,-148.0,0.42794,dk,107.0,115.0,0.0,3.5,-118.0,-102.0,,,,,,,,,,,,,,,,,,-148.0,-103.0,129.0,-154.0,0.41709
401810163,2025-11-30,2026,2025-12-01T02:30Z,,fourfactors_hl25_b2b_carry25_phase_luck_talent_ft_avail_v6,reconstructed,LAL,NOP,18,20,0,1,43.765,0.90484,LAL,0.90484,,,,,-850.0,575.0,-1450.0,850.0,0.89886,dk,133.0,121.0,1.0,-15.5,-115.0,-105.0,,,,,,,,,,,,,,,,,,-719.0,529.0,-1236.0,841.0,0.90594
401810164,2025-12-01,2026,2025-12-02T00:00Z,,fourfactors_hl25_b2b_carry25_phase_luck_talent_ft_avail_v6,reconstructed,DET,ATL,20,21,0,1,8.025,0.74531,DET,0.74531,,,,,-298.0,240.0,-410.0,320.0,0.77151,dk,99.0,98.0,1.0,-9.5,-105.0,-115.0,,,,,,,,,,,,,,,,,,-306.0,229.0,-404.0,313.0,0.77723
401810165,2025-12-01,2026,2025-12-02T00:00Z,,fourfactors_hl25_b2b_carry25_phase_luck_talent_ft_avail_v6,reconstructed,IND,CLE,20,21,0,1,-35.619,0.29948,CLE,0.70052,,,,,180.0,-218.0,160.0,-192.0,0.36906,dk,119.0,135.0,0.0,4.5,-110.0,-110.0,,,,,,,,,,,,,,,,,,181.0,-276.0,152.0,-183.0,0.375
401810166,2025-12-01,2026,2025-12-02T00:00Z,,fourfactors_hl25_b2b_carry25_phase_luck_talent_ft_avail_v6,reconstructed,WAS,MIL,18,21,0,0,-35.903,0.23631,MIL,0.76369,,,,,330.0,-425.0,330.0,-425.0,0.22317,dk,129.0,126.0,1.0,10.5,-110.0,-110.0,,,,,,,,,,,,,,,,,,152.0,-404.0,351.0,-458.0,0.199
401810167,2025-12-01,2026,2025-12-02T00:30Z,,fourfactors_hl25_b2b_carry25_phase_luck_talent_ft_avail_v6,reconstructed,BRK,CHO,19,20,0,0,-13.34,0.35964,CHO,0.64036,,,,,154.0,-185.0,154.0,-185.0,0.37753,dk,116.0,103.0,1.0,4.5,-108.0,-112.0,,,,,,,,,,,,,,,,,,119.0,-251.0,152.0,-191.0,0.37129
401810168,2025-12-01,2026,2025-12-02T00:30Z,,fourfactors_hl25_b2b_carry25_phase_luck_talent_ft_avail_v6,reconstructed,MIA,LAC,20,20,0,0,37.255,0.69355,MIA,0.69355,,,,,-205.0,170.0,-245.0,200.0,0.68056,dk,140.0,123.0,1.0,-6.5,-102.0,-118.0,,,,,,,,,,,,,,,,,,-218.0,119.0,-251.0,198.0,0.68812
401810169,2025-12-01,2026,2025-12-02T00:30Z,,fourfactors_hl25_b2b_carry25_phase_luck_talent_ft_avail_v6,reconstructed,ORL,CHI,20,19,0,0,20.779,0.72328,ORL,0.72328,,,,,-290.0,235.0,-380.0,300.0,0.76,dk,125.0,120.0,1.0,-9.5,-110.0,-110.0,,,,,,,,,,,,,,,,,,-290.0,173.0,-381.0,313.0,0.775
401810170,2025-12-01,2026,2025-12-02T02:00Z,,fourfactors_hl25_b2b_carry25_phase_luck_talent_ft_avail_v6,reconstructed,DEN,DAL,19,21,0,0,43.166,0.86027,DEN,0.86027,,,,,-455.0,350.0,-550.0,410.0,0.81187,dk,121.0,131.0,0.0,-11.5,-105.0,-115.0,,,,,,,,,,,,,,,,,,-660.0,351.0,-525.0,398.0,0.81683
401810171,2025-12-01,2026,2025-12-02T02:00Z,,fourfactors_hl25_b2b_carry25_phase_luck_talent_ft_avail_v6,reconstructed,UTA,HOU,19,17,1,1,-52.949,0.19983,HOU,0.80017,,,,,455.0,-625.0,400.0,-535.0,0.19184,dk,133.0,125.0,1.0,11.5,-115.0,-105.0,,,,,,,,,,,,,,,,,,-660.0,-719.0,456.0,-564.0,0.165
401810172,2025-12-01,2026,2025-12-02T03:00Z,,fourfactors_hl25_b2b_carry25_phase_luck_talent_ft_avail_v6,reconstructed,LAL,PHO,19,21,1,0,7.965,0.62643,LAL,0.62643,,,,,-245.0,200.0,-225.0,185.0,0.66365,dk,108.0,125.0,0.0,-5.5,-108.0,-112.0,,,,,,,,,,,,,,,,,,-183.0,109.0,-228.0,181.0,0.66832
401810173,2025-12-02,2026,2025-12-03T00:00Z,,fourfactors_hl25_b2b_carry25_phase_luck_talent_ft_avail_v6,reconstructed,PHI,WAS,19,19,0,1,28.035,0.8168,PHI,0.8168,,,,,-850.0,575.0,-800.0,550.0,0.85246,dk,121.0,102.0,1.0,-13.5,-105.0,-115.0,,,,,,,,,,,,,,,,,,-660.0,351.0,-719.0,574.0,0.865
401810174,2025-12-02,2026,2025-12-03T00:30Z,,fourfactors_hl25_b2b_carry25_phase_luck_talent_ft_avail_v6,reconstructed,TOR,POR,21,20,0,0,27.31,0.63996,TOR,0.63996,,,,,-218.0,180.0,-198.0,164.0,0.6369,dk,121.0,118.0,1.0,-4.5,-115.0,-105.0,,,,,,,,,,,,,,,,,,-322.0,198.0,-208.0,166.0,0.64851
401810175,2025-12-02,2026,2025-12-03T01:00Z,,fourfactors_hl25_b2b_carry25_phase_luck_talent_ft_avail_v6,reconstructed,BOS,NYK,20,19,0,0,-3.484,0.48235,NYK,0.51765,,,,,102.0,-122.0,-105.0,-115.0,0.48917,dk,123.0,117.0,1.0,1.5,-115.0,-105.0,,,,,,,,,,,,,,,,,,129.0,-199.0,-103.0,-121.0,0.4802
401810176,2025-12-02,2026,2025-12-03T01:00Z,,fourfactors_hl25_b2b_carry25_phase_luck_talent_ft_avail_v6,reconstructed,NOP,MIN,21,20,0,0,-44.09,0.14935,MIN,0.85065,,,,,260.0,-325.0,490.0,-675.0,0.1629,dk,142.0,149.0,0.0,12.5,-112.0,-108.0,,,,,,,,,,,,,,,,,,331.0,-381.0,529.0,-660.0,0.145
401810177,2025-12-02,2026,2025-12-03T01:00Z,,fourfactors_hl25_b2b_carry25_phase_luck_talent_ft_avail_v6,reconstructed,SAS,MEM,19,21,0,0,26.093,0.72862,SAS,0.72862,,,,,-205.0,170.0,-205.0,170.0,0.64473,dk,126.0,119.0,1.0,-5.5,-102.0,-118.0,,,,,,,,,,,,,,,,,,-340.0,198.0,-199.0,166.0,0.645
401810178,2025-12-02,2026,2025-12-03T04:00Z,,fourfactors_hl25_b2b_carry25_phase_luck_talent_ft_avail_v6,reconstructed,GSW,OKC,21,21,0,0,-37.28,0.17265,OKC,0.82735,,,,,440.0,-600.0,410.0,-550.0,0.18813,dk,112.0,124.0,0.0,11.5,-110.0,-110.0,,,,,,,,,,,,,,,,,,373.0,-609.0,398.0,-489.0,0.185
401810179,2025-12-03,2026,2025-12-04T00:00Z,,fourfactors_hl25_b2b_carry25_phase_luck_talent_ft_avail_v6,reconstructed,CLE,POR,22,21,0,1,25.047,0.74264,CLE,0.74264,,,,,-395.0,320.0,-485.0,370.0,0.79578,dk,110.0,122.0,0.0,-10.5,-102.0,-118.0,,,,,,,,,,,,,,,,,,-228.0,159.0,-489.0,373.0,0.80597
401810180,2025-12-03,2026,2025-12-04T00:00Z,,fourfactors_hl25_b2b_carry25_phase_luck_talent_ft_avail_v6,reconstructed,IND,DEN,21,20,0,0,-49.065,0.19544,DEN,0.80456,,,,,-305.0,-305.0,250.0,-310.0,0.27425,dk,120.0,135.0,0.0,8.5,-115.0,-105.0,,,,,,,,,,,,,,,,,,313.0,-360.0,266.0,-340.0,0.25248
401810181,2025-12-03,2026,2025-12-04T00:00Z,,fourfactors_hl25_b2b_carry25_phase_luck_talent_ft_avail_v6,reconstructed,ORL,SAS,21,20,0,1,-3.609,0.61815,ORL,0.61815,,,,,-258.0,210.0,-360.0,285.0,0.75081,dk,112.0,114.0,0.0,-8.5,-110.0,-110.0,,,,,,,,,,,,,,,,,,-168.0,124.0,-322.0,252.0,0.73632
401810182,2025-12-03,2026,2025-12-04T00:30Z,,fourfactors_hl25_b2b_carry25_phase_luck_talent_ft_avail_v6,reconstructed,ATL,LAC,22,21,0,0,33.721,0.5757,ATL,0.5757,,,,,-175.0,145.0,-125.0,105.0,0.53247,dk,92.0,115.0,0.0,-1.5,-110.0,-110.0,,,,,,,,,,,,,,,,,,-251.0,152.0,-131.0,109.0,0.545
401810183,2025-12-03,2026,2025-12-04T00:30Z,,fourfactors_hl25_b2b_carry25_phase_luck_talent_ft_avail_v6,reconstructed,NYK,CHO,20,21,1,0,41.073,0.74541,NYK,0.74541,,,,,-440.0,350.0,-395.0,310.0,0.7659,dk,119.0,104.0,1.0,-9.5,-102.0,-118.0,,,,,,,,,,,,,,,,,,-564.0,425.0,-404.0,313.0,0.77723
401810184,2025-12-03,2026,2025-12-04T01:00Z,,fourfactors_hl25_b2b_carry25_phase_luck_talent_ft_avail_v6,reconstructed,CHI,BRK,20,20,0,0,20.47,0.64912,CHI,0.64912,,,,,-340.0,270.0,-325.0,260.0,0.73354,dk,103.0,113.0,0.0,-7.5,-112.0,-108.0,,,,,,,,,,,,,,,,,,-430.0,280.0,-340.0,266.0,0.74627
401810185,2025-12-03,2026,2025-12-04T01:00Z,,fourfactors_hl25_b2b_carry25_phase_luck_talent_ft_avail_v6,reconstructed,HOU,SAC,18,21,0,0,50.598,0.87696,HOU,0.87696,,,,,-1350.0,750.0,-1350.0,800.0,0.89338,dk,121.0,95.0,1.0,-15.5,-110.0,-110.0,,,,,,,,,,,,,,,,,,-564.0,490.0,-1087.0,841.0,0.905
401810186,2025-12-03,2026,2025-12-04T01:00Z,,fourfactors_hl25_b2b_carry25_phase_luck_talent_ft_avail_v6,reconstructed,MIL,DET,22,21,0,0,-16.423,0.41109,DET,0.58891,,,,,120.0,-142.0,160.0,-192.0,0.36906,dk,113.0,109.0,1.0,4.5,-108.0,-112.0,,,,,,,,,,,,,,,,,,152.0,-199.0,159.0,-199.0,0.36139
401810187,2025-12-03,2026,2025-12-04T01:30Z,,fourfactors_hl25_b2b_carry25_phase_luck_talent_ft_avail_v6,reconstructed,DAL,MIA,22,21,0,0,-31.456,0.30582,MIA,0.69418,,,,,142.0,-170.0,154.0,-185.0,0.37753,dk,118.0,108.0,1.0,4.5,-108.0,-112.0,,,,,,,,,,,,,,,,,,189.0,-276.0,152.0,-183.0,0.375
401810188,2025-12-04,2026,2025-12-05T00:00Z,,fourfactors_hl25_b2b_carry25_phase_luck_talent_ft_avail_v6,reconstructed,PHI,GSW,20,22,0,0,-1.426,0.52308,PHI,0.52308,,,,,-155.0,130.0,-175.0,145.0,0.60924,dk,99.0,98.0,1.0,-4.5,-105.0,-115.0,,,,,,,,,,,,,,,,,,-116.0,-112.0,-175.0,146.0,0.615
401810189,2025-12-04,2026,2025-12-05T00:00Z,,fourfactors_hl25_b2b_carry25_phase_luck_talent_ft_avail_v6,reconstructed,WAS,BOS,20,21,0,0,-50.36,0.18625,BOS,0.81375,,,,,295.0,-395.0,370.0,-485.0,0.20422,dk,101.0,146.0,0.0,10.5,-105.0,-115.0,,,,,,,,,,,,,,,,,,280.0,-525.0,398.0,-489.0,0.185
401810190,2025-12-04,2026,2025-12-05T00:30Z,,fourfactors_hl25_b2b_carry25_phase_luck_talent_ft_avail_v6,reconstructed,BRK,UTA,21,20,1,0,-2.445,0.50247,BRK,0.50247,,,,,145.0,-175.0,170.0,-205.0,0.35527,dk,110.0,123.0,0.0,5.5,-112.0,-108.0,,,,,,,,,,,,,,,,,,119.0,-208.0,159.0,-191.0,0.365
401810191,2025-12-04,2026,2025-12-05T00:30Z,,fourfactors_hl25_b2b_carry25_phase_luck_talent_ft_avail_v6,reconstructed,TOR,LAL,22,20,0,0,1.983,0.40169,LAL,0.59831,,,,,-108.0,-112.0,-135.0,114.0,0.55144,dk,120.0,123.0,0.0,-2.5,-112.0,-108.0,,,,,,,,,,,,,,,,,,101.0,-137.0,-137.0,114.0,0.555
401810192,2025-12-04,2026,2025-12-05T01:00Z,,fourfactors_hl25_b2b_carry25_phase_luck_talent_ft_avail_v6,reconstructed,NOP,MIN,22,21,0,0,-42.529,0.18012,MIN,0.81988,,,,,410.0,-550.0,425.0,-575.0,0.18274,dk,116.0,125.0,0.0,11.5,-108.0,-112.0,,,,,,,,,,,,,,,,,,-564.0,-660.0,456.0,-564.0,0.165
401810193,2025-12-05,2026,2025-12-06T00:00Z,,fourfactors_hl25_b2b_carry25_phase_luck_talent_ft_avail_v6,reconstructed,BOS,LAL,22,21,1,1,13.302,0.70121,BOS,0.70121,,,,,-245.0,200.0,-340.0,270.0,0.74087,dk,126.0,105.0,1.0,-8.5,-112.0,-108.0,,,,,,,,,,,,,,,,,,109.0,-142.0,-322.0,266.0,0.745
401810194,2025-12-05,2026,2025-12-06T00:00Z,,fourfactors_hl25_b2b_carry25_phase_luck_talent_ft_avail_v6,reconstructed,ORL,MIA,22,22,0,0,-3.958,0.62022,ORL,0.62022,,,,,-205.0,170.0,-225.0,185.0,0.66365,dk,106.0,105.0,1.0,-6.5,-110.0,-110.0,,,,,,,,,,,,,,,,,,-183.0,134.0,-228.0,189.0,0.675
401810195,2025-12-05,2026,2025-12-06T00:30Z,,fourfactors_hl25_b2b_carry25_phase_luck_talent_ft_avail_v6,reconstructed,ATL,DEN,23,21,0,0,-18.604,0.40245,DEN,0.59755,,,,,245.0,-290.0,136.0,-162.0,0.40663,dk,133.0,134.0,0.0,3.5,-110.0,-110.0,,,,,,,,,,,,,,,,,,134.0,-191.0,134.0,-161.0,0.405
401810196,2025-12-05,2026,2025-12-06T00:30Z,,fourfactors_hl25_b2b_carry25_phase_luck_talent_ft_avail_v6,reconstructed,CLE,SAS,23,21,0,0,-4.536,0.53796,CLE,0.53796,,,,,-198.0,164.0,-192.0,160.0,0.63094,dk,130.0,117.0,1.0,-5.5,-105.0,-115.0,,,,,,,,,,,,,,,,,,-218.0,146.0,-191.0,159.0,0.635
401810197,2025-12-05,2026,2025-12-06T00:30Z,,fourfactors_hl25_b2b_carry25_phase_luck_talent_ft_avail_v6,reconstructed,DET,POR,22,22,0,0,24.969,0.81225,DET,0.81225,,,,,-238.0,195.0,-340.0,270.0,0.74087,dk,122.0,116.0,1.0,-8.5,-105.0,-115.0,,,,,,,,,,,,,,,,,,-404.0,266.0,-340.0,266.0,0.74752
401810198,2025-12-05,2026,2025-12-06T00:30Z,,fourfactors_hl25_b2b_carry25_phase_luck_talent_ft_avail_v6,reconstructed,NYK,UTA,21,21,0,1,40.168,0.89812,NYK,0.89812,,,,,-1200.0,750.0,-1350.0,800.0,0.89338,dk,146.0,112.0,1.0,-16.5,-105.0,-115.0,,,,,,,,,,,,,,,,,,-564.0,351.0,-967.0,756.0,0.895
401810199,2025-12-05,2026,2025-12-06T00:30Z,,fourfactors_hl25_b2b_carry25_phase_luck_talent_ft_avail_v6,reconstructed,TOR,CHO,23,22,1,0,35.142,0.5599,TOR,0.5599,,,,,-360.0,285.0,-270.0,220.0,0.70016,dk,86.0,111.0,0.0,-6.5,-110.0,-110.0,,,,,,,,,,,,,,,,,,-404.0,296.0,-276.0,218.0,0.70792
401810200,2025-12-05,2026,2025-12-06T01:00Z,,fourfactors_hl25_b2b_carry25_phase_luck_talent_ft_avail_v6,reconstructed,CHI,IND,21,22,0,0,16.202,0.66379,CHI,0.66379,,,,,-218.0,180.0,-192.0,160.0,0.63094,dk,105.0,120.0,0.0,-4.5,-115.0,-105.0,,,,,,,,,,,,,,,,,,-306.0,173.0,-199.0,159.0,0.63861
401810201,2025-12-05,2026,2025-12-06T01:00Z,,fourfactors_hl25_b2b_carry25_phase_luck_talent_ft_avail_v6,reconstructed,HOU,PHO,19,22,0,0,14.999,0.68713,HOU,0.68713,,,,,-535.0,400.0,-380.0,300.0,0.76,dk,117.0,98.0,1.0,-8.5,-110.0,-110.0,,,,,,,,,,,,,,,,,,-306.0,240.0,-381.0,313.0,0.77387
401810202,2025-12-05,2026,2025-12-06T01:00Z,,fourfactors_hl25_b2b_carry25_phase_luck_talent_ft_avail_v6,reconstructed,MEM,LAC,22,22,0,0,4.785,0.48678,LAC,0.51322,,,,,110.0,-130.0,114.0,-135.0,0.44856,dk,107.0,98.0,1.0,2.5,-115.0,-105.0,,,,,,,,,,,,,,,,,,-126.0,-142.0,109.0,-131.0,0.455
401810203,2025-12-05,2026,2025-12-06T01:00Z,,fourfactors_hl25_b2b_carry25_phase_luck_talent_ft_avail_v6,reconstructed,MIL,PHI,23,21,0,1,5.457,0.65761,MIL,0.65761,,,,,114.0,-135.0,-105.0,-115.0,0.48917,dk,101.0,116.0,0.0,1.5,-115.0,-105.0,,,,,,,,,,,,,,,,,,-199.0,140.0,-103.0,-112.0,0.4899
401810204,2025-12-05,2026,2025-12-06T02:30Z,,fourfactors_hl25_b2b_carry25_phase_luck_talent_ft_avail_v6,reconstructed,OKC,DAL,22,23,0,0,48.881,0.89386,OKC,0.89386,,,,,-1050.0,675.0,-1200.0,750.0,0.88696,dk,132.0,111.0,1.0,-15.5,-112.0,-108.0,,,,,,,,,,,,,,,,,,-1236.0,574.0,-967.0,756.0,0.895
401810205,2025-12-06,2026,2025-12-06T22:00Z,,fourfactors_hl25_b2b_carry25_phase_luck_talent_ft_avail_v6,reconstructed,BRK,NOP,22,23,0,0,0.813,0.58532,BRK,0.58532,,,,,-125.0,105.0,-166.0,140.0,0.59964,dk,119.0,101.0,1.0,-3.5,-115.0,-105.0,,,,,,,,,,,,,,,,,,-199.0,134.0,-168.0,140.0,0.605
401810206,2025-12-06,2026,2025-12-07T00:00Z,,fourfactors_hl25_b2b_carry25_phase_luck_talent_ft_avail_v6,reconstructed,WAS,ATL,21,24,0,1,-42.278,0.2509,ATL,0.7491,,,,,260.0,-325.0,330.0,-425.0,0.22317,dk,116.0,131.0,0.0,9.5,-110.0,-110.0,,,,,,,,,,,,,,,,,,296.0,-458.0,351.0,-458.0,0.20297
401810207,2025-12-06,2026,2025-12-07T00:30Z,,fourfactors_hl25_b2b_carry25_phase_luck_talent_ft_avail_v6,reconstructed,CLE,GSW,24,23,1,0,12.994,0.65576,CLE,0.65576,,,,,-325.0,260.0,-375.0,295.0,0.75719,dk,94.0,99.0,0.0,-8.5,-120.0,100.0,,,,,,,,,,,,,,,,,,-251.0,173.0,-360.0,296.0,0.765
401810208,2025-12-06,2026,2025-12-07T00:30Z,,fourfactors_hl25_b2b_carry25_phase_luck_talent_ft_avail_v6,reconstructed,DET,MIL,23,24,1,1,13.995,0.78743,DET,0.78743,,,,,-575.0,425.0,-675.0,490.0,0.8371,dk,124.0,112.0,1.0,-12.5,-112.0,-108.0,,,,,,,,,,,,,,,,,,-430.0,280.0,-609.0,490.0,0.845
401810209,2025-12-06,2026,2025-12-07T01:00Z,,fourfactors_hl25_b2b_carry25_phase_luck_talent_ft_avail_v6,reconstructed,MIA,SAC,23,22,1,0,44.459,0.76149,MIA,0.76149,,,,,-285.0,230.0,-360.0,285.0,0.75081,dk,111.0,127.0,0.0,-8.5,-110.0,-110.0,,,,,,,,,,,,,,,,,,-430.0,280.0,-360.0,280.0,0.75622
401810210,2025-12-06,2026,2025-12-07T01:00Z,,fourfactors_hl25_b2b_carry25_phase_luck_talent_ft_avail_v6,reconstructed,MIN,LAC,22,23,0,1,34.826,0.78321,MIN,0.78321,,,,,-410.0,320.0,-375.0,295.0,0.75719,dk,109.0,106.0,1.0,-8.5,-112.0,-108.0,,,,,,,,,,,,,,,,,,-322.0,198.0,-360.0,280.0,0.75743
401810211,2025-12-06,2026,2025-12-07T01:30Z,,fourfactors_hl25_b2b_carry25_phase_luck_talent_ft_avail_v6,reconstructed,DAL,HOU,24,20,1,1,-38.249,0.33672,HOU,0.66328,,,,,425.0,-575.0,210.0,-258.0,0.30921,dk,122.0,109.0,1.0,6.5,-105.0,-115.0,,,,,,,,,,,,,,,,,,240.0,-381.0,208.0,-251.0,0.305
401810212,2025-12-07,2026,2025-12-07T17:00Z,,fourfactors_hl25_b2b_carry25_phase_luck_talent_ft_avail_v6,reconstructed,NYK,ORL,22,23,0,0,15.707,0.6162,NYK,0.6162,,,,,-162.0,136.0,-122.0,102.0,0.52609,dk,106.0,100.0,1.0,-1.5,100.0,-120.0,,,,,,,,,,,,,,,,,,-168.0,119.0,-116.0,-103.0,0.515
401810213,2025-12-07,2026,2025-12-07T20:30Z,,fourfactors_hl25_b2b_carry25_phase_luck_talent_ft_avail_v6,reconstructed,TOR,BOS,24,23,0,0,-19.878,0.31748,BOS,0.68252,,,,,114.0,-135.0,130.0,-155.0,0.41701,dk,113.0,121.0,0.0,3.5,-112.0,-108.0,,,,,,,,,,,,,,,,,,-142.0,101.0,129.0,-154.0,0.415
401810214,2025-12-07,2026,2025-12-07T23:00Z,,fourfactors_hl25_b2b_carry25_phase_luck_talent_ft_avail_v6,reconstructed,CHO,DEN,23,22,0,0,-42.715,0.23884,DEN,0.76116,,,,,350.0,-455.0,360.0,-470.0,0.20864,dk,106.0,115.0,0.0,10.5,-115.0,-105.0,,,,,,,,,,,,,,,,,,313.0,-430.0,373.0,-489.0,0.19403
401810215,2025-12-07,2026,2025-12-07T23:00Z,,fourfactors_hl25_b2b_carry25_phase_luck_talent_ft_avail_v6,reconstructed,MEM,POR,23,23,0,0,0.752,0.62753,MEM,0.62753,,,,,-110.0,-110.0,-125.0,105.0,0.53247,dk,119.0,96.0,1.0,-1.5,-115.0,-105.0,,,,,,,,,,,,,,,,,,-218.0,-154.0,-137.0,109.0,0.5495
401810216,2025-12-07,2026,2025-12-08T00:00Z,,fourfactors_hl25_b2b_carry25_phase_luck_talent_ft_avail_v6,reconstructed,CHI,GSW,22,24,0,1,-12.161,0.68702,CHI,0.68702,,,,,-110.0,-110.0,-105.0,-115.0,0.48917,dk,91.0,123.0,0.0,1.5,-118.0,-102.0,,,,,,,,,,,,,,,,,,-154.0,-112.0,-103.0,-116.0,0.485
401810217,2025-12-07,2026,2025-12-08T00:30Z,,fourfactors_hl25_b2b_carry25_phase_luck_talent_ft_avail_v6,reconstructed,PHI,LAL,22,22,0,0,-7.916,0.52249,PHI,0.52249,,,,,136.0,-162.0,120.0,-142.0,0.43651,dk,108.0,112.0,0.0,2.5,-105.0,-115.0,,,,,,,,,,,,,,,,,,134.0,-191.0,119.0,-148.0,0.43069
401810218,2025-12-07,2026,2025-12-08T01:00Z,,fourfactors_hl25_b2b_carry25_phase_luck_talent_ft_avail_v6,reconstructed,UTA,OKC,22,23,0,0,-63.222,0.14748,OKC,0.85252,,,,,455.0,-625.0,440.0,-600.0,0.17766,dk,101.0,131.0,0.0,11.5,-102.0,-118.0,,,,,,,,,,,,,,,,,,529.0,-719.0,425.0,-525.0,0.175
401810219,2025-12-08,2026,2025-12-09T00:00Z,,fourfactors_hl25_b2b_carry25_phase_luck_talent_ft_avail_v6,reconstructed,IND,SAC,23,23,0,0,3.802,0.58402,IND,0.58402,,,,,-162.0,136.0,-162.0,136.0,0.59337,dk,116.0,105.0,1.0,-3.5,-115.0,-105.0,,,,,,,,,,,,,,,,,,-199.0,105.0,-168.0,134.0,0.59701
401810220,2025-12-08,2026,2025-12-09T00:30Z,,fourfactors_hl25_b2b_carry25_phase_luck_talent_ft_avail_v6,reconstructed,MIN,PHO,23,23,0,0,9.792,0.71727,MIN,0.71727,,,,,-395.0,310.0,-375.0,295.0,0.75719,dk,105.0,108.0,0.0,-8.5,-105.0,-115.0,,,,,,,,,,,,,,,,,,-322.0,218.0,-360.0,280.0,0.75743
401810221,2025-12-08,2026,2025-12-09T01:00Z,,fourfactors_hl25_b2b_carry25_phase_luck_talent_ft_avail_v6,reconstructed,NOP,SAS,24,22,0,0,-38.697,0.27025,SAS,0.72975,,,,,300.0,-380.0,300.0,-380.0,0.24,dk,132.0,135.0,0.0,8.5,-105.0,-115.0,,,,,,,,,,,,,,,,,,296.0,-489.0,331.0,-430.0,0.21287
401809833,2025-12-09,2026,2025-12-09T23:00Z,,fourfactors_hl25_b2b_carry25_phase_luck_talent_ft_avail_v6,reconstructed,ORL,MIA,24,24,0,0,-4.804,0.53438,ORL,0.53438,,,,,-205.0,170.0,-118.0,-102.0,0.51736,dk,117.0,108.0,1.0,-1.5,-110.0,-110.0,,,,,,,,,,,,,,,,,,-208.0,159.0,-121.0,-103.0,0.5198
401809834,2025-12-09,2026,2025-12-10T01:30Z,,fourfactors_hl25_b2b_carry25_phase_luck_talent_ft_avail_v6,reconstructed,TOR,NYK,25,23,0,0,-21.201,0.34759,NYK,0.65241,,,,,110.0,-130.0,210.0,-258.0,0.30921,dk,101.0,117.0,0.0,6.5,-105.0,-115.0,,,,,,,,,,,,,,,,,,124.0,-161.0,198.0,-251.0,0.31188
401809835,2025-12-10,2026,2025-12-11T00:30Z,,fourfactors_hl25_b2b_carry25_phase_luck_talent_ft_avail_v6,reconstructed,OKC,PHO,24,24,0,0,38.18,0.75552,OKC,0.75552,,,,,-950.0,625.0,-1100.0,700.0,0.88,dk,138.0,89.0,1.0,-15.5,-108.0,-112.0,,,,,,,,,,,,,,,,,,-1087.0,685.0,-967.0,756.0,0.895
401809836,2025-12-10,2026,2025-12-11T03:00Z,,fourfactors_hl25_b2b_carry25_phase_luck_talent_ft_avail_v6,reconstructed,LAL,SAS,23,23,0,0,-1.079,0.72392,LAL,0.72392,,,,,-180.0,150.0,-285.0,230.0,0.70954,dk,119.0,132.0,0.0,-7.5,-102.0,-118.0,,,,,,,,,,,,,,,,,,-191.0,152.0,-276.0,218.0,0.70792
401836746,2025-12-11,2026,2025-12-12T01:00Z,,fourfactors_hl25_b2b_carry25_phase_luck_talent_ft_avail_v6,reconstructed,HOU,LAC,21,24,0,0,43.159,0.62554,HOU,0.62554,,,,,-345.0,275.0,-380.0,300.0,0.76,dk,115.0,113.0,1.0,-8.5,-112.0,-108.0,,,,,,,,,,,,,,,,,,-458.0,313.0,-381.0,296.0,0.76733
401836747,2025-12-11,2026,2025-12-12T01:00Z,,fourfactors_hl25_b2b_carry25_phase_luck_talent_ft_avail_v6,reconstructed,MIL,BOS,25,24,0,0,-26.436,0.24823,BOS,0.75177,,,,,220.0,-270.0,320.0,-410.0,0.22849,dk,116.0,101.0,1.0,9.5,-108.0,-112.0,,,,,,,,,,,,,,,,,,252.0,-340.0,331.0,-430.0,0.21287
401836748,2025-12-11,2026,2025-12-12T01:00Z,,fourfactors_hl25_b2b_carry25_phase_luck_talent_ft_avail_v6,reconstructed,NOP,POR,25,24,0,0,-10.573,0.51368,NOP,0.51368,,,,,170.0,-205.0,142.0,-170.0,0.39624,dk,143.0,120.0,1.0,4.5,-118.0,-102.0,,,,,,,,,,,,,,,,,,218.0,-251.0,146.0,-175.0,0.385
401836749,2025-12-11,2026,2025-12-12T03:00Z,,fourfactors_hl25_b2b_carry25_phase_luck_talent_ft_avail_v6,reconstructed,SAC,DEN,24,23,0,0,-49.798,0.1718,DEN,0.8282,,,,,300.0,-380.0,370.0,-485.0,0.20422,dk,105.0,136.0,0.0,10.5,-112.0,-108.0,,,,,,,,,,,,,,,,,,252.0,-404.0,398.0,-489.0,0.185
401836750,2025-12-12,2026,2025-12-13T00:00Z,,fourfactors_hl25_b2b_carry25_phase_luck_talent_ft_avail_v6,reconstructed,CHO,CHI,24,23,0,0,-2.811,0.5219,CHO,0.5219,,,,,-110.0,-110.0,120.0,-142.0,0.43651,dk,126.0,129.0,0.0,2.5,-105.0,-115.0,,,,,,,,,,,,,,,,,,-112.0,-116.0,119.0,-142.0,0.435
401836751,2025-12-12,2026,2025-12-13T00:00Z,,fourfactors_hl25_b2b_carry25_phase_luck_talent_ft_avail_v6,reconstructed,DET,ATL,24,25,0,0,9.415,0.67866,DET,0.67866,,,,,-238.0,195.0,-285.0,230.0,0.70954,dk,142.0,115.0,1.0,-6.5,-115.0,-105.0,,,,,,,,,,,,,,,,,,-276.0,208.0,-276.0,218.0,0.70792
401836752,2025-12-12,2026,2025-12-13T00:00Z,,fourfactors_hl25_b2b_carry25_phase_luck_talent_ft_avail_v6,reconstructed,PHI,IND,23,24,0,0,17.726,0.72833,PHI,0.72833,,,,,-245.0,200.0,-230.0,190.0,0.66901,dk,115.0,105.0,1.0,-5.5,-110.0,-110.0,,,,,,,,,,,,,,,,,,-306.0,218.0,-228.0,189.0,0.675
401836753,2025-12-12,2026,2025-12-13T00:00Z,,fourfactors_hl25_b2b_carry25_phase_luck_talent_ft_avail_v6,reconstructed,WAS,CLE,22,25,0,0,-48.372,0.1674,CLE,0.8326,,,,,575.0,-850.0,850.0,-1450.0,0.10114,dk,126.0,130.0,0.0,16.5,-112.0,-108.0,,,,,,,,,,,,,,,,,,574.0,-788.0,945.0,-1087.0,0.08586
401836754,2025-12-12,2026,2025-12-13T01:00Z,,fourfactors_hl25_b2b_carry25_phase_luck_talent_ft_avail_v6,reconstructed,MEM,UTA,24,23,0,0,18.542,0.73224,MEM,0.73224,,,,,-238.0,195.0,-278.0,225.0,0.70503,dk,126.0,130.0,0.0,-7.5,-105.0,-115.0,,,,,,,,,,,,,,,,,,-263.0,189.0,-263.0,218.0,0.705
401836795,2025-12-12,2026,2025-12-13T01:30Z,,fourfactors_hl25_b2b_carry25_phase_luck_talent_ft_avail_v6,reconstructed,DAL,BRK,25,23,0,0,13.775,0.60773,DAL,0.60773,,,,,-285.0,230.0,-290.0,235.0,0.71355,dk,119.0,111.0,1.0,-7.5,-105.0,-115.0,,,,,,,,,,,,,,,,,,-251.0,189.0,-290.0,252.0,0.73232
401836796,2025-12-12,2026,2025-12-13T03:00Z,,fourfactors_hl25_b2b_carry25_phase_luck_talent_ft_avail_v6,reconstructed,GSW,MIN,25,24,0,0,-9.06,0.44125,MIN,0.55875,,,,,114.0,-135.0,-192.0,160.0,0.63094,dk,120.0,127.0,0.0,-4.5,-115.0,-105.0,,,,,,,,,,,,,,,,,,105.0,-126.0,-199.0,159.0,0.64
401836797,2025-12-14,2026,2025-12-14T20:00Z,,fourfactors_hl25_b2b_carry25_phase_luck_talent_ft_avail_v6,reconstructed,IND,WAS,25,23,0,0,13.128,0.66934,IND,0.66934,,,,,-375.0,295.0,-425.0,330.0,0.77683,dk,89.0,108.0,0.0,-10.5,-105.0,-115.0,,,,,,,,,,,,,,,,,,-719.0,-719.0,-430.0,331.0,0.79
401836799,2025-12-14,2026,2025-12-14T20:30Z,,fourfactors_hl25_b2b_carry25_phase_luck_talent_ft_avail_v6,reconstructed,CLE,CHO,26,25,0,0,29.212,0.81368,CLE,0.81368,,,,,-535.0,400.0,-625.0,455.0,0.82712,dk,111.0,119.0,0.0,-11.5,-118.0,-102.0,,,,,,,,,,,,,,,,,,-719.0,-719.0,-564.0,456.0,0.835
401836798,2025-12-14,2026,2025-12-14T23:00Z,,fourfactors_hl25_b2b_carry25_phase_luck_talent_ft_avail_v6,reconstructed,ATL,PHI,26,24,0,0,4.07,0.70347,ATL,0.70347,,,,,-142.0,120.0,-175.0,145.0,0.60924,dk,120.0,117.0,1.0,-4.5,-105.0,-115.0,,,,,,,,,,,,,,,,,,-154.0,129.0,-175.0,140.0,0.60891
401836800,2025-12-14,2026,2025-12-14T23:00Z,,fourfactors_hl25_b2b_carry25_phase_luck_talent_ft_avail_v6,reconstructed,BRK,MIL,24,26,0,0,-23.909,0.50056,BRK,0.50056,,,,,100.0,-120.0,102.0,-122.0,0.47391,dk,127.0,82.0,1.0,1.5,-108.0,-112.0,,,,,,,,,,,,,,,,,,-107.0,-126.0,-103.0,-121.0,0.47761
401836801,2025-12-14,2026,2025-12-15T00:00Z,,fourfactors_hl25_b2b_carry25_phase_luck_talent_ft_avail_v6,reconstructed,MIN,SAC,25,25,0,0,44.944,0.8389,MIN,0.8389,,,,,-600.0,440.0,-410.0,320.0,0.77151,dk,117.0,103.0,1.0,-9.5,-110.0,-110.0,,,,,,,,,,,,,,,,,,-404.0,296.0,-458.0,351.0,0.79703
401836804,2025-12-14,2026,2025-12-15T00:00Z,,fourfactors_hl25_b2b_carry25_phase_luck_talent_ft_avail_v6,reconstructed,CHI,NOP,24,26,0,0,3.849,0.62558,CHI,0.62558,,,,,-198.0,164.0,-192.0,160.0,0.63094,dk,104.0,114.0,0.0,-4.5,-110.0,-110.0,,,,,,,,,,,,,,,,,,-276.0,208.0,-191.0,159.0,0.635
401839699,2025-12-14,2026,2025-12-15T01:00Z,,fourfactors_hl25_b2b_carry25_phase_luck_talent_ft_avail_v6,reconstructed,PHO,LAL,25,24,0,0,-9.879,0.36043,LAL,0.63957,,,,,114.0,-135.0,-115.0,-105.0,0.51083,dk,114.0,116.0,0.0,-1.5,-108.0,-112.0,,,,,,,,,,,,,,,,,,109.0,-168.0,-121.0,101.0,0.525
401836802,2025-12-14,2026,2025-12-15T02:00Z,,fourfactors_hl25_b2b_carry25_phase_luck_talent_ft_avail_v6,reconstructed,POR,GSW,25,26,0,0,-18.911,0.34312,GSW,0.65688,,,,,160.0,-192.0,170.0,-205.0,0.35527,dk,136.0,131.0,1.0,5.5,-115.0,-105.0,,,,,,,,,,,,,,,,,,114.0,-161.0,173.0,-218.0,0.34158
401836803,2025-12-15,2026,2025-12-16T00:00Z,,fourfactors_hl25_b2b_carry25_phase_luck_talent_ft_avail_v6,reconstructed,BOS,DET,25,25,0,0,2.95,0.56858,BOS,0.56858,,,,,-118.0,-102.0,-118.0,-102.0,0.51736,dk,105.0,112.0,0.0,-1.5,-108.0,-112.0,,,,,,,,,,,,,,,,,,-137.0,105.0,-121.0,-103.0,0.5198
401839023,2025-12-15,2026,2025-12-16T00:30Z,,fourfactors_hl25_b2b_carry25_phase_luck_talent_ft_avail_v6,reconstructed,MIA,TOR,25,26,0,0,11.653,0.72157,MIA,0.72157,,,,,-218.0,180.0,-185.0,154.0,0.62247,dk,96.0,106.0,0.0,-4.5,-115.0,-105.0,,,,,,,,,,,,,,,,,,-161.0,124.0,-183.0,152.0,0.625
401836805,2025-12-15,2026,2025-12-16T02:00Z,,fourfactors_hl25_b2b_carry25_phase_luck_talent_ft_avail_v6,reconstructed,UTA,DAL,24,26,0,0,-17.575,0.48746,DAL,0.51254,,,,,114.0,-135.0,-105.0,-115.0,0.48917,dk,140.0,133.0,1.0,1.5,-115.0,-105.0,,,,,,,,,,,,,,,,,,-107.0,-131.0,-103.0,-121.0,0.4802
401836806,2025-12-15,2026,2025-12-16T02:30Z,,fourfactors_hl25_b2b_carry25_phase_luck_talent_ft_avail_v6,reconstructed,DEN,HOU,24,22,0,0,5.611,0.57637,DEN,0.57637,,,,,-115.0,-105.0,-105.0,-115.0,0.48917,dk,128.0,125.0,1.0,1.5,-112.0,-108.0,,,,,,,,,,,,,,,,,,-142.0,-112.0,101.0,-121.0,0.475
401836807,2025-12-15,2026,2025-12-16T03:30Z,,fourfactors_hl25_b2b_carry25_phase_luck_talent_ft_avail_v6,reconstructed,LAC,MEM,25,25,0,0,-10.609,0.59109,LAC,0.59109,,,,,-180.0,150.0,-218.0,180.0,0.65748,dk,103.0,121.0,0.0,-5.5,-110.0,-110.0,,,,,,,,,,,,,,,,,,-148.0,105.0,-199.0,166.0,0.645
401810222,2025-12-17,2026,2025-12-18T01:00Z,,fourfactors_hl25_b2b_carry25_phase_luck_talent_ft_avail_v6,reconstructed,CHI,CLE,25,27,0,0,-24.837,0.40649,CLE,0.59351,,,,,150.0,-180.0,180.0,-218.0,0.34252,dk,127.0,111.0,1.0,5.5,-108.0,-112.0,,,,,,,,,,,,,,,,,,140.0,-322.0,173.0,-218.0,0.34328
401810223,2025-12-17,2026,2025-12-18T01:00Z,,fourfactors_hl25_b2b_carry25_phase_luck_talent_ft_avail_v6,reconstructed,MIN,MEM,26,26,0,0,21.206,0.63413,MIN,0.63413,,,,,-285.0,230.0,-265.0,215.0,0.69577,dk,110.0,116.0,0.0,-6.5,-112.0,-108.0,,,,,,,,,,,,,,,,,,-263.0,198.0,-263.0,208.0,0.70149
401810226,2025-12-18,2026,2025-12-19T00:00Z,,fourfactors_hl25_b2b_carry25_phase_luck_talent_ft_avail_v6,reconstructed,CHO,ATL,26,27,0,0,-19.959,0.38119,ATL,0.61881,,,,,150.0,-180.0,154.0,-185.0,0.37753,dk,133.0,126.0,1.0,4.5,-110.0,-110.0,,,,,,,,,,,,,,,,,,173.0,-228.0,152.0,-183.0,0.375
401810227,2025-12-18,2026,2025-12-19T00:00Z,,fourfactors_hl25_b2b_carry25_phase_luck_talent_ft_avail_v6,reconstructed,IND,NYK,26,25,0,0,-53.012,0.16992,NYK,0.83008,,,,,164.0,-198.0,136.0,-162.0,0.40663,dk,113.0,114.0,0.0,3.5,-108.0,-112.0,,,,,,,,,,,,,,,,,,331.0,-489.0,134.0,-168.0,0.40099
401810228,2025-12-18,2026,2025-12-19T00:30Z,,fourfactors_hl25_b2b_carry25_phase_luck_talent_ft_avail_v6,reconstructed,BRK,MIA,25,26,0,0,-23.03,0.40215,MIA,0.59785,,,,,205.0,-250.0,230.0,-285.0,0.29046,dk,95.0,106.0,0.0,8.5,-118.0,-102.0,,,,,,,,,,,,,,,,,,252.0,-322.0,229.0,-276.0,0.285
401810224,2025-12-18,2026,2025-12-19T01:00Z,,fourfactors_hl25_b2b_carry25_phase_luck_talent_ft_avail_v6,reconstructed,OKC,LAC,26,26,0,0,65.493,0.93117,OKC,0.93117,,,,,-950.0,625.0,-1600.0,900.0,0.90395,dk,122.0,101.0,1.0,-16.5,-115.0,-105.0,,,,,,,,,,,,,,,,,,-1087.0,625.0,-1236.0,841.0,0.90594
401810225,2025-12-18,2026,2025-12-19T01:00Z,,fourfactors_hl25_b2b_carry25_phase_luck_talent_ft_avail_v6,reconstructed,SAS,WAS,25,24,0,0,40.756,0.89295,SAS,0.89295,,,,,-1100.0,700.0,-1200.0,750.0,0.88696,dk,119.0,94.0,1.0,-15.5,-112.0,-108.0,,,,,,,,,,,,,,,,,,-869.0,529.0,-967.0,756.0,0.895
401810229,2025-12-18,2026,2025-12-19T01:00Z,,fourfactors_hl25_b2b_carry25_phase_luck_talent_ft_avail_v6,reconstructed,MIL,TOR,27,27,0,0,-3.87,0.51326,MIL,0.51326,,,,,150.0,-180.0,160.0,-192.0,0.36906,dk,105.0,111.0,0.0,4.5,-102.0,-118.0,,,,,,,,,,,,,,,,,,159.0,-208.0,152.0,-191.0,0.37313
401810230,2025-12-18,2026,2025-12-19T01:00Z,,fourfactors_hl25_b2b_carry25_phase_luck_talent_ft_avail_v6,reconstructed,NOP,HOU,27,23,0,0,-37.349,0.32021,HOU,0.67979,,,,,330.0,-425.0,320.0,-410.0,0.22849,dk,133.0,128.0,1.0,9.5,-115.0,-105.0,,,,,,,,,,,,,,,,,,351.0,-458.0,313.0,-404.0,0.21891
401810231,2025-12-18,2026,2025-12-19T01:30Z,,fourfactors_hl25_b2b_carry25_phase_luck_talent_ft_avail_v6,reconstructed,DAL,DET,27,26,0,0,-26.422,0.30805,DET,0.69195,,,,,170.0,-205.0,180.0,-218.0,0.34252,dk,116.0,114.0,1.0,5.5,-105.0,-115.0,,,,,,,,,,,,,,,,,,198.0,-263.0,181.0,-218.0,0.33668
401810232,2025-12-18,2026,2025-12-19T02:00Z,,fourfactors_hl25_b2b_carry25_phase_luck_talent_ft_avail_v6,reconstructed,DEN,ORL,25,26,0,0,22.113,0.75632,DEN,0.75632,,,,,-298.0,240.0,-270.0,220.0,0.70016,dk,126.0,115.0,1.0,-6.5,-108.0,-112.0,,,,,,,,,,,,,,,,,,-263.0,198.0,-263.0,208.0,0.69802
401810233,2025-12-18,2026,2025-12-19T02:00Z,,fourfactors_hl25_b2b_carry25_phase_luck_talent_ft_avail_v6,reconstructed,PHO,GSW,26,27,0,0,-4.917,0.44377,GSW,0.55623,,,,,100.0,-120.0,110.0,-130.0,0.45726,dk,99.0,98.0,1.0,1.5,-108.0,-112.0,,,,,,,,,,,,,,,,,,-112.0,-121.0,114.0,-137.0,0.445
401810234,2025-12-18,2026,2025-12-19T02:00Z,,fourfactors_hl25_b2b_carry25_phase_luck_talent_ft_avail_v6,reconstructed,UTA,LAL,25,25,0,0,-29.851,0.23899,LAL,0.76101,,,,,200.0,-245.0,310.0,-395.0,0.2341,dk,135.0,143.0,0.0,9.5,-120.0,100.0,,,,,,,,,,,,,,,,,,189.0,-263.0,313.0,-381.0,0.225
401810235,2025-12-18,2026,2025-12-19T03:00Z,,fourfactors_hl25_b2b_carry25_phase_luck_talent_ft_avail_v6,reconstructed,POR,SAC,26,26,0,0,14.395,0.72145,POR,0.72145,,,,,-298.0,240.0,-340.0,270.0,0.74087,dk,134.0,133.0,1.0,-8.5,-115.0,-105.0,,,,,,,,,,,,,,,,,,-251.0,181.0,-340.0,266.0,0.74627
401810236,2025-12-19,2026,2025-12-20T00:00Z,,fourfactors_hl25_b2b_carry25_phase_luck_talent_ft_avail_v6,reconstructed,BOS,MIA,26,27,0,1,9.603,0.80462,BOS,0.80462,,,,,-225.0,185.0,-305.0,245.0,0.72208,dk,129.0,116.0,1.0,-7.5,-110.0,-110.0,,,,,,,,,,,,,,,,,,-183.0,134.0,-290.0,240.0,0.725
401810237,2025-12-19,2026,2025-12-20T00:00Z,,fourfactors_hl25_b2b_carry25_phase_luck_talent_ft_avail_v6,reconstructed,NYK,PHI,26,25,1,0,30.304,0.68527,NYK,0.68527,,,,,-218.0,180.0,-245.0,200.0,0.68056,dk,107.0,116.0,0.0,-6.5,-108.0,-112.0,,,,,,,,,,,,,,,,,,-290.0,208.0,-251.0,198.0,0.68812
401810238,2025-12-19,2026,2025-12-20T00:30Z,,fourfactors_hl25_b2b_carry25_phase_luck_talent_ft_avail_v6,reconstructed,ATL,SAS,28,26,1,1,-12.764,0.41283,SAS,0.58717,,,,,110.0,-130.0,142.0,-170.0,0.39624,dk,98.0,126.0,0.0,3.5,-112.0,-108.0,,,,,,,,,,,,,,,,,,159.0,-239.0,140.0,-175.0,0.39109
401810239,2025-12-19,2026,2025-12-20T00:30Z,,fourfactors_hl25_b2b_carry25_phase_luck_talent_ft_avail_v6,reconstructed,CLE,CHI,28,26,0,0,18.257,0.6658,CLE,0.6658,,,,,-265.0,215.0,-180.0,150.0,0.61644,dk,125.0,136.0,0.0,-4.5,-105.0,-115.0,,,,,,,,,,,,,,,,,,-660.0,-609.0,-175.0,140.0,0.60891
401810240,2025-12-19,2026,2025-12-20T02:30Z,,fourfactors_hl25_b2b_carry25_phase_luck_talent_ft_avail_v6,reconstructed,MIN,OKC,27,27,0,1,-31.184,0.27564,OKC,0.72436,,,,,260.0,-325.0,210.0,-258.0,0.30921,dk,112.0,107.0,1.0,5.5,-102.0,-118.0,,,,,,,,,,,,,,,,,,-458.0,-660.0,208.0,-251.0,0.305
401810241,2025-12-20,2026,2025-12-20T22:00Z,,fourfactors_hl25_b2b_carry25_phase_luck_talent_ft_avail_v6,reconstructed,DEN,HOU,26,24,0,0,9.14,0.58659,DEN,0.58659,,,,,-120.0,100.0,102.0,-122.0,0.47391,dk,101.0,115.0,0.0,1.5,-110.0,-110.0,,,,,,,,,,,,,,,,,,-148.0,-103.0,101.0,-121.0,0.475
401810242,2025-12-20,2026,2025-12-21T00:00Z,,fourfactors_hl25_b2b_carry25_phase_luck_talent_ft_avail_v6,reconstructed,PHI,DAL,26,28,1,0,5.974,0.45055,DAL,0.54945,,,,,-135.0,114.0,-120.0,100.0,0.52174,dk,121.0,114.0,1.0,-1.5,-108.0,-112.0,,,,,,,,,,,,,,,,,,-218.0,152.0,-126.0,101.0,0.52736
401810243,2025-12-20,2026,2025-12-21T00:00Z,,fourfactors_hl25_b2b_carry25_phase_luck_talent_ft_avail_v6,reconstructed,TOR,BOS,28,27,0,1,-18.947,0.4264,BOS,0.5736,,,,,114.0,-135.0,-122.0,102.0,0.52609,dk,96.0,112.0,0.0,-1.5,-112.0,-108.0,,,,,,,,,,,,,,,,,,-112.0,-137.0,-126.0,101.0,0.53
401810244,2025-12-20,2026,2025-12-21T00:00Z,,fourfactors_hl25_b2b_carry25_phase_luck_talent_ft_avail_v6,reconstructed,NOP,IND,28,27,0,0,6.764,0.69441,NOP,0.69441,,,,,-135.0,114.0,-130.0,110.0,0.54274,dk,128.0,109.0,1.0,-2.5,-105.0,-115.0,,,,,,,,,,,,,,,,,,-142.0,-148.0,-142.0,114.0,0.56219
401810245,2025-12-20,2026,2025-12-21T00:30Z,,fourfactors_hl25_b2b_carry25_phase_luck_talent_ft_avail_v6,reconstructed,DET,CHO,27,27,0,0,31.657,0.78966,DET,0.78966,,,,,-395.0,310.0,-500.0,380.0,0.8,dk,112.0,86.0,1.0,-10.5,-108.0,-112.0,,,,,,,,,,,,,,,,,,-458.0,280.0,-458.0,351.0,0.79703
401810246,2025-12-20,2026,2025-12-21T01:00Z,,fourfactors_hl25_b2b_carry25_phase_luck_talent_ft_avail_v6,reconstructed,MEM,WAS,27,25,0,0,28.715,0.78341,MEM,0.78341,,,,,-470.0,360.0,-600.0,440.0,0.82234,dk,122.0,130.0,0.0,-12.5,-105.0,-115.0,,,,,,,,,,,,,,,,,,-404.0,266.0,-525.0,425.0,0.825
401810247,2025-12-20,2026,2025-12-21T01:30Z,,fourfactors_hl25_b2b_carry25_phase_luck_talent_ft_avail_v6,reconstructed,GSW,PHO,28,27,0,0,3.146,0.67287,GSW,0.67287,,,,,-198.0,164.0,-230.0,190.0,0.66901,dk,119.0,116.0,1.0,-6.5,-102.0,-118.0,,,,,,,,,,,,,,,,,,-148.0,-404.0,-218.0,181.0,0.665
401810248,2025-12-20,2026,2025-12-21T02:30Z,,fourfactors_hl25_b2b_carry25_phase_luck_talent_ft_avail_v6,reconstructed,UTA,ORL,26,27,0,0,-26.586,0.32236,ORL,0.67764,,,,,225.0,-278.0,245.0,-305.0,0.27792,dk,127.0,128.0,0.0,7.5,-110.0,-110.0,,,,,,,,,,,,,,,,,,124.0,-239.0,229.0,-290.0,0.28218
401810249,2025-12-20,2026,2025-12-21T03:00Z,,fourfactors_hl25_b2b_carry25_phase_luck_talent_ft_avail_v6,reconstructed,SAC,POR,27,27,0,0,-14.443,0.39611,POR,0.60389,,,,,150.0,-180.0,145.0,-175.0,0.39076,dk,93.0,98.0,0.0,4.5,-115.0,-105.0,,,,,,,,,,,,,,,,,,-660.0,-360.0,140.0,-168.0,0.395
401810250,2025-12-20,2026,2025-12-21T03:30Z,,fourfactors_hl25_b2b_carry25_phase_luck_talent_ft_avail_v6,reconstructed,LAC,LAL,27,26,0,0,-27.979,0.32913,LAL,0.67087,,,,,124.0,-148.0,110.0,-130.0,0.45726,dk,103.0,88.0,1.0,1.5,-105.0,-115.0,,,,,,,,,,,,,,,,,,152.0,-276.0,105.0,-131.0,0.46269
401810251,2025-12-21,2026,2025-12-21T20:30Z,,fourfactors_hl25_b2b_carry25_phase_luck_talent_ft_avail_v6,reconstructed,ATL,CHI,29,27,0,0,5.477,0.56991,ATL,0.56991,,,,,-192.0,160.0,-175.0,145.0,0.60924,dk,150.0,152.0,0.0,-4.5,-102.0,-118.0,,,,,,,,,,,,,,,,,,-228.0,146.0,-168.0,134.0,0.60199
401810252,2025-12-21,2026,2025-12-21T23:00Z,,fourfactors_hl25_b2b_carry25_phase_luck_talent_ft_avail_v6,reconstructed,BRK,TOR,26,29,0,1,-14.861,0.56794,BRK,0.56794,,,,,145.0,-175.0,130.0,-155.0,0.41701,dk,96.0,81.0,1.0,3.5,-115.0,-105.0,,,,,,,,,,,,,,,,,,146.0,-263.0,134.0,-168.0,0.40099
401810253,2025-12-21,2026,2025-12-21T23:00Z,,fourfactors_hl25_b2b_carry25_phase_luck_talent_ft_avail_v6,reconstructed,NYK,MIA,27,28,0,0,19.411,0.76365,NYK,0.76365,,,,,-310.0,250.0,-290.0,235.0,0.71355,dk,132.0,125.0,1.0,-7.5,-102.0,-118.0,,,,,,,,,,,,,,,,,,-239.0,166.0,-276.0,229.0,0.715
401810254,2025-12-21,2026,2025-12-22T00:00Z,,fourfactors_hl25_b2b_carry25_phase_luck_talent_ft_avail_v6,reconstructed,WAS,SAS,26,27,1,0,-46.782,0.11047,SAS,0.88953,,,,,700.0,-1100.0,800.0,-1350.0,0.10662,dk,113.0,124.0,0.0,15.5,-108.0,-112.0,,,,,,,,,,,,,,,,,,529.0,-609.0,841.0,-1087.0,0.095
401810255,2025-12-21,2026,2025-12-22T00:00Z,,fourfactors_hl25_b2b_carry25_phase_luck_talent_ft_avail_v6,reconstructed,MIN,MIL,28,28,0,0,20.115,0.79405,MIN,0.79405,,,,,-650.0,470.0,-625.0,455.0,0.82712,dk,103.0,100.0,1.0,-12.5,-102.0,-118.0,,,,,,,,,,,,,,,,,,-306.0,189.0,-564.0,456.0,0.835
401810256,2025-12-21,2026,2025-12-22T03:00Z,,fourfactors_hl25_b2b_carry25_phase_luck_talent_ft_avail_v6,reconstructed,SAC,HOU,28,25,1,1,-48.11,0.15589,HOU,0.84411,,,,,455.0,-625.0,455.0,-625.0,0.17288,dk,125.0,124.0,1.0,12.5,-115.0,-105.0,,,,,,,,,,,,,,,,,,173.0,-381.0,425.0,-564.0,0.17
401810257,2025-12-22,2026,2025-12-23T00:00Z,,fourfactors_hl25_b2b_carry25_phase_luck_talent_ft_avail_v6,reconstructed,CLE,CHO,29,28,0,0,22.071,0.72583,CLE,0.72583,,,,,-380.0,300.0,-375.0,295.0,0.75719,dk,139.0,132.0,1.0,-9.5,-115.0,-105.0,,,,,,,,,,,,,,,,,,-360.0,173.0,-340.0,280.0,0.755
401810258,2025-12-22,2026,2025-12-23T00:30Z,,fourfactors_hl25_b2b_carry25_phase_luck_talent_ft_avail_v6,reconstructed,BOS,IND,28,28,0,0,45.329,0.86352,BOS,0.86352,,,,,-395.0,310.0,-600.0,440.0,0.82234,dk,103.0,95.0,1.0,-11.5,-112.0,-108.0,,,,,,,,,,,,,,,,,,-381.0,229.0,-525.0,425.0,0.825
401810259,2025-12-22,2026,2025-12-23T01:00Z,,fourfactors_hl25_b2b_carry25_phase_luck_talent_ft_avail_v6,reconstructed,NOP,DAL,29,29,0,0,-6.025,0.54246,NOP,0.54246,,,,,-115.0,-105.0,-108.0,-112.0,0.49567,dk,119.0,113.0,1.0,1.5,-115.0,-105.0,,,,,,,,,,,,,,,,,,114.0,-228.0,-103.0,-121.0,0.48259
401810260,2025-12-22,2026,2025-12-23T02:00Z,,fourfactors_hl25_b2b_carry25_phase_luck_talent_ft_avail_v6,reconstructed,DEN,UTA,27,27,0,0,43.948,0.87841,DEN,0.87841,,,,,-1100.0,700.0,-675.0,490.0,0.8371,dk,135.0,112.0,1.0,-12.5,-108.0,-112.0,,,,,,,,,,,,,,,,,,-290.0,198.0,-609.0,490.0,0.845
401810261,2025-12-22,2026,2025-12-23T02:30Z,,fourfactors_hl25_b2b_carry25_phase_luck_talent_ft_avail_v6,reconstructed,OKC,MEM,28,28,0,0,46.17,0.8961,OKC,0.8961,,,,,-1350.0,800.0,-1200.0,750.0,0.88696,dk,119.0,103.0,1.0,-15.5,-108.0,-112.0,,,,,,,,,,,,,,,,,,-609.0,456.0,-869.0,685.0,0.885
401810262,2025-12-22,2026,2025-12-23T03:00Z,,fourfactors_hl25_b2b_carry25_phase_luck_talent_ft_avail_v6,reconstructed,GSW,ORL,29,28,0,0,-3.748,0.63406,GSW,0.63406,,,,,-175.0,145.0,-230.0,190.0,0.66901,dk,120.0,97.0,1.0,-6.5,-108.0,-112.0,,,,,,,,,,,,,,,,,,-183.0,134.0,-228.0,181.0,0.66832
401810263,2025-12-22,2026,2025-12-23T03:00Z,,fourfactors_hl25_b2b_carry25_phase_luck_talent_ft_avail_v6,reconstructed,POR,DET,28,28,0,0,-33.354,0.26748,DET,0.73252,,,,,185.0,-225.0,200.0,-245.0,0.31944,dk,102.0,110.0,0.0,6.5,-115.0,-105.0,,,,,,,,,,,,,,,,,,140.0,-228.0,198.0,-239.0,0.315
401810264,2025-12-23,2026,2025-12-24T00:00Z,,fourfactors_hl25_b2b_carry25_phase_luck_talent_ft_avail_v6,reconstructed,CHO,WAS,29,27,1,0,9.515,0.67135,CHO,0.67135,,,,,-218.0,180.0,-250.0,205.0,0.68539,dk,126.0,109.0,1.0,-6.5,-115.0,-105.0,,,,,,,,,,,,,,,,,,-360.0,166.0,-251.0,198.0,0.68657
401810265,2025-12-23,2026,2025-12-24T00:00Z,,fourfactors_hl25_b2b_carry25_phase_luck_talent_ft_avail_v6,reconstructed,PHI,BRK,27,27,0,0,12.959,0.61158,PHI,0.61158,,,,,-470.0,360.0,-395.0,310.0,0.7659,dk,106.0,114.0,0.0,-9.5,-112.0,-108.0,,,,,,,,,,,,,,,,,,-290.0,252.0,-381.0,296.0,0.76733
401810266,2025-12-23,2026,2025-12-24T00:30Z,,fourfactors_hl25_b2b_carry25_phase_luck_talent_ft_avail_v6,reconstructed,ATL,CHI,30,28,0,0,1.592,0.51265,ATL,0.51265,,,,,-166.0,140.0,-148.0,124.0,0.57206,dk,123.0,126.0,0.0,-3.5,-110.0,-110.0,,,,,,,,,,,,,,,,,,-404.0,-404.0,-154.0,124.0,0.57921
401810267,2025-12-23,2026,2025-12-24T00:30Z,,fourfactors_hl25_b2b_carry25_phase_luck_talent_ft_avail_v6,reconstructed,CLE,NOP,30,30,1,1,17.039,0.73137,CLE,0.73137,,,,,-345.0,275.0,-425.0,330.0,0.77683,dk,141.0,118.0,1.0,-9.5,-112.0,-108.0,,,,,,,,,,,,,,,,,,-340.0,181.0,-381.0,313.0,0.775
401810268,2025-12-23,2026,2025-12-24T00:30Z,,fourfactors_hl25_b2b_carry25_phase_luck_talent_ft_avail_v6,reconstructed,IND,MIL,29,29,1,0,-16.733,0.40925,MIL,0.59075,,,,,-112.0,-108.0,-108.0,-112.0,0.49567,dk,94.0,111.0,0.0,1.5,-115.0,-105.0,,,,,,,,,,,,,,,,,,-228.0,-107.0,-103.0,-121.0,0.48
401810269,2025-12-23,2026,2025-12-24T00:30Z,,fourfactors_hl25_b2b_carry25_phase_luck_talent_ft_avail_v6,reconstructed,MIA,TOR,29,30,0,0,8.312,0.66299,MIA,0.66299,,,,,-175.0,145.0,-218.0,180.0,0.65748,dk,91.0,112.0,0.0,-5.5,-108.0,-112.0,,,,,,,,,,,,,,,,,,-191.0,129.0,-218.0,173.0,0.65672
401810270,2025-12-23,2026,2025-12-24T01:00Z,,fourfactors_hl25_b2b_carry25_phase_luck_talent_ft_avail_v6,reconstructed,DAL,DEN,30,28,1,1,-32.087,0.26991,DEN,0.73009,,,,,215.0,-265.0,200.0,-245.0,0.31944,dk,131.0,130.0,1.0,6.5,-115.0,-105.0,,,,,,,,,,,,,,,,,,140.0,-251.0,198.0,-239.0,0.315
401810271,2025-12-23,2026,2025-12-24T01:00Z,,fourfactors_hl25_b2b_carry25_phase_luck_talent_ft_avail_v6,reconstructed,MIN,NYK,29,28,0,0,-8.745,0.57205,MIN,0.57205,,,,,-245.0,200.0,-278.0,225.0,0.70503,dk,115.0,104.0,1.0,-7.5,-105.0,-115.0,,,,,,,,,,,,,,,,,,-112.0,-148.0,-263.0,208.0,0.70149
401810272,2025-12-23,2026,2025-12-24T01:30Z,,fourfactors_hl25_b2b_carry25_phase_luck_talent_ft_avail_v6,reconstructed,SAS,OKC,28,29,0,1,-24.446,0.46396,OKC,0.53604,,,,,205.0,-250.0,190.0,-230.0,0.33099,dk,130.0,110.0,1.0,6.5,-112.0,-108.0,,,,,,,,,,,,,,,,,,189.0,-251.0,189.0,-239.0,0.32178
401810273,2025-12-23,2026,2025-12-24T02:00Z,,fourfactors_hl25_b2b_carry25_phase_luck_talent_ft_avail_v6,reconstructed,PHO,LAL,28,27,0,0,-6.849,0.46067,LAL,0.53933,,,,,-175.0,145.0,-148.0,124.0,0.57206,dk,132.0,108.0,1.0,-3.5,-102.0,-118.0,,,,,,,,,,,,,,,,,,-161.0,109.0,-148.0,124.0,0.57789
401810274,2025-12-23,2026,2025-12-24T02:00Z,,fourfactors_hl25_b2b_carry25_phase_luck_talent_ft_avail_v6,reconstructed,UTA,MEM,28,29,1,1,-18.118,0.38844,MEM,0.61156,,,,,114.0,-135.0,145.0,-175.0,0.39076,dk,128.0,137.0,0.0,4.5,-115.0,-105.0,,,,,,,,,,,,,,,,,,119.0,-228.0,140.0,-175.0,0.39
401810275,2025-12-23,2026,2025-12-24T03:00Z,,fourfactors_hl25_b2b_carry25_phase_luck_talent_ft_avail_v6,reconstructed,POR,ORL,29,29,1,1,-15.939,0.46677,ORL,0.53323,,,,,110.0,-130.0,102.0,-122.0,0.47391,dk,106.0,110.0,0.0,1.5,-110.0,-110.0,,,,,,,,,,,,,,,,,,-251.0,-168.0,-103.0,-121.0,0.47761
401810276,2025-12-23,2026,2025-12-24T03:00Z,,fourfactors_hl25_b2b_carry25_phase_luck_talent_ft_avail_v6,reconstructed,SAC,DET,29,29,0,1,-46.146,0.23769,DET,0.76231,,,,,295.0,-375.0,330.0,-425.0,0.22317,dk,127.0,136.0,0.0,9.5,-108.0,-112.0,,,,,,,,,,,,,,,,,,173.0,-404.0,351.0,-430.0,0.20603
401810277,2025-12-23,2026,2025-12-24T03:30Z,,fourfactors_hl25_b2b_carry25_phase_luck_talent_ft_avail_v6,reconstructed,LAC,HOU,28,26,0,0,-36.698,0.29019,HOU,0.70981,,,,,220.0,-270.0,235.0,-290.0,0.28645,dk,128.0,108.0,1.0,7.5,-115.0,-105.0,,,,,,,,,,,,,,,,,,105.0,-381.0,218.0,-276.0,0.29353
401809238,2025-12-25,2026,2025-12-25T17:00Z,,fourfactors_hl25_b2b_carry25_phase_luck_talent_ft_avail_v6,reconstructed,NYK,CLE,29,31,0,0,14.14,0.43168,CLE,0.56832,,,,,-198.0,164.0,-180.0,150.0,0.61644,dk,126.0,124.0,1.0,-4.5,-102.0,-118.0,,,,,,,,,,,,,,,,,,-239.0,173.0,-175.0,146.0,0.615
401809239,2025-12-25,2026,2025-12-25T19:30Z,,fourfactors_hl25_b2b_carry25_phase_luck_talent_ft_avail_v6,reconstructed,OKC,SAS,30,29,0,0,17.324,0.81546,OKC,0.81546,,,,,-535.0,400.0,-355.0,280.0,0.74778,dk,102.0,117.0,0.0,-10.5,-102.0,-118.0,,,,,,,,,,,,,,,,,,-719.0,114.0,-340.0,280.0,0.755
401809240,2025-12-25,2026,2025-12-25T22:17Z,,fourfactors_hl25_b2b_carry25_phase_luck_talent_ft_avail_v6,reconstructed,GSW,DAL,30,31,0,0,11.482,0.72715,GSW,0.72715,,,,,-285.0,230.0,-310.0,250.0,0.72575,dk,126.0,116.0,1.0,-8.5,-115.0,-105.0,,,,,,,,,,,,,,,,,,-322.0,159.0,-306.0,240.0,0.72772
401809241,2025-12-25,2026,2025-12-26T01:00Z,,fourfactors_hl25_b2b_carry25_phase_luck_talent_ft_avail_v6,reconstructed,LAL,HOU,28,27,0,0,-12.472,0.46174,HOU,0.53826,,,,,-102.0,-118.0,105.0,-125.0,0.46753,dk,96.0,119.0,0.0,1.5,-105.0,-115.0,,,,,,,,,,,,,,,,,,-103.0,-154.0,-107.0,-116.0,0.4901
401809242,2025-12-25,2026,2025-12-26T03:30Z,,fourfactors_hl25_b2b_carry25_phase_luck_talent_ft_avail_v6,reconstructed,DEN,MIN,29,30,0,0,5.68,0.58527,DEN,0.58527,,,,,-175.0,145.0,-105.0,-115.0,0.48917,dk,142.0,138.0,1.0,1.5,-115.0,-105.0,,,,,,,,,,,,,,,,,,-208.0,129.0,-112.0,-107.0,0.505
401810278,2025-12-26,2026,2025-12-27T00:00Z,,fourfactors_hl25_b2b_carry25_phase_luck_talent_ft_avail_v6,reconstructed,ATL,MIA,31,30,0,0,-7.903,0.56955,ATL,0.56955,,,,,-175.0,145.0,-148.0,124.0,0.57206,dk,111.0,126.0,0.0,-2.5,-120.0,100.0,,,,,,,,,,,,,,,,,,-126.0,-103.0,-154.0,124.0,0.57921
401810279,2025-12-26,2026,2025-12-27T00:00Z,,fourfactors_hl25_b2b_carry25_phase_luck_talent_ft_avail_v6,reconstructed,ORL,CHO,30,30,0,0,16.622,0.59837,ORL,0.59837,,,,,-198.0,164.0,-230.0,190.0,0.66901,dk,105.0,120.0,0.0,-5.5,-112.0,-108.0,,,,,,,,,,,,,,,,,,-263.0,208.0,-228.0,189.0,0.675
401810280,2025-12-26,2026,2025-12-27T00:00Z,,fourfactors_hl25_b2b_carry25_phase_luck_talent_ft_avail_v6,reconstructed,WAS,TOR,28,31,0,0,-29.728,0.34424,TOR,0.65576,,,,,280.0,-355.0,260.0,-325.0,0.26646,dk,138.0,117.0,1.0,8.5,-112.0,-108.0,,,,,,,,,,,,,,,,,,313.0,-360.0,252.0,-322.0,0.26
401810281,2025-12-26,2026,2025-12-27T00:00Z,,fourfactors_hl25_b2b_carry25_phase_luck_talent_ft_avail_v6,reconstructed,IND,BOS,30,29,0,0,-45.796,0.19188,BOS,0.80812,,,,,200.0,-245.0,270.0,-340.0,0.25913,dk,122.0,140.0,0.0,8.5,-108.0,-112.0,,,,,,,,,,,,,,,,,,229.0,-381.0,252.0,-322.0,0.26238
401810282,2025-12-26,2026,2025-12-27T00:30Z,,fourfactors_hl25_b2b_carry25_phase_luck_talent_ft_avail_v6,reconstructed,CHI,PHI,29,28,0,0,-5.641,0.57457,CHI,0.57457,,,,,-118.0,-102.0,105.0,-125.0,0.46753,dk,109.0,102.0,1.0,1.5,-108.0,-112.0,,,,,,,,,,,,,,,,,,-121.0,-126.0,109.0,-131.0,0.455
401810283,2025-12-26,2026,2025-12-27T01:00Z,,fourfactors_hl25_b2b_carry25_phase_luck_talent_ft_avail_v6,reconstructed,MEM,MIL,30,30,0,0,-0.021,0.63634,MEM,0.63634,,,,,-185.0,154.0,-185.0,154.0,0.62247,dk,125.0,104.0,1.0,-5.5,-102.0,-118.0,,,,,,,,,,,,,,,,,,-199.0,129.0,-191.0,159.0,0.635
401810284,2025-12-26,2026,2025-12-27T01:00Z,,fourfactors_hl25_b2b_carry25_phase_luck_talent_ft_avail_v6,reconstructed,NOP,PHO,31,29,0,0,-15.168,0.47,PHO,0.53,,,,,130.0,-155.0,164.0,-198.0,0.3631,dk,108.0,115.0,0.0,5.5,-112.0,-108.0,,,,,,,,,,,,,,,,,,146.0,-199.0,159.0,-191.0,0.365
401810285,2025-12-26,2026,2025-12-27T02:30Z,,fourfactors_hl25_b2b_carry25_phase_luck_talent_ft_avail_v6,reconstructed,UTA,DET,29,30,0,0,-46.159,0.18479,DET,0.81521,,,,,340.0,-440.0,320.0,-410.0,0.22849,dk,131.0,129.0,1.0,9.5,-115.0,-105.0,,,,,,,,,,,,,,,,,,252.0,-430.0,296.0,-404.0,0.2266
401810286,2025-12-26,2026,2025-12-27T03:00Z,,fourfactors_hl25_b2b_carry25_phase_luck_talent_ft_avail_v6,reconstructed,POR,LAC,30,29,0,0,1.275,0.47992,LAC,0.52008,,,,,102.0,-122.0,110.0,-130.0,0.45726,dk,103.0,119.0,0.0,2.5,-110.0,-110.0,,,,,,,,,,,,,,,,,,-142.0,-116.0,109.0,-137.0,0.44776
401810287,2025-12-27,2026,2025-12-27T22:00Z,,fourfactors_hl25_b2b_carry25_phase_luck_talent_ft_avail_v6,reconstructed,SAC,DAL,30,32,0,0,-19.442,0.40245,DAL,0.59755,,,,,120.0,-142.0,120.0,-142.0,0.43651,dk,113.0,107.0,1.0,2.5,-105.0,-115.0,,,,,,,,,,,,,,,,,,140.0,-208.0,119.0,-142.0,0.435
401810288,2025-12-27,2026,2025-12-28T00:00Z,,fourfactors_hl25_b2b_carry25_phase_luck_talent_ft_avail_v6,reconstructed,ORL,DEN,31,30,1,0,-22.962,0.30455,DEN,0.69545,,,,,142.0,-170.0,142.0,-170.0,0.39624,dk,127.0,126.0,1.0,3.5,-112.0,-108.0,,,,,,,,,,,,,,,,,,124.0,-175.0,140.0,-175.0,0.38806
401810289,2025-12-27,2026,2025-12-28T00:00Z,,fourfactors_hl25_b2b_carry25_phase_luck_talent_ft_avail_v6,reconstructed,NOP,PHO,32,30,1,1,-15.109,0.50626,NOP,0.50626,,,,,170.0,-205.0,154.0,-185.0,0.37753,dk,114.0,123.0,0.0,4.5,-112.0,-108.0,,,,,,,,,,,,,,,,,,119.0,-322.0,159.0,-191.0,0.365
401810290,2025-12-27,2026,2025-12-28T01:00Z,,fourfactors_hl25_b2b_carry25_phase_luck_talent_ft_avail_v6,reconstructed,ATL,NYK,32,30,1,0,-27.12,0.31565,NYK,0.68435,,,,,154.0,-185.0,185.0,-225.0,0.33635,dk,125.0,128.0,0.0,5.5,-102.0,-118.0,,,,,,,,,,,,,,,,,,146.0,-199.0,181.0,-228.0,0.33
401810291,2025-12-27,2026,2025-12-28T01:00Z,,fourfactors_hl25_b2b_carry25_phase_luck_talent_ft_avail_v6,reconstructed,MIA,IND,31,31,1,1,29.848,0.74578,MIA,0.74578,,,,,-340.0,270.0,-270.0,220.0,0.70016,dk,142.0,116.0,1.0,-6.5,-112.0,-108.0,,,,,,,,,,,,,,,,,,-430.0,252.0,-263.0,218.0,0.705
401810292,2025-12-27,2026,2025-12-28T01:00Z,,fourfactors_hl25_b2b_carry25_phase_luck_talent_ft_avail_v6,reconstructed,CHI,MIL,30,31,1,1,1.982,0.66077,CHI,0.66077,,,,,-245.0,200.0,-125.0,105.0,0.53247,dk,103.0,112.0,0.0,-2.5,-105.0,-115.0,,,,,,,,,,,,,,,,,,-251.0,166.0,-137.0,114.0,0.555
401810293,2025-12-27,2026,2025-12-28T01:00Z,,fourfactors_hl25_b2b_carry25_phase_luck_talent_ft_avail_v6,reconstructed,HOU,CLE,28,32,0,0,8.262,0.48887,CLE,0.51113,,,,,-218.0,180.0,-135.0,114.0,0.55144,dk,117.0,100.0,1.0,-2.5,-110.0,-110.0,,,,,,,,,,,,,,,,,,-239.0,181.0,-137.0,114.0,0.555
401810294,2025-12-27,2026,2025-12-28T01:00Z,,fourfactors_hl25_b2b_carry25_phase_luck_talent_ft_avail_v6,reconstructed,MIN,BRK,31,28,0,0,27.503,0.82923,MIN,0.82923,,,,,-410.0,320.0,-650.0,470.0,0.83165,dk,107.0,123.0,0.0,-12.5,-105.0,-115.0,,,,,,,,,,,,,,,,,,-719.0,490.0,-564.0,456.0,0.835
401810295,2025-12-27,2026,2025-12-28T01:00Z,,fourfactors_hl25_b2b_carry25_phase_luck_talent_ft_avail_v6,reconstructed,SAS,UTA,30,30,0,1,45.544,0.88731,SAS,0.88731,,,,,-1350.0,800.0,-800.0,550.0,0.85246,dk,114.0,127.0,0.0,-14.5,-105.0,-115.0,,,,,,,,,,,,,,,,,,-719.0,529.0,-660.0,529.0,0.855
401810296,2025-12-28,2026,2025-12-28T20:30Z,,fourfactors_hl25_b2b_carry25_phase_luck_talent_ft_avail_v6,reconstructed,TOR,GSW,32,31,0,0,-6.425,0.36446,GSW,0.63554,,,,,136.0,-162.0,150.0,-180.0,0.38356,dk,141.0,127.0,1.0,4.5,-105.0,-115.0,,,,,,,,,,,,,,,,,,-116.0,-137.0,152.0,-183.0,0.375
401810297,2025-12-28,2026,2025-12-28T20:30Z,,fourfactors_hl25_b2b_carry25_phase_luck_talent_ft_avail_v6,reconstructed,OKC,PHI,31,29,0,0,35.676,0.90545,OKC,0.90545,,,,,-1000.0,650.0,-800.0,550.0,0.85246,dk,129.0,104.0,1.0,-14.5,-115.0,-105.0,,,,,,,,,,,,,,,,,,-564.0,373.0,-719.0,529.0,0.85644
401810298,2025-12-28,2026,2025-12-28T23:00Z,,fourfactors_hl25_b2b_carry25_phase_luck_talent_ft_avail_v6,reconstructed,WAS,MEM,29,31,0,0,-21.461,0.33659,MEM,0.66341,,,,,205.0,-250.0,235.0,-290.0,0.28645,dk,116.0,112.0,1.0,8.5,-118.0,-102.0,,,,,,,,,,,,,,,,,,189.0,-404.0,229.0,-276.0,0.28643
401810299,2025-12-28,2026,2025-12-28T23:00Z,,fourfactors_hl25_b2b_carry25_phase_luck_talent_ft_avail_v6,reconstructed,POR,BOS,31,30,0,0,-38.487,0.25424,BOS,0.74576,,,,,180.0,-218.0,210.0,-258.0,0.30921,dk,114.0,108.0,1.0,6.5,-108.0,-112.0,,,,,,,,,,,,,,,,,,129.0,-239.0,208.0,-263.0,0.29851
401810300,2025-12-28,2026,2025-12-29T02:00Z,,fourfactors_hl25_b2b_carry25_phase_luck_talent_ft_avail_v6,reconstructed,LAC,DET,30,31,0,0,-33.138,0.30612,DET,0.69388,,,,,130.0,-155.0,130.0,-155.0,0.41701,dk,112.0,99.0,1.0,3.5,-108.0,-112.0,,,,,,,,,,,,,,,,,,173.0,-340.0,140.0,-168.0,0.395
401810301,2025-12-28,2026,2025-12-29T02:30Z,,fourfactors_hl25_b2b_carry25_phase_luck_talent_ft_avail_v6,reconstructed,LAL,SAC,29,31,0,1,24.492,0.89661,LAL,0.89661,,,,,-575.0,425.0,-500.0,380.0,0.8,dk,125.0,101.0,1.0,-12.5,-110.0,-110.0,,,,,,,,,,,,,,,,,,-489.0,425.0,-458.0,373.0,0.805
401810302,2025-12-29,2026,2025-12-30T00:00Z,,fourfactors_hl25_b2b_carry25_phase_luck_talent_ft_avail_v6,reconstructed,CHO,MIL,31,32,0,0,-7.235,0.48306,MIL,0.51694,,,,,140.0,-166.0,124.0,-148.0,0.42794,dk,113.0,123.0,0.0,2.5,-102.0,-118.0,,,,,,,,,,,,,,,,,,-175.0,-107.0,124.0,-154.0,0.42079
401810303,2025-12-29,2026,2025-12-30T00:00Z,,fourfactors_hl25_b2b_carry25_phase_luck_talent_ft_avail_v6,reconstructed,WAS,PHO,30,31,1,0,-25.214,0.24896,PHO,0.75104,,,,,350.0,-455.0,330.0,-425.0,0.22317,dk,101.0,115.0,0.0,10.5,-118.0,-102.0,,,,,,,,,,,,,,,,,,218.0,-322.0,331.0,-404.0,0.215
401810304,2025-12-29,2026,2025-12-30T00:30Z,,fourfactors_hl25_b2b_carry25_phase_luck_talent_ft_avail_v6,reconstructed,BRK,GSW,29,32,0,1,-11.591,0.46513,GSW,0.53487,,,,,154.0,-185.0,180.0,-218.0,0.34252,dk,107.0,120.0,0.0,6.5,-118.0,-102.0,,,,,,,,,,,,,,,,,,266.0,-306.0,173.0,-208.0,0.345
401810305,2025-12-29,2026,2025-12-30T00:30Z,,fourfactors_hl25_b2b_carry25_phase_luck_talent_ft_avail_v6,reconstructed,MIA,DEN,32,31,0,0,-13.419,0.47436,DEN,0.52564,,,,,145.0,-175.0,105.0,-125.0,0.46753,dk,147.0,123.0,1.0,1.5,-105.0,-115.0,,,,,,,,,,,,,,,,,,124.0,-218.0,105.0,-126.0,0.465
401810306,2025-12-29,2026,2025-12-30T00:30Z,,fourfactors_hl25_b2b_carry25_phase_luck_talent_ft_avail_v6,reconstructed,TOR,ORL,33,32,1,0,-0.105,0.4569,ORL,0.5431,,,,,100.0,-120.0,102.0,-122.0,0.47391,dk,107.0,106.0,1.0,1.5,-115.0,-105.0,,,,,,,,,,,,,,,,,,-126.0,-112.0,-103.0,-116.0,0.485
401810307,2025-12-29,2026,2025-12-30T01:00Z,,fourfactors_hl25_b2b_carry25_phase_luck_talent_ft_avail_v6,reconstructed,CHI,MIN,31,32,0,0,-20.842,0.39389,MIN,0.60611,,,,,150.0,-180.0,180.0,-218.0,0.34252,dk,101.0,136.0,0.0,6.5,-112.0,-108.0,,,,,,,,,,,,,,,,,,146.0,-208.0,173.0,-218.0,0.34
401810308,2025-12-29,2026,2025-12-30T01:00Z,,fourfactors_hl25_b2b_carry25_phase_luck_talent_ft_avail_v6,reconstructed,HOU,IND,29,32,0,0,45.271,0.85126,HOU,0.85126,,,,,-800.0,550.0,-625.0,455.0,0.82712,dk,126.0,119.0,1.0,-12.5,-108.0,-112.0,,,,,,,,,,,,,,,,,,-404.0,266.0,-609.0,490.0,0.845
401810309,2025-12-29,2026,2025-12-30T01:00Z,,fourfactors_hl25_b2b_carry25_phase_luck_talent_ft_avail_v6,reconstructed,NOP,NYK,33,31,0,0,-34.725,0.33576,NYK,0.66424,,,,,280.0,-355.0,275.0,-345.0,0.25593,dk,125.0,130.0,0.0,8.5,-118.0,-102.0,,,,,,,,,,,,,,,,,,198.0,-322.0,266.0,-322.0,0.255
401810310,2025-12-29,2026,2025-12-30T01:00Z,,fourfactors_hl25_b2b_carry25_phase_luck_talent_ft_avail_v6,reconstructed,OKC,ATL,32,33,1,0,41.116,0.8911,OKC,0.8911,,,,,-1200.0,750.0,-1100.0,700.0,0.88,dk,140.0,129.0,1.0,-17.5,-105.0,-115.0,,,,,,,,,,,,,,,,,,-430.0,313.0,-1087.0,756.0,0.89604
401810311,2025-12-29,2026,2025-12-30T01:00Z,,fourfactors_hl25_b2b_carry25_phase_luck_talent_ft_avail_v6,reconstructed,SAS,CLE,31,33,0,0,12.615,0.48495,CLE,0.51505,,,,,-198.0,164.0,-162.0,136.0,0.59337,dk,101.0,113.0,0.0,-3.5,-110.0,-110.0,,,,,,,,,,,,,,,,,,-191.0,134.0,-161.0,134.0,0.595
401810312,2025-12-29,2026,2025-12-30T03:30Z,,fourfactors_hl25_b2b_carry25_phase_luck_talent_ft_avail_v6,reconstructed,POR,DAL,32,33,1,0,-5.452,0.49424,DAL,0.50576,,,,,-120.0,100.0,-135.0,114.0,0.55144,dk,125.0,122.0,1.0,-2.5,-115.0,-105.0,,,,,,,,,,,,,,,,,,-168.0,-112.0,-142.0,114.0,0.55941
401810313,2025-12-30,2026,2025-12-31T01:00Z,,fourfactors_hl25_b2b_carry25_phase_luck_talent_ft_avail_v6,reconstructed,MEM,PHI,32,30,0,0,2.652,0.56914,MEM,0.56914,,,,,-115.0,-105.0,102.0,-122.0,0.47391,dk,136.0,139.0,0.0,1.5,-108.0,-112.0,,,,,,,,,,,,,,,,,,114.0,-168.0,101.0,-126.0,0.4703
401810314,2025-12-30,2026,2025-12-31T02:00Z,,fourfactors_hl25_b2b_carry25_phase_luck_talent_ft_avail_v6,reconstructed,UTA,BOS,31,31,0,0,-41.462,0.21009,BOS,0.78991,,,,,240.0,-298.0,240.0,-298.0,0.28203,dk,119.0,129.0,0.0,8.5,-105.0,-115.0,,,,,,,,,,,,,,,,,,152.0,-218.0,229.0,-276.0,0.285
401810315,2025-12-30,2026,2025-12-31T03:30Z,,fourfactors_hl25_b2b_carry25_phase_luck_talent_ft_avail_v6,reconstructed,LAL,DET,30,32,0,0,-14.849,0.48704,DET,0.51296,,,,,114.0,-135.0,124.0,-148.0,0.42794,dk,106.0,128.0,0.0,2.5,-110.0,-110.0,,,,,,,,,,,,,,,,,,109.0,-142.0,119.0,-142.0,0.435
401810316,2025-12-30,2026,2025-12-31T04:00Z,,fourfactors_hl25_b2b_carry25_phase_luck_talent_ft_avail_v6,reconstructed,LAC,SAC,31,32,0,0,13.522,0.75612,LAC,0.75612,,,,,-395.0,310.0,-375.0,295.0,0.75719,dk,131.0,90.0,1.0,-9.5,-105.0,-115.0,,,,,,,,,,,,,,,,,,-208.0,146.0,-381.0,313.0,0.775
401810317,2025-12-31,2026,2025-12-31T18:00Z,,fourfactors_hl25_b2b_carry25_phase_luck_talent_ft_avail_v6,reconstructed,CHO,GSW,32,33,0,0,-15.447,0.34812,GSW,0.65188,,,,,210.0,-258.0,230.0,-285.0,0.29046,dk,125.0,132.0,0.0,7.5,-112.0,-108.0,,,,,,,,,,,,,,,,,,129.0,-199.0,240.0,-290.0,0.275
401810318,2025-12-31,2026,2025-12-31T20:00Z,,fourfactors_hl25_b2b_carry25_phase_luck_talent_ft_avail_v6,reconstructed,ATL,MIN,34,33,0,0,-25.664,0.29853,MIN,0.70147,,,,,130.0,-155.0,170.0,-205.0,0.35527,dk,126.0,102.0,1.0,5.5,-105.0,-115.0,,,,,,,,,,,,,,,,,,159.0,-251.0,173.0,-208.0,0.345
401810319,2025-12-31,2026,2025-12-31T20:00Z,,fourfactors_hl25_b2b_carry25_phase_luck_talent_ft_avail_v6,reconstructed,IND,ORL,33,33,0,0,-26.397,0.36548,ORL,0.63452,,,,,130.0,-155.0,160.0,-192.0,0.36906,dk,110.0,112.0,0.0,4.5,-110.0,-110.0,,,,,,,,,,,,,,,,,,198.0,-263.0,152.0,-191.0,0.37129
401810320,2025-12-31,2026,2025-12-31T20:30Z,,fourfactors_hl25_b2b_carry25_phase_luck_talent_ft_avail_v6,reconstructed,CLE,PHO,34,32,0,0,1.997,0.74961,CLE,0.74961,,,,,-205.0,170.0,-258.0,210.0,0.69079,dk,129.0,113.0,1.0,-6.5,-112.0,-108.0,,,,,,,,,,,,,,,,,,-161.0,105.0,-251.0,208.0,0.695
401810321,2025-12-31,2026,2026-01-01T00:00Z,,fourfactors_hl25_b2b_carry25_phase_luck_talent_ft_avail_v6,reconstructed,CHI,NOP,32,34,0,0,4.493,0.55733,CHI,0.55733,,,,,-102.0,-118.0,-122.0,102.0,0.52609,dk,134.0,118.0,1.0,-1.5,-115.0,-105.0,,,,,,,,,,,,,,,,,,-251.0,159.0,-131.0,105.0,0.54229
401810322,2025-12-31,2026,2026-01-01T00:00Z,,fourfactors_hl25_b2b_carry25_phase_luck_talent_ft_avail_v6,reconstructed,SAS,NYK,32,32,0,0,-4.83,0.54743,SAS,0.54743,,,,,-135.0,114.0,-162.0,136.0,0.59337,dk,134.0,132.0,1.0,-3.5,-110.0,-110.0,,,,,,,,,,,,,,,,,,-168.0,124.0,-168.0,134.0,0.60199
401810323,2025-12-31,2026,2026-01-01T00:30Z,,fourfactors_hl25_b2b_carry25_phase_luck_talent_ft_avail_v6,reconstructed,TOR,DEN,34,32,0,0,-16.381,0.52094,TOR,0.52094,,,,,-250.0,205.0,-270.0,220.0,0.70016,dk,103.0,106.0,0.0,-7.5,-102.0,-118.0,,,,,,,,,,,,,,,,,,181.0,-239.0,-263.0,208.0,0.70149
401810324,2025-12-31,2026,2026-01-01T01:00Z,,fourfactors_hl25_b2b_carry25_phase_luck_talent_ft_avail_v6,reconstructed,MIL,WAS,33,31,0,0,19.11,0.79819,MIL,0.79819,,,,,-550.0,410.0,-500.0,380.0,0.8,dk,113.0,114.0,0.0,-10.5,-108.0,-112.0,,,,,,,,,,,,,,,,,,-263.0,208.0,-458.0,373.0,0.805
401810325,2025-12-31,2026,2026-01-01T01:00Z,,fourfactors_hl25_b2b_carry25_phase_luck_talent_ft_avail_v6,reconstructed,OKC,POR,33,33,0,0,45.361,0.91914,OKC,0.91914,,,,,-1100.0,700.0,-1000.0,650.0,0.87209,dk,124.0,95.0,1.0,-15.5,-112.0,-108.0,,,,,,,,,,,,,,,,,,-430.0,398.0,-869.0,685.0,0.885
401810326,2026-01-01,2026,2026-01-01T23:00Z,,fourfactors_hl25_b2b_carry25_phase_luck_talent_ft_avail_v6,reconstructed,BRK,HOU,30,30,0,0,-28.066,0.26809,HOU,0.73191,,,,,390.0,-520.0,440.0,-600.0,0.17766,dk,96.0,120.0,0.0,13.5,-118.0,-102.0,,,,,,,,,,,,,,,,,,252.0,-381.0,425.0,-525.0,0.175
401810327,2026-01-01,2026,2026-01-02T00:00Z,,fourfactors_hl25_b2b_carry25_phase_luck_talent_ft_avail_v6,reconstructed,DET,MIA,33,33,0,0,9.793,0.57241,DET,0.57241,,,,,-192.0,160.0,-185.0,154.0,0.62247,dk,112.0,118.0,0.0,-4.5,-108.0,-112.0,,,,,,,,,,,,,,,,,,-199.0,105.0,-191.0,152.0,0.63
401810328,2026-01-01,2026,2026-01-02T01:30Z,,fourfactors_hl25_b2b_carry25_phase_luck_talent_ft_avail_v6,reconstructed,DAL,PHI,34,31,0,0,-1.582,0.43452,PHI,0.56548,,,,,-105.0,-115.0,114.0,-135.0,0.44856,dk,108.0,123.0,0.0,2.5,-110.0,-110.0,,,,,,,,,,,,,,,,,,114.0,-191.0,119.0,-142.0,0.435
401810329,2026-01-01,2026,2026-01-02T03:00Z,,fourfactors_hl25_b2b_carry25_phase_luck_talent_ft_avail_v6,reconstructed,SAC,BOS,33,32,0,0,-49.886,0.16464,BOS,0.83536,,,,,295.0,-375.0,340.0,-440.0,0.21809,dk,106.0,120.0,0.0,10.5,-112.0,-108.0,,,,,,,,,,,,,,,,,,252.0,-322.0,351.0,-430.0,0.205
401810330,2026-01-01,2026,2026-01-02T03:30Z,,fourfactors_hl25_b2b_carry25_phase_luck_talent_ft_avail_v6,reconstructed,LAC,UTA,32,32,0,0,16.356,0.79652,LAC,0.79652,,,,,-425.0,330.0,-850.0,575.0,0.85794,dk,118.0,101.0,1.0,-13.5,-118.0,-102.0,,,,,,,,,,,,,,,,,,-251.0,189.0,-609.0,490.0,0.845
401810331,2026-01-02,2026,2026-01-03T00:00Z,,fourfactors_hl25_b2b_carry25_phase_luck_talent_ft_avail_v6,reconstructed,IND,SAS,34,33,0,0,-39.574,0.24829,SAS,0.75171,,,,,160.0,-192.0,170.0,-205.0,0.35527,dk,113.0,123.0,0.0,4.5,-102.0,-118.0,,,,,,,,,,,,,,,,,,173.0,-525.0,173.0,-218.0,0.34
401810332,2026-01-02,2026,2026-01-03T00:00Z,,fourfactors_hl25_b2b_carry25_phase_luck_talent_ft_avail_v6,reconstructed,WAS,BRK,32,31,0,1,-8.273,0.60872,WAS,0.60872,,,,,-105.0,-115.0,-148.0,124.0,0.57206,dk,119.0,99.0,1.0,-2.5,-115.0,-105.0,,,,,,,,,,,,,,,,,,129.0,-168.0,-148.0,124.0,0.575
401810333,2026-01-02,2026,2026-01-03T00:30Z,,fourfactors_hl25_b2b_carry25_phase_luck_talent_ft_avail_v6,reconstructed,CLE,DEN,35,33,0,0,-9.754,0.81263,CLE,0.81263,,,,,-520.0,390.0,-850.0,575.0,0.85794,dk,113.0,108.0,1.0,-13.5,-110.0,-110.0,,,,,,,,,,,,,,,,,,-404.0,313.0,-660.0,490.0,0.84653
401810334,2026-01-02,2026,2026-01-03T00:30Z,,fourfactors_hl25_b2b_carry25_phase_luck_talent_ft_avail_v6,reconstructed,NYK,ATL,33,35,0,0,22.01,0.65095,NYK,0.65095,,,,,-265.0,215.0,-185.0,154.0,0.62247,dk,99.0,111.0,0.0,-4.5,-105.0,-115.0,,,,,,,,,,,,,,,,,,-276.0,252.0,-183.0,146.0,0.62189
401810335,2026-01-02,2026,2026-01-03T01:00Z,,fourfactors_hl25_b2b_carry25_phase_luck_talent_ft_avail_v6,reconstructed,CHI,ORL,33,34,0,0,-6.599,0.43119,ORL,0.56881,,,,,145.0,-175.0,164.0,-198.0,0.3631,dk,121.0,114.0,1.0,5.5,-115.0,-105.0,,,,,,,,,,,,,,,,,,119.0,-161.0,166.0,-199.0,0.355
401810336,2026-01-02,2026,2026-01-03T01:00Z,,fourfactors_hl25_b2b_carry25_phase_luck_talent_ft_avail_v6,reconstructed,MIL,CHO,34,33,0,0,9.665,0.669,MIL,0.669,,,,,-230.0,190.0,-230.0,190.0,0.66901,dk,122.0,121.0,1.0,-5.5,-118.0,-102.0,,,,,,,,,,,,,,,,,,-228.0,181.0,-228.0,189.0,0.675
401810337,2026-01-02,2026,2026-01-03T01:00Z,,fourfactors_hl25_b2b_carry25_phase_luck_talent_ft_avail_v6,reconstructed,NOP,POR,35,34,0,0,-1.897,0.59737,NOP,0.59737,,,,,100.0,-120.0,136.0,-162.0,0.40663,dk,109.0,122.0,0.0,3.5,-110.0,-110.0,,,,,,,,,,,,,,,,,,129.0,-183.0,134.0,-161.0,0.405
401810338,2026-01-02,2026,2026-01-03T02:00Z,,fourfactors_hl25_b2b_carry25_phase_luck_talent_ft_avail_v6,reconstructed,PHO,SAC,33,34,0,1,29.587,0.82487,PHO,0.82487,,,,,-600.0,440.0,-750.0,525.0,0.8465,dk,129.0,102.0,1.0,-13.5,-110.0,-110.0,,,,,,,,,,,,,,,,,,-430.0,208.0,-660.0,529.0,0.855
401810339,2026-01-02,2026,2026-01-03T03:00Z,,fourfactors_hl25_b2b_carry25_phase_luck_talent_ft_avail_v6,reconstructed,GSW,OKC,34,34,0,0,-31.029,0.21679,OKC,0.78321,,,,,220.0,-270.0,500.0,-700.0,0.16,dk,94.0,131.0,0.0,13.5,-108.0,-112.0,,,,,,,,,,,,,,,,,,252.0,-263.0,529.0,-660.0,0.145
401810340,2026-01-02,2026,2026-01-03T03:30Z,,fourfactors_hl25_b2b_carry25_phase_luck_talent_ft_avail_v6,reconstructed,LAL,MEM,31,33,0,0,1.822,0.63547,LAL,0.63547,,,,,-170.0,142.0,-205.0,170.0,0.64473,dk,128.0,121.0,1.0,-5.5,-102.0,-118.0,,,,,,,,,,,,,,,,,,-168.0,119.0,-199.0,173.0,0.65152
401810341,2026-01-03,2026,2026-01-03T22:00Z,,fourfactors_hl25_b2b_carry25_phase_luck_talent_ft_avail_v6,reconstructed,MIA,MIN,34,34,0,0,-6.933,0.44666,MIN,0.55334,,,,,130.0,-155.0,120.0,-142.0,0.43651,dk,115.0,125.0,0.0,2.5,-105.0,-115.0,,,,,,,,,,,,,,,,,,-121.0,-183.0,114.0,-137.0,0.445
401810342,2026-01-03,2026,2026-01-04T00:30Z,,fourfactors_hl25_b2b_carry25_phase_luck_talent_ft_avail_v6,reconstructed,NYK,PHI,34,32,1,0,17.259,0.55994,NYK,0.55994,,,,,-175.0,145.0,-175.0,145.0,0.60924,dk,119.0,130.0,0.0,-3.5,-115.0,-105.0,,,,,,,,,,,,,,,,,,-290.0,140.0,-175.0,140.0,0.60891
401810343,2026-01-03,2026,2026-01-04T00:30Z,,fourfactors_hl25_b2b_carry25_phase_luck_talent_ft_avail_v6,reconstructed,TOR,ATL,35,36,0,1,0.322,0.61466,TOR,0.61466,,,,,-135.0,114.0,-205.0,170.0,0.64473,dk,134.0,117.0,1.0,-5.5,-105.0,-115.0,,,,,,,,,,,,,,,,,,-175.0,105.0,-199.0,166.0,0.645
401810344,2026-01-03,2026,2026-01-04T01:00Z,,fourfactors_hl25_b2b_carry25_phase_luck_talent_ft_avail_v6,reconstructed,CHI,CHO,34,34,1,1,5.843,0.50734,CHI,0.50734,,,,,-122.0,102.0,-135.0,114.0,0.55144,dk,99.0,112.0,0.0,-2.5,-105.0,-115.0,,,,,,,,,,,,,,,,,,-251.0,-126.0,-126.0,105.0,0.53769
401810345,2026-01-03,2026,2026-01-04T01:00Z,,fourfactors_hl25_b2b_carry25_phase_luck_talent_ft_avail_v6,reconstructed,SAS,POR,34,35,1,1,25.482,0.70817,SAS,0.70817,,,,,-278.0,225.0,-325.0,260.0,0.73354,dk,110.0,115.0,0.0,-8.5,-102.0,-118.0,,,,,,,,,,,,,,,,,,-430.0,218.0,-322.0,266.0,0.745
401810346,2026-01-03,2026,2026-01-04T01:30Z,,fourfactors_hl25_b2b_carry25_phase_luck_talent_ft_avail_v6,reconstructed,DAL,HOU,35,31,0,0,-29.429,0.26059,HOU,0.73941,,,,,230.0,-285.0,260.0,-325.0,0.26646,dk,110.0,104.0,1.0,7.5,-102.0,-118.0,,,,,,,,,,,,,,,,,,-103.0,-276.0,266.0,-322.0,0.255
401810347,2026-01-03,2026,2026-01-04T03:00Z,,fourfactors_hl25_b2b_carry25_phase_luck_talent_ft_avail_v6,reconstructed,GSW,UTA,35,33,1,0,23.272,0.61232,GSW,0.61232,,,,,-520.0,390.0,-600.0,440.0,0.82234,dk,123.0,114.0,1.0,-12.5,-112.0,-108.0,,,,,,,,,,,,,,,,,,-306.0,173.0,-525.0,425.0,0.825
401810348,2026-01-03,2026,2026-01-04T03:30Z,,fourfactors_hl25_b2b_carry25_phase_luck_talent_ft_avail_v6,reconstructed,LAC,BOS,33,33,0,0,-22.685,0.3996,BOS,0.6004,,,,,-105.0,-115.0,-135.0,114.0,0.55144,dk,115.0,146.0,0.0,-1.5,-115.0,-105.0,,,,,,,,,,,,,,,,,,-103.0,-175.0,-126.0,101.0,0.5297
401810349,2026-01-04,2026,2026-01-04T19:00Z,,fourfactors_hl25_b2b_carry25_phase_luck_talent_ft_avail_v6,reconstructed,CLE,DET,36,34,0,0,-9.116,0.64432,CLE,0.64432,,,,,-175.0,145.0,-155.0,130.0,0.58299,dk,110.0,114.0,0.0,-3.5,-105.0,-115.0,,,,,,,,,,,,,,,,,,-137.0,-154.0,-161.0,129.0,0.59
401810350,2026-01-04,2026,2026-01-04T20:00Z,,fourfactors_hl25_b2b_carry25_phase_luck_talent_ft_avail_v6,reconstructed,ORL,IND,35,35,0,0,23.433,0.73619,ORL,0.73619,,,,,-290.0,235.0,-245.0,200.0,0.68056,dk,135.0,127.0,1.0,-6.5,-110.0,-110.0,,,,,,,,,,,,,,,,,,-404.0,181.0,-263.0,208.0,0.69802
401810351,2026-01-04,2026,2026-01-04T20:30Z,,fourfactors_hl25_b2b_carry25_phase_luck_talent_ft_avail_v6,reconstructed,BRK,DEN,32,34,0,0,-29.138,0.44104,DEN,0.55896,,,,,120.0,-142.0,120.0,-142.0,0.43651,dk,127.0,115.0,1.0,2.5,-112.0,-108.0,,,,,,,,,,,,,,,,,,-107.0,-131.0,119.0,-148.0,0.43
401810352,2026-01-04,2026,2026-01-04T23:00Z,,fourfactors_hl25_b2b_carry25_phase_luck_talent_ft_avail_v6,reconstructed,MIA,NOP,35,36,1,0,24.503,0.72316,MIA,0.72316,,,,,-250.0,205.0,-298.0,240.0,0.71797,dk,125.0,106.0,1.0,-7.5,-115.0,-105.0,,,,,,,,,,,,,,,,,,-430.0,198.0,-306.0,240.0,0.72772
401810353,2026-01-04,2026,2026-01-04T23:00Z,,fourfactors_hl25_b2b_carry25_phase_luck_talent_ft_avail_v6,reconstructed,WAS,MIN,33,35,0,1,-34.19,0.25841,MIN,0.74159,,,,,370.0,-485.0,330.0,-425.0,0.22317,dk,115.0,141.0,0.0,10.5,-102.0,-118.0,,,,,,,,,,,,,,,,,,173.0,-458.0,331.0,-404.0,0.21608
401810354,2026-01-04,2026,2026-01-05T01:00Z,,fourfactors_hl25_b2b_carry25_phase_luck_talent_ft_avail_v6,reconstructed,PHO,OKC,34,35,0,0,-33.096,0.18314,OKC,0.81686,,,,,285.0,-360.0,310.0,-395.0,0.2341,dk,108.0,105.0,1.0,10.5,-115.0,-105.0,,,,,,,,,,,,,,,,,,373.0,-609.0,313.0,-404.0,0.22277
401810355,2026-01-04,2026,2026-01-05T02:00Z,,fourfactors_hl25_b2b_carry25_phase_luck_talent_ft_avail_v6,reconstructed,SAC,MIL,35,35,0,0,-27.626,0.29273,MIL,0.70727,,,,,195.0,-238.0,195.0,-238.0,0.32497,dk,98.0,115.0,0.0,6.5,-110.0,-110.0,,,,,,,,,,,,,,,,,,-112.0,-148.0,198.0,-251.0,0.31188
401810356,2026-01-04,2026,2026-01-05T02:30Z,,fourfactors_hl25_b2b_carry25_phase_luck_talent_ft_avail_v6,reconstructed,LAL,MEM,32,34,0,0,4.852,0.64861,LAL,0.64861,,,,,-225.0,185.0,-218.0,180.0,0.65748,dk,120.0,114.0,1.0,-5.5,-112.0,-108.0,,,,,,,,,,,,,,,,,,-199.0,-660.0,-218.0,173.0,0.65842
401810357,2026-01-05,2026,2026-01-06T00:00Z,,fourfactors_hl25_b2b_carry25_phase_luck_talent_ft_avail_v6,reconstructed,DET,NYK,35,35,1,0,4.125,0.39034,NYK,0.60966,,,,,114.0,-135.0,105.0,-125.0,0.46753,dk,121.0,90.0,1.0,1.5,-112.0,-108.0,,,,,,,,,,,,,,,,,,-121.0,-126.0,105.0,-121.0,0.4697
401810358,2026-01-05,2026,2026-01-06T00:30Z,,fourfactors_hl25_b2b_carry25_phase_luck_talent_ft_avail_v6,reconstructed,BOS,CHI,34,35,0,0,31.243,0.83883,BOS,0.83883,,,,,-455.0,350.0,-455.0,350.0,0.78674,dk,115.0,101.0,1.0,-10.5,-105.0,-115.0,,,,,,,,,,,,,,,,,,-430.0,218.0,-458.0,351.0,0.79602
401810359,2026-01-05,2026,2026-01-06T00:30Z,,fourfactors_hl25_b2b_carry25_phase_luck_talent_ft_avail_v6,reconstructed,TOR,ATL,36,37,0,0,3.86,0.57773,TOR,0.57773,,,,,-166.0,140.0,-135.0,114.0,0.55144,dk,118.0,100.0,1.0,-2.5,-108.0,-112.0,,,,,,,,,,,,,,,,,,-161.0,119.0,-148.0,119.0,0.56716
401810360,2026-01-05,2026,2026-01-06T01:00Z,,fourfactors_hl25_b2b_carry25_phase_luck_talent_ft_avail_v6,reconstructed,HOU,PHO,32,35,0,1,12.805,0.77506,HOU,0.77506,,,,,-290.0,235.0,-305.0,245.0,0.72208,dk,100.0,97.0,1.0,-8.5,-102.0,-118.0,,,,,,,,,,,,,,,,,,-322.0,208.0,-290.0,240.0,0.725
401810361,2026-01-05,2026,2026-01-06T01:00Z,,fourfactors_hl25_b2b_carry25_phase_luck_talent_ft_avail_v6,reconstructed,OKC,CHO,36,35,1,0,46.079,0.84815,OKC,0.84815,,,,,-1350.0,800.0,-1050.0,675.0,0.87618,dk,97.0,124.0,0.0,-15.5,-105.0,-115.0,,,,,,,,,,,,,,,,,,-719.0,529.0,-967.0,685.0,0.89055
401810362,2026-01-05,2026,2026-01-06T01:30Z,,fourfactors_hl25_b2b_carry25_phase_luck_talent_ft_avail_v6,reconstructed,PHI,DEN,33,35,0,1,-12.244,0.78304,PHI,0.78304,,,,,-455.0,350.0,-850.0,575.0,0.85794,dk,124.0,125.0,0.0,-14.5,-115.0,-105.0,,,,,,,,,,,,,,,,,,-276.0,173.0,-788.0,574.0,0.86567
401810363,2026-01-05,2026,2026-01-06T03:00Z,,fourfactors_hl25_b2b_carry25_phase_luck_talent_ft_avail_v6,reconstructed,LAC,GSW,34,36,0,0,-6.944,0.4885,GSW,0.5115,,,,,-120.0,100.0,136.0,-162.0,0.40663,dk,103.0,102.0,1.0,3.5,-105.0,-115.0,,,,,,,,,,,,,,,,,,-148.0,-131.0,140.0,-168.0,0.395
401810364,2026-01-05,2026,2026-01-06T03:00Z,,fourfactors_hl25_b2b_carry25_phase_luck_talent_ft_avail_v6,reconstructed,POR,UTA,36,34,0,0,13.188,0.66565,POR,0.66565,,,,,-218.0,180.0,-230.0,190.0,0.66901,dk,137.0,117.0,1.0,-5.5,-118.0,-102.0,,,,,,,,,,,,,,,,,,-263.0,119.0,-208.0,173.0,0.655
401810365,2026-01-06,2026,2026-01-07T00:00Z,,fourfactors_hl25_b2b_carry25_phase_luck_talent_ft_avail_v6,reconstructed,IND,CLE,36,37,0,0,-33.464,0.22754,CLE,0.77246,,,,,160.0,-192.0,200.0,-245.0,0.31944,dk,116.0,120.0,0.0,6.5,-108.0,-112.0,,,,,,,,,,,,,,,,,,159.0,-322.0,189.0,-239.0,0.32178
401810366,2026-01-06,2026,2026-01-07T00:00Z,,fourfactors_hl25_b2b_carry25_phase_luck_talent_ft_avail_v6,reconstructed,WAS,ORL,34,36,0,0,-19.541,0.34306,ORL,0.65694,,,,,235.0,-290.0,235.0,-290.0,0.28645,dk,120.0,112.0,1.0,7.5,-110.0,-110.0,,,,,,,,,,,,,,,,,,181.0,-381.0,229.0,-290.0,0.28218
401810367,2026-01-06,2026,2026-01-07T01:00Z,,fourfactors_hl25_b2b_carry25_phase_luck_talent_ft_avail_v6,reconstructed,MEM,SAS,35,35,0,0,-18.022,0.37577,SAS,0.62423,,,,,170.0,-205.0,200.0,-245.0,0.31944,dk,106.0,105.0,1.0,5.5,-102.0,-118.0,,,,,,,,,,,,,,,,,,181.0,-251.0,198.0,-239.0,0.31658
401810368,2026-01-06,2026,2026-01-07T01:00Z,,fourfactors_hl25_b2b_carry25_phase_luck_talent_ft_avail_v6,reconstructed,MIN,MIA,36,36,0,0,10.974,0.65708,MIN,0.65708,,,,,-218.0,180.0,-205.0,170.0,0.64473,dk,122.0,94.0,1.0,-5.5,-110.0,-110.0,,,,,,,,,,,,,,,,,,-218.0,166.0,-199.0,166.0,0.645
401810369,2026-01-06,2026,2026-01-07T01:00Z,,fourfactors_hl25_b2b_carry25_phase_luck_talent_ft_avail_v6,reconstructed,NOP,LAL,37,33,0,0,-21.173,0.36502,LAL,0.63498,,,,,170.0,-205.0,185.0,-225.0,0.33635,dk,103.0,111.0,0.0,5.5,-110.0,-110.0,,,,,,,,,,,,,,,,,,129.0,-239.0,189.0,-228.0,0.325
401810370,2026-01-06,2026,2026-01-07T04:00Z,,fourfactors_hl25_b2b_carry25_phase_luck_talent_ft_avail_v6,reconstructed,SAC,DAL,36,36,0,0,-22.686,0.39955,DAL,0.60045,,,,,154.0,-185.0,160.0,-192.0,0.36906,dk,98.0,100.0,0.0,4.5,-105.0,-115.0,,,,,,,,,,,,,,,,,,124.0,-183.0,159.0,-191.0,0.365
401810371,2026-01-07,2026,2026-01-08T00:00Z,,fourfactors_hl25_b2b_carry25_phase_luck_talent_ft_avail_v6,reconstructed,CHO,TOR,36,37,0,0,-12.101,0.49615,TOR,0.50385,,,,,105.0,-125.0,114.0,-135.0,0.44856,dk,96.0,97.0,0.0,2.5,-115.0,-105.0,,,,,,,,,,,,,,,,,,105.0,-239.0,124.0,-148.0,0.42714
401810372,2026-01-07,2026,2026-01-08T00:00Z,,fourfactors_hl25_b2b_carry25_phase_luck_talent_ft_avail_v6,reconstructed,DET,CHI,36,36,0,0,28.736,0.72065,DET,0.72065,,,,,-440.0,340.0,-325.0,260.0,0.73354,dk,108.0,93.0,1.0,-7.5,-120.0,100.0,,,,,,,,,,,,,,,,,,-360.0,266.0,-322.0,266.0,0.745
401810373,2026-01-07,2026,2026-01-08T00:00Z,,fourfactors_hl25_b2b_carry25_phase_luck_talent_ft_avail_v6,reconstructed,PHI,WAS,34,35,0,1,17.638,0.84939,PHI,0.84939,,,,,-550.0,410.0,-850.0,575.0,0.85794,dk,131.0,110.0,1.0,-16.5,-110.0,-110.0,,,,,,,,,,,,,,,,,,-609.0,398.0,-719.0,574.0,0.865
401810375,2026-01-07,2026,2026-01-08T00:00Z,,fourfactors_hl25_b2b_carry25_phase_luck_talent_ft_avail_v6,reconstructed,BOS,DEN,35,36,0,0,12.159,0.84774,BOS,0.84774,,,,,-380.0,300.0,-375.0,295.0,0.75719,dk,110.0,114.0,0.0,-10.5,-105.0,-115.0,,,,,,,,,,,,,,,,,,-360.0,229.0,-360.0,280.0,0.75743
401810374,2026-01-07,2026,2026-01-08T00:30Z,,fourfactors_hl25_b2b_carry25_phase_luck_talent_ft_avail_v6,reconstructed,ATL,NOP,38,38,0,1,15.102,0.77705,ATL,0.77705,,,,,-360.0,285.0,-440.0,340.0,0.78191,dk,117.0,100.0,1.0,-10.5,-115.0,-105.0,,,,,,,,,,,,,,,,,,-228.0,146.0,-430.0,331.0,0.79
401810376,2026-01-07,2026,2026-01-08T00:30Z,,fourfactors_hl25_b2b_carry25_phase_luck_talent_ft_avail_v6,reconstructed,BRK,ORL,33,37,0,1,-11.431,0.52728,BRK,0.52728,,,,,110.0,-130.0,105.0,-125.0,0.46753,dk,103.0,104.0,0.0,2.5,-118.0,-102.0,,,,,,,,,,,,,,,,,,181.0,-306.0,105.0,-126.0,0.465
401810377,2026-01-07,2026,2026-01-08T00:30Z,,fourfactors_hl25_b2b_carry25_phase_luck_talent_ft_avail_v6,reconstructed,NYK,LAC,36,35,0,0,13.351,0.64532,NYK,0.64532,,,,,-218.0,180.0,-205.0,170.0,0.64473,dk,123.0,111.0,1.0,-4.5,-118.0,-102.0,,,,,,,,,,,,,,,,,,-199.0,119.0,-199.0,159.0,0.63861
401810379,2026-01-07,2026,2026-01-08T01:00Z,,fourfactors_hl25_b2b_carry25_phase_luck_talent_ft_avail_v6,reconstructed,MEM,PHO,36,36,1,0,-9.408,0.35537,PHO,0.64463,,,,,136.0,-162.0,170.0,-205.0,0.35527,dk,98.0,117.0,0.0,5.5,-110.0,-110.0,,,,,,,,,,,,,,,,,,166.0,-228.0,173.0,-208.0,0.34171
401810380,2026-01-07,2026,2026-01-08T01:00Z,,fourfactors_hl25_b2b_carry25_phase_luck_talent_ft_avail_v6,reconstructed,OKC,UTA,37,35,0,0,53.59,0.9282,OKC,0.9282,,,,,-1650.0,950.0,-1100.0,700.0,0.88,dk,129.0,125.0,1.0,-19.5,-110.0,-110.0,,,,,,,,,,,,,,,,,,-360.0,574.0,-1087.0,841.0,0.905
401810378,2026-01-07,2026,2026-01-08T02:30Z,,fourfactors_hl25_b2b_carry25_phase_luck_talent_ft_avail_v6,reconstructed,SAS,LAL,36,34,1,1,8.201,0.67096,SAS,0.67096,,,,,-205.0,170.0,-310.0,250.0,0.72575,dk,107.0,91.0,1.0,-8.5,-115.0,-105.0,,,,,,,,,,,,,,,,,,-239.0,146.0,-290.0,240.0,0.725
401810381,2026-01-07,2026,2026-01-08T03:00Z,,fourfactors_hl25_b2b_carry25_phase_luck_talent_ft_avail_v6,reconstructed,GSW,MIL,37,36,0,0,2.849,0.65612,GSW,0.65612,,,,,-238.0,195.0,-258.0,210.0,0.69079,dk,120.0,113.0,1.0,-6.5,-108.0,-112.0,,,,,,,,,,,,,,,,,,-306.0,134.0,-251.0,198.0,0.68812
401810382,2026-01-07,2026,2026-01-08T03:00Z,,fourfactors_hl25_b2b_carry25_phase_luck_talent_ft_avail_v6,reconstructed,POR,HOU,37,33,0,0,-24.165,0.31593,HOU,0.68407,,,,,180.0,-218.0,220.0,-270.0,0.29984,dk,103.0,102.0,1.0,7.5,-110.0,-110.0,,,,,,,,,,,,,,,,,,181.0,-290.0,218.0,-263.0,0.295
401810383,2026-01-08,2026,2026-01-09T00:00Z,,fourfactors_hl25_b2b_carry25_phase_luck_talent_ft_avail_v6,reconstructed,CHO,IND,37,37,1,0,15.683,0.63554,CHO,0.63554,,,,,-162.0,136.0,-185.0,154.0,0.62247,dk,112.0,114.0,0.0,-4.5,-112.0,-108.0,,,,,,,,,,,,,,,,,,-175.0,105.0,-191.0,152.0,0.63184
401810385,2026-01-08,2026,2026-01-09T01:00Z,,fourfactors_hl25_b2b_carry25_phase_luck_talent_ft_avail_v6,reconstructed,MIN,CLE,37,38,0,0,12.264,0.62073,MIN,0.62073,,,,,-155.0,130.0,-148.0,124.0,0.57206,dk,131.0,122.0,1.0,-3.5,-105.0,-115.0,,,,,,,,,,,,,,,,,,-218.0,152.0,-148.0,124.0,0.575
401810386,2026-01-08,2026,2026-01-09T02:00Z,,fourfactors_hl25_b2b_carry25_phase_luck_talent_ft_avail_v6,reconstructed,UTA,DAL,36,37,1,0,-15.035,0.32885,DAL,0.67115,,,,,180.0,-218.0,160.0,-192.0,0.36906,dk,116.0,114.0,1.0,5.5,-118.0,-102.0,,,,,,,,,,,,,,,,,,-137.0,-208.0,159.0,-199.0,0.36318
401810387,2026-01-09,2026,2026-01-10T00:00Z,,fourfactors_hl25_b2b_carry25_phase_luck_talent_ft_avail_v6,reconstructed,BOS,TOR,36,38,0,0,18.251,0.79017,BOS,0.79017,,,,,-290.0,235.0,-360.0,285.0,0.75081,dk,125.0,117.0,1.0,-9.5,-112.0,-108.0,,,,,,,,,,,,,,,,,,-263.0,173.0,-360.0,280.0,0.75743
401810388,2026-01-09,2026,2026-01-10T00:00Z,,fourfactors_hl25_b2b_carry25_phase_luck_talent_ft_avail_v6,reconstructed,ORL,PHI,38,35,0,0,-3.037,0.49309,PHI,0.50691,,,,,100.0,-120.0,130.0,-155.0,0.41701,dk,91.0,103.0,0.0,3.5,-115.0,-105.0,,,,,,,,,,,,,,,,,,-112.0,-126.0,129.0,-161.0,0.41294
401810389,2026-01-09,2026,2026-01-10T00:00Z,,fourfactors_hl25_b2b_carry25_phase_luck_talent_ft_avail_v6,reconstructed,WAS,NOP,36,39,0,0,0.261,0.48947,NOP,0.51053,,,,,114.0,-135.0,124.0,-148.0,0.42794,dk,107.0,128.0,0.0,3.5,-115.0,-105.0,,,,,,,,,,,,,,,,,,-103.0,-183.0,119.0,-137.0,0.43939
401810390,2026-01-09,2026,2026-01-10T00:30Z,,fourfactors_hl25_b2b_carry25_phase_luck_talent_ft_avail_v6,reconstructed,BRK,LAC,34,36,0,0,-4.833,0.39336,LAC,0.60664,,,,,120.0,-142.0,180.0,-218.0,0.34252,dk,105.0,121.0,0.0,5.5,-105.0,-115.0,,,,,,,,,,,,,,,,,,146.0,-306.0,189.0,-228.0,0.325
401810391,2026-01-09,2026,2026-01-10T01:00Z,,fourfactors_hl25_b2b_carry25_phase_luck_talent_ft_avail_v6,reconstructed,MEM,OKC,37,38,0,0,-35.796,0.26779,OKC,0.73221,,,,,150.0,-180.0,180.0,-218.0,0.34252,dk,116.0,117.0,0.0,5.5,-105.0,-115.0,,,,,,,,,,,,,,,,,,331.0,-564.0,173.0,-218.0,0.34158
401810392,2026-01-09,2026,2026-01-10T02:00Z,,fourfactors_hl25_b2b_carry25_phase_luck_talent_ft_avail_v6,reconstructed,DEN,ATL,37,39,0,0,15.681,0.46088,ATL,0.53912,,,,,-130.0,110.0,124.0,-148.0,0.42794,dk,87.0,110.0,0.0,3.5,-115.0,-105.0,,,,,,,,,,,,,,,,,,-183.0,109.0,119.0,-142.0,0.43216
401810393,2026-01-09,2026,2026-01-10T02:00Z,,fourfactors_hl25_b2b_carry25_phase_luck_talent_ft_avail_v6,reconstructed,PHO,NYK,37,37,0,0,-2.11,0.48155,NYK,0.51845,,,,,120.0,-142.0,-102.0,-118.0,0.48264,dk,112.0,107.0,1.0,1.5,-115.0,-105.0,,,,,,,,,,,,,,,,,,-107.0,-168.0,-103.0,-116.0,0.485
401810394,2026-01-09,2026,2026-01-10T03:00Z,,fourfactors_hl25_b2b_carry25_phase_luck_talent_ft_avail_v6,reconstructed,GSW,SAC,38,37,0,0,30.513,0.84915,GSW,0.84915,,,,,-750.0,525.0,-800.0,550.0,0.85246,dk,137.0,103.0,1.0,-15.5,-102.0,-118.0,,,,,,,,,,,,,,,,,,-430.0,208.0,-719.0,529.0,0.85644
401810395,2026-01-09,2026,2026-01-10T03:00Z,,fourfactors_hl25_b2b_carry25_phase_luck_talent_ft_avail_v6,reconstructed,POR,HOU,38,34,0,0,-23.123,0.32243,HOU,0.67757,,,,,180.0,-218.0,210.0,-258.0,0.30921,dk,111.0,105.0,1.0,6.5,-105.0,-115.0,,,,,,,,,,,,,,,,,,-525.0,-290.0,208.0,-251.0,0.305
401810396,2026-01-09,2026,2026-01-10T03:30Z,,fourfactors_hl25_b2b_carry25_phase_luck_talent_ft_avail_v6,reconstructed,LAL,MIL,35,37,0,0,2.863,0.52145,LAL,0.52145,,,,,-135.0,114.0,-155.0,130.0,0.58299,dk,101.0,105.0,0.0,-3.5,-105.0,-115.0,,,,,,,,,,,,,,,,,,-239.0,146.0,-161.0,129.0,0.58706
401810397,2026-01-10,2026,2026-01-10T18:00Z,,fourfactors_hl25_b2b_carry25_phase_luck_talent_ft_avail_v6,reconstructed,CLE,MIN,39,38,0,0,-14.712,0.58468,CLE,0.58468,,,,,-155.0,130.0,-142.0,120.0,0.56349,dk,146.0,134.0,1.0,-2.5,-112.0,-108.0,,,,,,,,,,,,,,,,,,-525.0,-525.0,-142.0,114.0,0.55941
401810398,2026-01-10,2026,2026-01-11T00:00Z,,fourfactors_hl25_b2b_carry25_phase_luck_talent_ft_avail_v6,reconstructed,IND,MIA,38,37,0,0,-27.71,0.27777,MIA,0.72223,,,,,230.0,-285.0,200.0,-245.0,0.31944,dk,123.0,99.0,1.0,6.5,-112.0,-108.0,,,,,,,,,,,,,,,,,,189.0,-306.0,198.0,-239.0,0.315
401810399,2026-01-10,2026,2026-01-11T00:30Z,,fourfactors_hl25_b2b_carry25_phase_luck_talent_ft_avail_v6,reconstructed,DET,LAC,37,37,0,1,24.332,0.5763,DET,0.5763,,,,,-230.0,190.0,-115.0,-105.0,0.51083,dk,92.0,98.0,0.0,-1.5,-105.0,-115.0,,,,,,,,,,,,,,,,,,-322.0,198.0,-116.0,-103.0,0.51256
401810400,2026-01-10,2026,2026-01-11T01:00Z,,fourfactors_hl25_b2b_carry25_phase_luck_talent_ft_avail_v6,reconstructed,BOS,SAS,37,37,1,0,10.475,0.55043,BOS,0.55043,,,,,-115.0,-105.0,-108.0,-112.0,0.49567,dk,95.0,100.0,0.0,1.5,-115.0,-105.0,,,,,,,,,,,,,,,,,,101.0,-137.0,-107.0,-116.0,0.4901
401810401,2026-01-10,2026,2026-01-11T01:00Z,,fourfactors_hl25_b2b_carry25_phase_luck_talent_ft_avail_v6,reconstructed,CHI,DAL,37,38,0,0,-1.131,0.57731,CHI,0.57731,,,,,-142.0,120.0,-175.0,145.0,0.60924,dk,125.0,107.0,1.0,-4.5,-105.0,-115.0,,,,,,,,,,,,,,,,,,-116.0,-112.0,-168.0,140.0,0.605
401810402,2026-01-10,2026,2026-01-11T02:30Z,,fourfactors_hl25_b2b_carry25_phase_luck_talent_ft_avail_v6,reconstructed,UTA,CHO,37,38,0,0,-12.693,0.40363,CHO,0.59637,,,,,150.0,-180.0,170.0,-205.0,0.35527,dk,95.0,150.0,0.0,6.5,-118.0,-102.0,,,,,,,,,,,,,,,,,,-103.0,-131.0,173.0,-218.0,0.34328
401810403,2026-01-11,2026,2026-01-11T20:00Z,,fourfactors_hl25_b2b_carry25_phase_luck_talent_ft_avail_v6,reconstructed,ORL,NOP,39,40,0,0,15.351,0.65138,ORL,0.65138,,,,,-225.0,185.0,-258.0,210.0,0.69079,dk,128.0,118.0,1.0,-7.5,-108.0,-112.0,,,,,,,,,,,,,,,,,,-340.0,218.0,-263.0,208.0,0.69802
401810404,2026-01-11,2026,2026-01-11T20:30Z,,fourfactors_hl25_b2b_carry25_phase_luck_talent_ft_avail_v6,reconstructed,MEM,BRK,38,35,0,0,7.136,0.57705,MEM,0.57705,,,,,-250.0,205.0,-265.0,215.0,0.69577,dk,103.0,98.0,1.0,-7.5,-115.0,-105.0,,,,,,,,,,,,,,,,,,-251.0,181.0,-263.0,218.0,0.705
401810405,2026-01-11,2026,2026-01-11T23:00Z,,fourfactors_hl25_b2b_carry25_phase_luck_talent_ft_avail_v6,reconstructed,TOR,PHI,39,36,0,0,0.056,0.47043,PHI,0.52957,,,,,142.0,-170.0,105.0,-125.0,0.46753,dk,116.0,115.0,1.0,1.5,-108.0,-112.0,,,,,,,,,,,,,,,,,,-142.0,-103.0,101.0,-131.0,0.46305
401810406,2026-01-11,2026,2026-01-11T23:00Z,,fourfactors_hl25_b2b_carry25_phase_luck_talent_ft_avail_v6,reconstructed,POR,NYK,39,38,0,0,-14.526,0.33605,NYK,0.66395,,,,,145.0,-180.0,180.0,-218.0,0.34252,dk,114.0,123.0,0.0,5.5,-108.0,-112.0,,,,,,,,,,,,,,,,,,181.0,-228.0,181.0,-228.0,0.33
401810407,2026-01-11,2026,2026-01-12T00:00Z,,fourfactors_hl25_b2b_carry25_phase_luck_talent_ft_avail_v6,reconstructed,MIN,SAS,39,38,1,1,9.353,0.6368,MIN,0.6368,,,,,-142.0,120.0,-142.0,120.0,0.56349,dk,104.0,103.0,1.0,-2.5,-108.0,-112.0,,,,,,,,,,,,,,,,,,-154.0,114.0,-142.0,114.0,0.55941
401810408,2026-01-11,2026,2026-01-12T00:00Z,,fourfactors_hl25_b2b_carry25_phase_luck_talent_ft_avail_v6,reconstructed,OKC,MIA,39,38,0,1,26.967,0.70503,OKC,0.70503,,,,,-850.0,575.0,-800.0,550.0,0.85246,dk,124.0,112.0,1.0,-14.5,-118.0,-102.0,,,,,,,,,,,,,,,,,,-276.0,280.0,-660.0,574.0,0.86364
401810409,2026-01-11,2026,2026-01-12T01:00Z,,fourfactors_hl25_b2b_carry25_phase_luck_talent_ft_avail_v6,reconstructed,DEN,MIL,38,38,0,0,10.716,0.37973,MIL,0.62027,,,,,105.0,-130.0,180.0,-218.0,0.34252,dk,108.0,104.0,1.0,6.5,-115.0,-105.0,,,,,,,,,,,,,,,,,,-121.0,-107.0,181.0,-218.0,0.335
401810410,2026-01-11,2026,2026-01-12T01:00Z,,fourfactors_hl25_b2b_carry25_phase_luck_talent_ft_avail_v6,reconstructed,PHO,WAS,38,37,0,0,27.405,0.81888,PHO,0.81888,,,,,-850.0,575.0,-900.0,600.0,0.86301,dk,112.0,93.0,1.0,-15.5,-102.0,-118.0,,,,,,,,,,,,,,,,,,-360.0,351.0,-788.0,574.0,0.86567
401810411,2026-01-11,2026,2026-01-12T01:30Z,,fourfactors_hl25_b2b_carry25_phase_luck_talent_ft_avail_v6,reconstructed,GSW,ATL,39,40,0,0,5.41,0.71646,GSW,0.71646,,,,,-230.0,190.0,-278.0,225.0,0.70503,dk,111.0,124.0,0.0,-7.5,-105.0,-115.0,,,,,,,,,,,,,,,,,,-228.0,166.0,-276.0,218.0,0.70792
401810412,2026-01-11,2026,2026-01-12T02:00Z,,fourfactors_hl25_b2b_carry25_phase_luck_talent_ft_avail_v6,reconstructed,SAC,HOU,38,35,0,0,-46.558,0.19055,HOU,0.80945,,,,,470.0,-650.0,525.0,-750.0,0.1535,dk,111.0,98.0,1.0,14.5,-110.0,-110.0,,,,,,,,,,,,,,,,,,331.0,-489.0,490.0,-660.0,0.15347
401810413,2026-01-12,2026,2026-01-13T00:00Z,,fourfactors_hl25_b2b_carry25_phase_luck_talent_ft_avail_v6,reconstructed,CLE,UTA,40,38,0,0,34.782,0.89886,CLE,0.89886,,,,,-750.0,525.0,-575.0,425.0,0.81726,dk,112.0,123.0,0.0,-13.5,-105.0,-115.0,,,,,,,,,,,,,,,,,,-360.0,296.0,-525.0,425.0,0.825
401810414,2026-01-12,2026,2026-01-13T00:30Z,,fourfactors_hl25_b2b_carry25_phase_luck_talent_ft_avail_v6,reconstructed,IND,BOS,39,38,0,0,-41.264,0.24899,BOS,0.75101,,,,,205.0,-250.0,170.0,-205.0,0.35527,dk,98.0,96.0,1.0,5.5,-112.0,-108.0,,,,,,,,,,,,,,,,,,296.0,-360.0,173.0,-208.0,0.345
401810415,2026-01-12,2026,2026-01-13T00:30Z,,fourfactors_hl25_b2b_carry25_phase_luck_talent_ft_avail_v6,reconstructed,TOR,PHI,40,37,1,1,-0.169,0.51092,TOR,0.51092,,,,,114.0,-135.0,136.0,-162.0,0.40663,dk,102.0,115.0,0.0,3.5,-110.0,-110.0,,,,,,,,,,,,,,,,,,-137.0,-175.0,124.0,-148.0,0.42211
401810416,2026-01-12,2026,2026-01-13T01:30Z,,fourfactors_hl25_b2b_carry25_phase_luck_talent_ft_avail_v6,reconstructed,DAL,BRK,39,36,0,1,2.456,0.56333,DAL,0.56333,,,,,-185.0,154.0,-155.0,130.0,0.58299,dk,113.0,105.0,1.0,-3.5,-105.0,-115.0,,,,,,,,,,,,,,,,,,-208.0,119.0,-148.0,124.0,0.575
401810417,2026-01-12,2026,2026-01-13T03:00Z,,fourfactors_hl25_b2b_carry25_phase_luck_talent_ft_avail_v6,reconstructed,SAC,LAL,39,36,1,0,-28.735,0.22211,LAL,0.77789,,,,,300.0,-380.0,285.0,-360.0,0.24919,dk,124.0,112.0,1.0,9.5,-112.0,-108.0,,,,,,,,,,,,,,,,,,296.0,-430.0,280.0,-340.0,0.245
401810418,2026-01-12,2026,2026-01-13T03:30Z,,fourfactors_hl25_b2b_carry25_phase_luck_talent_ft_avail_v6,reconstructed,LAC,CHO,38,39,0,0,-0.552,0.66014,LAC,0.66014,,,,,-218.0,180.0,-192.0,160.0,0.63094,dk,117.0,109.0,1.0,-4.5,-118.0,-102.0,,,,,,,,,,,,,,,,,,-239.0,146.0,-191.0,159.0,0.635
401810419,2026-01-13,2026,2026-01-14T00:30Z,,fourfactors_hl25_b2b_carry25_phase_luck_talent_ft_avail_v6,reconstructed,MIA,PHO,39,39,0,0,-8.027,0.57106,MIA,0.57106,,,,,-105.0,-115.0,-122.0,102.0,0.52609,dk,127.0,121.0,1.0,-1.5,-115.0,-105.0,,,,,,,,,,,,,,,,,,-112.0,-131.0,-121.0,101.0,0.52261
401810420,2026-01-13,2026,2026-01-14T01:00Z,,fourfactors_hl25_b2b_carry25_phase_luck_talent_ft_avail_v6,reconstructed,HOU,CHI,36,38,0,0,21.902,0.78179,HOU,0.78179,,,,,-550.0,410.0,-550.0,410.0,0.81187,dk,119.0,113.0,1.0,-12.5,-108.0,-112.0,,,,,,,,,,,,,,,,,,-381.0,313.0,-525.0,425.0,0.825
401810421,2026-01-13,2026,2026-01-14T01:00Z,,fourfactors_hl25_b2b_carry25_phase_luck_talent_ft_avail_v6,reconstructed,MIL,MIN,39,40,0,0,-23.01,0.45305,MIN,0.54695,,,,,-135.0,114.0,-130.0,110.0,0.54274,dk,106.0,139.0,0.0,-1.5,-115.0,-105.0,,,,,,,,,,,,,,,,,,134.0,-191.0,-126.0,101.0,0.52736
401810422,2026-01-13,2026,2026-01-14T01:00Z,,fourfactors_hl25_b2b_carry25_phase_luck_talent_ft_avail_v6,reconstructed,NOP,DEN,41,39,0,0,-26.45,0.56563,NOP,0.56563,,,,,130.0,-155.0,114.0,-135.0,0.44856,dk,116.0,122.0,0.0,2.5,-112.0,-108.0,,,,,,,,,,,,,,,,,,229.0,-340.0,119.0,-142.0,0.435
401810423,2026-01-13,2026,2026-01-14T01:00Z,,fourfactors_hl25_b2b_carry25_phase_luck_talent_ft_avail_v6,reconstructed,OKC,SAS,40,39,0,0,19.071,0.82928,OKC,0.82928,,,,,-250.0,205.0,-310.0,250.0,0.72575,dk,119.0,98.0,1.0,-8.5,-108.0,-112.0,,,,,,,,,,,,,,,,,,-199.0,146.0,-290.0,240.0,0.725
401810424,2026-01-13,2026,2026-01-14T03:30Z,,fourfactors_hl25_b2b_carry25_phase_luck_talent_ft_avail_v6,reconstructed,LAL,ATL,37,41,1,0,-1.916,0.54198,LAL,0.54198,,,,,-115.0,-105.0,-125.0,105.0,0.53247,dk,141.0,116.0,1.0,-1.5,-112.0,-108.0,,,,,,,,,,,,,,,,,,-183.0,129.0,-126.0,105.0,0.535
401810425,2026-01-13,2026,2026-01-14T04:00Z,,fourfactors_hl25_b2b_carry25_phase_luck_talent_ft_avail_v6,reconstructed,GSW,POR,40,40,0,0,10.171,0.78045,GSW,0.78045,,,,,-395.0,310.0,-470.0,360.0,0.79136,dk,119.0,97.0,1.0,-10.5,-115.0,-105.0,,,,,,,,,,,,,,,,,,-306.0,173.0,-458.0,351.0,0.79703
401810426,2026-01-14,2026,2026-01-15T00:00Z,,fourfactors_hl25_b2b_carry25_phase_luck_talent_ft_avail_v6,reconstructed,IND,TOR,40,41,0,0,-20.05,0.44854,TOR,0.55146,,,,,110.0,-130.0,-118.0,-102.0,0.51736,dk,101.0,115.0,0.0,-1.5,-108.0,-112.0,,,,,,,,,,,,,,,,,,119.0,-161.0,-121.0,105.0,0.5303
401810427,2026-01-14,2026,2026-01-15T00:00Z,,fourfactors_hl25_b2b_carry25_phase_luck_talent_ft_avail_v6,reconstructed,PHI,CLE,38,41,0,0,-2.138,0.36571,CLE,0.63429,,,,,-120.0,100.0,-110.0,-110.0,0.5,dk,107.0,133.0,0.0,1.5,-120.0,100.0,,,,,,,,,,,,,,,,,,-107.0,-121.0,-112.0,-112.0,0.5
401810428,2026-01-14,2026,2026-01-15T01:00Z,,fourfactors_hl25_b2b_carry25_phase_luck_talent_ft_avail_v6,reconstructed,CHI,UTA,39,39,1,0,15.656,0.57617,CHI,0.57617,,,,,-135.0,114.0,-225.0,185.0,0.66365,dk,128.0,126.0,1.0,-5.5,-118.0,-102.0,,,,,,,,,,,,,,,,,,-183.0,124.0,-228.0,181.0,0.66667
401810429,2026-01-14,2026,2026-01-15T01:00Z,,fourfactors_hl25_b2b_carry25_phase_luck_talent_ft_avail_v6,reconstructed,NOP,BRK,42,37,1,0,-4.899,0.51395,NOP,0.51395,,,,,102.0,-122.0,-112.0,-108.0,0.50433,dk,116.0,113.0,1.0,-1.5,105.0,-125.0,,,,,,,,,,,,,,,,,,-103.0,-137.0,-107.0,-112.0,0.495
401810430,2026-01-14,2026,2026-01-15T02:30Z,,fourfactors_hl25_b2b_carry25_phase_luck_talent_ft_avail_v6,reconstructed,DAL,DEN,40,40,0,1,-16.713,0.54215,DAL,0.54215,,,,,-110.0,-110.0,-115.0,-105.0,0.51083,dk,109.0,118.0,0.0,-1.5,-105.0,-115.0,,,,,,,,,,,,,,,,,,134.0,-168.0,-116.0,-103.0,0.515
401810431,2026-01-14,2026,2026-01-15T03:00Z,,fourfactors_hl25_b2b_carry25_phase_luck_talent_ft_avail_v6,reconstructed,SAC,NYK,40,39,0,0,-35.226,0.19145,NYK,0.80855,,,,,390.0,-520.0,350.0,-455.0,0.21326,dk,112.0,101.0,1.0,10.5,-102.0,-118.0,,,,,,,,,,,,,,,,,,296.0,-404.0,351.0,-430.0,0.205
401810432,2026-01-14,2026,2026-01-15T03:30Z,,fourfactors_hl25_b2b_carry25_phase_luck_talent_ft_avail_v6,reconstructed,LAC,WAS,39,38,0,0,21.357,0.80882,LAC,0.80882,,,,,-800.0,550.0,-500.0,380.0,0.8,dk,119.0,105.0,1.0,-11.5,-115.0,-105.0,,,,,,,,,,,,,,,,,,-404.0,313.0,-489.0,398.0,0.815
401810434,2026-01-15,2026,2026-01-16T00:00Z,,fourfactors_hl25_b2b_carry25_phase_luck_talent_ft_avail_v6,reconstructed,DET,PHO,38,40,0,0,11.294,0.59214,DET,0.59214,,,,,-238.0,195.0,-265.0,215.0,0.69577,dk,108.0,105.0,1.0,-7.5,-108.0,-112.0,,,,,,,,,,,,,,,,,,-175.0,119.0,-263.0,218.0,0.705
401810435,2026-01-15,2026,2026-01-16T00:30Z,,fourfactors_hl25_b2b_carry25_phase_luck_talent_ft_avail_v6,reconstructed,MIA,BOS,40,39,0,0,-18.816,0.46245,BOS,0.53755,,,,,102.0,-122.0,124.0,-148.0,0.42794,dk,114.0,119.0,0.0,2.5,-108.0,-112.0,,,,,,,,,,,,,,,,,,114.0,-142.0,129.0,-161.0,0.41089
401810436,2026-01-15,2026,2026-01-16T00:30Z,,fourfactors_hl25_b2b_carry25_phase_luck_talent_ft_avail_v6,reconstructed,HOU,OKC,37,41,0,0,-14.508,0.30417,OKC,0.69583,,,,,150.0,-180.0,145.0,-175.0,0.39076,dk,91.0,111.0,0.0,4.5,-112.0,-108.0,,,,,,,,,,,,,,,,,,134.0,-175.0,146.0,-175.0,0.385
401810437,2026-01-15,2026,2026-01-16T01:00Z,,fourfactors_hl25_b2b_carry25_phase_luck_talent_ft_avail_v6,reconstructed,SAS,MIL,40,40,0,0,12.34,0.64963,SAS,0.64963,,,,,-290.0,235.0,-238.0,195.0,0.67503,dk,119.0,101.0,1.0,-7.5,-105.0,-115.0,,,,,,,,,,,,,,,,,,-239.0,166.0,-239.0,198.0,0.685
401810438,2026-01-15,2026,2026-01-16T01:30Z,,fourfactors_hl25_b2b_carry25_phase_luck_talent_ft_avail_v6,reconstructed,DAL,UTA,41,40,1,1,14.825,0.61076,DAL,0.61076,,,,,-105.0,-115.0,-135.0,114.0,0.55144,dk,144.0,122.0,1.0,-2.5,-108.0,-112.0,,,,,,,,,,,,,,,,,,-161.0,101.0,-137.0,114.0,0.555
401810439,2026-01-15,2026,2026-01-16T03:00Z,,fourfactors_hl25_b2b_carry25_phase_luck_talent_ft_avail_v6,reconstructed,GSW,NYK,41,40,0,1,-3.109,0.67825,GSW,0.67825,,,,,-155.0,130.0,-265.0,215.0,0.69577,dk,126.0,113.0,1.0,-7.5,-108.0,-112.0,,,,,,,,,,,,,,,,,,-107.0,-131.0,-251.0,198.0,0.68812
401810440,2026-01-15,2026,2026-01-16T03:00Z,,fourfactors_hl25_b2b_carry25_phase_luck_talent_ft_avail_v6,reconstructed,POR,ATL,41,42,0,0,-8.436,0.43634,ATL,0.56366,,,,,154.0,-185.0,142.0,-170.0,0.39624,dk,117.0,101.0,1.0,3.5,-105.0,-115.0,,,,,,,,,,,,,,,,,,-142.0,-112.0,134.0,-168.0,0.4
401810441,2026-01-15,2026,2026-01-16T03:30Z,,fourfactors_hl25_b2b_carry25_phase_luck_talent_ft_avail_v6,reconstructed,LAL,CHO,38,40,0,0,4.791,0.63858,LAL,0.63858,,,,,-192.0,160.0,-162.0,136.0,0.59337,dk,117.0,135.0,0.0,-3.5,-102.0,-118.0,,,,,,,,,,,,,,,,,,-191.0,140.0,-168.0,134.0,0.59901
401810443,2026-01-16,2026,2026-01-17T00:00Z,,fourfactors_hl25_b2b_carry25_phase_luck_talent_ft_avail_v6,reconstructed,IND,NOP,41,43,0,0,-2.021,0.4964,NOP,0.5036,,,,,-120.0,100.0,-192.0,160.0,0.63094,dk,127.0,119.0,1.0,-4.5,-115.0,-105.0,,,,,,,,,,,,,,,,,,-168.0,114.0,-191.0,152.0,0.62871
401810444,2026-01-16,2026,2026-01-17T00:00Z,,fourfactors_hl25_b2b_carry25_phase_luck_talent_ft_avail_v6,reconstructed,PHI,CLE,39,42,0,0,-7.268,0.39085,CLE,0.60915,,,,,-112.0,-108.0,-135.0,114.0,0.55144,dk,115.0,117.0,0.0,-2.5,-105.0,-115.0,,,,,,,,,,,,,,,,,,-116.0,-263.0,-142.0,119.0,0.565
401810442,2026-01-16,2026,2026-01-17T00:30Z,,fourfactors_hl25_b2b_carry25_phase_luck_talent_ft_avail_v6,reconstructed,BRK,CHI,38,40,0,0,-5.779,0.53689,BRK,0.53689,,,,,-110.0,-110.0,-115.0,-105.0,0.51083,dk,112.0,109.0,1.0,-1.5,-105.0,-115.0,,,,,,,,,,,,,,,,,,101.0,-137.0,-116.0,-107.0,0.50746
401810445,2026-01-16,2026,2026-01-17T00:30Z,,fourfactors_hl25_b2b_carry25_phase_luck_talent_ft_avail_v6,reconstructed,TOR,LAC,42,40,0,0,3.832,0.46482,LAC,0.53518,,,,,100.0,-120.0,-135.0,114.0,0.55144,dk,117.0,121.0,0.0,-2.5,-108.0,-112.0,,,,,,,,,,,,,,,,,,-142.0,105.0,-148.0,114.0,0.55941
401810446,2026-01-16,2026,2026-01-17T02:30Z,,fourfactors_hl25_b2b_carry25_phase_luck_talent_ft_avail_v6,reconstructed,HOU,MIN,38,41,1,0,-13.548,0.50103,HOU,0.50103,,,,,-170.0,142.0,-162.0,136.0,0.59337,dk,110.0,105.0,1.0,-3.5,-120.0,100.0,,,,,,,,,,,,,,,,,,-131.0,-107.0,-168.0,140.0,0.605
401810447,2026-01-16,2026,2026-01-17T03:00Z,,fourfactors_hl25_b2b_carry25_phase_luck_talent_ft_avail_v6,reconstructed,SAC,WAS,41,39,0,0,-0.679,0.69364,SAC,0.69364,,,,,-258.0,210.0,-265.0,215.0,0.69577,dk,128.0,115.0,1.0,-7.5,-108.0,-112.0,,,,,,,,,,,,,,,,,,-161.0,119.0,-263.0,208.0,0.69802
401810448,2026-01-17,2026,2026-01-17T22:00Z,,fourfactors_hl25_b2b_carry25_phase_luck_talent_ft_avail_v6,reconstructed,DAL,UTA,42,41,0,0,19.504,0.60645,DAL,0.60645,,,,,-166.0,140.0,-155.0,130.0,0.58299,dk,138.0,120.0,1.0,-3.5,-102.0,-118.0,,,,,,,,,,,,,,,,,,-564.0,-564.0,-154.0,124.0,0.57921
401810449,2026-01-17,2026,2026-01-18T00:30Z,,fourfactors_hl25_b2b_carry25_phase_luck_talent_ft_avail_v6,reconstructed,ATL,BOS,43,40,0,0,-22.583,0.38166,BOS,0.61834,,,,,150.0,-180.0,136.0,-162.0,0.40663,dk,106.0,132.0,0.0,3.5,-110.0,-110.0,,,,,,,,,,,,,,,,,,166.0,-191.0,134.0,-168.0,0.40299
401810450,2026-01-17,2026,2026-01-18T00:30Z,,fourfactors_hl25_b2b_carry25_phase_luck_talent_ft_avail_v6,reconstructed,DET,IND,39,42,0,1,35.719,0.88852,DET,0.88852,,,,,-700.0,500.0,-950.0,625.0,0.86772,dk,121.0,78.0,1.0,-15.5,-112.0,-108.0,,,,,,,,,,,,,,,,,,-404.0,398.0,-788.0,625.0,0.875
401810451,2026-01-17,2026,2026-01-18T00:30Z,,fourfactors_hl25_b2b_carry25_phase_luck_talent_ft_avail_v6,reconstructed,NYK,PHO,41,41,0,0,-0.055,0.56488,NYK,0.56488,,,,,-170.0,142.0,-115.0,-105.0,0.51083,dk,99.0,106.0,0.0,-1.5,-108.0,-112.0,,,,,,,,,,,,,,,,,,-148.0,134.0,-121.0,-103.0,0.51741
401810452,2026-01-17,2026,2026-01-18T01:00Z,,fourfactors_hl25_b2b_carry25_phase_luck_talent_ft_avail_v6,reconstructed,MIA,OKC,41,42,0,0,-29.116,0.2269,OKC,0.7731,,,,,285.0,-360.0,390.0,-520.0,0.19571,dk,122.0,120.0,1.0,11.5,-112.0,-108.0,,,,,,,,,,,,,,,,,,159.0,-263.0,373.0,-489.0,0.19307
401810453,2026-01-17,2026,2026-01-18T01:00Z,,fourfactors_hl25_b2b_carry25_phase_luck_talent_ft_avail_v6,reconstructed,SAS,MIN,41,42,0,1,-14.597,0.56821,SAS,0.56821,,,,,-238.0,195.0,-198.0,164.0,0.6369,dk,126.0,123.0,1.0,-4.5,-115.0,-105.0,,,,,,,,,,,,,,,,,,-154.0,129.0,-199.0,159.0,0.64179
401810454,2026-01-17,2026,2026-01-18T01:30Z,,fourfactors_hl25_b2b_carry25_phase_luck_talent_ft_avail_v6,reconstructed,GSW,CHO,42,41,0,0,6.245,0.70591,GSW,0.70591,,,,,-250.0,205.0,-298.0,240.0,0.71797,dk,136.0,116.0,1.0,-7.5,-115.0,-105.0,,,,,,,,,,,,,,,,,,-251.0,173.0,-290.0,218.0,0.71287
401810455,2026-01-17,2026,2026-01-18T02:00Z,,fourfactors_hl25_b2b_carry25_phase_luck_talent_ft_avail_v6,reconstructed,DEN,WAS,41,40,0,1,34.067,0.80423,DEN,0.80423,,,,,-575.0,425.0,-485.0,370.0,0.79578,dk,121.0,115.0,1.0,-10.5,-108.0,-112.0,,,,,,,,,,,,,,,,,,-360.0,218.0,-458.0,351.0,0.801
401810456,2026-01-17,2026,2026-01-18T03:00Z,,fourfactors_hl25_b2b_carry25_phase_luck_talent_ft_avail_v6,reconstructed,POR,LAL,42,39,0,0,-7.896,0.47205,LAL,0.52795,,,,,-135.0,114.0,-155.0,130.0,0.58299,dk,132.0,116.0,1.0,-3.5,-108.0,-112.0,,,,,,,,,,,,,,,,,,129.0,-175.0,-154.0,124.0,0.57921
401810458,2026-01-18,2026,2026-01-19T00:00Z,,fourfactors_hl25_b2b_carry25_phase_luck_talent_ft_avail_v6,reconstructed,CHI,BRK,41,39,0,0,5.985,0.60339,CHI,0.60339,,,,,-218.0,180.0,-258.0,210.0,0.69079,dk,124.0,102.0,1.0,-7.5,-102.0,-118.0,,,,,,,,,,,,,,,,,,-340.0,-340.0,-251.0,208.0,0.695
401810459,2026-01-18,2026,2026-01-19T00:00Z,,fourfactors_hl25_b2b_carry25_phase_luck_talent_ft_avail_v6,reconstructed,HOU,NOP,39,44,0,0,27.078,0.77672,HOU,0.77672,,,,,-700.0,500.0,-850.0,575.0,0.85794,dk,119.0,110.0,1.0,-13.5,-115.0,-105.0,,,,,,,,,,,,,,,,,,-360.0,280.0,-719.0,574.0,0.865
401810460,2026-01-18,2026,2026-01-19T01:00Z,,fourfactors_hl25_b2b_carry25_phase_luck_talent_ft_avail_v6,reconstructed,DEN,CHO,42,42,1,1,12.461,0.45998,CHO,0.54002,,,,,-148.0,124.0,114.0,-135.0,0.44856,dk,87.0,110.0,0.0,2.5,-108.0,-112.0,,,,,,,,,,,,,,,,,,-191.0,129.0,114.0,-142.0,0.44059
401810461,2026-01-18,2026,2026-01-19T02:00Z,,fourfactors_hl25_b2b_carry25_phase_luck_talent_ft_avail_v6,reconstructed,SAC,POR,42,43,0,1,-15.377,0.60974,SAC,0.60974,,,,,-125.0,105.0,-102.0,-118.0,0.48264,dk,110.0,117.0,0.0,1.5,-112.0,-108.0,,,,,,,,,,,,,,,,,,101.0,-148.0,-103.0,-116.0,0.485
401810462,2026-01-18,2026,2026-01-19T02:30Z,,fourfactors_hl25_b2b_carry25_phase_luck_talent_ft_avail_v6,reconstructed,LAL,TOR,40,43,1,0,-3.497,0.5029,LAL,0.5029,,,,,-115.0,-105.0,-135.0,114.0,0.55144,dk,110.0,93.0,1.0,-2.5,-112.0,-108.0,,,,,,,,,,,,,,,,,,-175.0,119.0,-137.0,109.0,0.5495
401809247,2026-01-19,2026,2026-01-19T18:00Z,,fourfactors_hl25_b2b_carry25_phase_luck_talent_ft_avail_v6,reconstructed,ATL,MIL,44,41,0,0,0.462,0.49788,MIL,0.50212,,,,,-122.0,102.0,-120.0,100.0,0.52174,dk,110.0,112.0,0.0,-1.5,-105.0,-115.0,,,,,,,,,,,,,,,,,,-175.0,119.0,-116.0,-103.0,0.515
401809248,2026-01-19,2026,2026-01-19T19:30Z,,fourfactors_hl25_b2b_carry25_phase_luck_talent_ft_avail_v6,reconstructed,CLE,OKC,43,43,0,0,-20.559,0.3389,OKC,0.6611,,,,,180.0,-218.0,185.0,-225.0,0.33635,dk,104.0,136.0,0.0,6.5,-118.0,-102.0,,,,,,,,,,,,,,,,,,208.0,-276.0,181.0,-228.0,0.33333
401810463,2026-01-19,2026,2026-01-19T20:00Z,,fourfactors_hl25_b2b_carry25_phase_luck_talent_ft_avail_v6,reconstructed,WAS,LAC,41,41,0,0,-23.071,0.29583,LAC,0.70417,,,,,230.0,-285.0,210.0,-258.0,0.30921,dk,106.0,110.0,0.0,6.5,-110.0,-110.0,,,,,,,,,,,,,,,,,,208.0,-360.0,229.0,-276.0,0.285
401809249,2026-01-19,2026,2026-01-19T22:00Z,,fourfactors_hl25_b2b_carry25_phase_luck_talent_ft_avail_v6,reconstructed,NYK,DAL,42,43,0,0,7.476,0.81096,NYK,0.81096,,,,,-410.0,320.0,-550.0,410.0,0.81187,dk,97.0,114.0,0.0,-12.5,-115.0,-105.0,,,,,,,,,,,,,,,,,,-564.0,229.0,-525.0,425.0,0.825
401810466,2026-01-19,2026,2026-01-19T22:00Z,,fourfactors_hl25_b2b_carry25_phase_luck_talent_ft_avail_v6,reconstructed,SAS,UTA,42,42,0,0,35.799,0.83742,SAS,0.83742,,,,,-1100.0,700.0,-1000.0,650.0,0.87209,dk,123.0,110.0,1.0,-16.5,-115.0,-105.0,,,,,,,,,,,,,,,,,,-458.0,313.0,-869.0,685.0,0.885
401810464,2026-01-19,2026,2026-01-20T00:00Z,,fourfactors_hl25_b2b_carry25_phase_luck_talent_ft_avail_v6,reconstructed,PHI,IND,40,43,0,0,23.013,0.79677,PHI,0.79677,,,,,-340.0,270.0,-258.0,210.0,0.69079,dk,113.0,104.0,1.0,-6.5,-115.0,-105.0,,,,,,,,,,,,,,,,,,-276.0,198.0,-263.0,208.0,0.69802
401810465,2026-01-19,2026,2026-01-20T00:30Z,,fourfactors_hl25_b2b_carry25_phase_luck_talent_ft_avail_v6,reconstructed,BRK,PHO,40,42,1,0,-20.024,0.27948,PHO,0.72052,,,,,240.0,-298.0,310.0,-395.0,0.2341,dk,117.0,126.0,0.0,9.5,-115.0,-105.0,,,,,,,,,,,,,,,,,,198.0,-322.0,331.0,-404.0,0.215
401809250,2026-01-19,2026,2026-01-20T01:00Z,,fourfactors_hl25_b2b_carry25_phase_luck_talent_ft_avail_v6,reconstructed,DET,BOS,40,41,0,0,-1.074,0.59882,DET,0.59882,,,,,-155.0,130.0,-135.0,114.0,0.55144,dk,104.0,103.0,1.0,-2.5,-110.0,-110.0,,,,,,,,,,,,,,,,,,-137.0,105.0,-137.0,114.0,0.555
401810467,2026-01-19,2026,2026-01-20T03:00Z,,fourfactors_hl25_b2b_carry25_phase_luck_talent_ft_avail_v6,reconstructed,GSW,MIA,43,42,0,0,7.281,0.66194,GSW,0.66194,,,,,-225.0,185.0,-205.0,170.0,0.64473,dk,135.0,112.0,1.0,-5.5,-105.0,-115.0,,,,,,,,,,,,,,,,,,-322.0,134.0,-199.0,159.0,0.64179
401810468,2026-01-20,2026,2026-01-21T00:00Z,,fourfactors_hl25_b2b_carry25_phase_luck_talent_ft_avail_v6,reconstructed,PHI,PHO,41,43,1,1,-3.121,0.50094,PHI,0.50094,,,,,-115.0,-105.0,120.0,-142.0,0.43651,dk,110.0,116.0,0.0,2.5,-112.0,-108.0,,,,,,,,,,,,,,,,,,-116.0,-112.0,119.0,-142.0,0.435
401810469,2026-01-20,2026,2026-01-21T01:00Z,,fourfactors_hl25_b2b_carry25_phase_luck_talent_ft_avail_v6,reconstructed,CHI,LAC,42,42,0,1,-4.357,0.56482,CHI,0.56482,,,,,-125.0,105.0,-142.0,120.0,0.56349,dk,138.0,110.0,1.0,-2.5,-110.0,-110.0,,,,,,,,,,,,,,,,,,-103.0,-161.0,-142.0,124.0,0.57071
401810470,2026-01-20,2026,2026-01-21T01:00Z,,fourfactors_hl25_b2b_carry25_phase_luck_talent_ft_avail_v6,reconstructed,HOU,SAS,40,43,0,1,-0.226,0.69553,HOU,0.69553,,,,,-155.0,130.0,-175.0,145.0,0.60924,dk,111.0,106.0,1.0,-4.5,-112.0,-108.0,,,,,,,,,,,,,,,,,,-161.0,119.0,-175.0,140.0,0.60891
401810471,2026-01-20,2026,2026-01-21T02:00Z,,fourfactors_hl25_b2b_carry25_phase_luck_talent_ft_avail_v6,reconstructed,UTA,MIN,43,43,1,0,-48.466,0.11036,MIN,0.88964,,,,,350.0,-455.0,470.0,-650.0,0.16835,dk,127.0,122.0,1.0,12.5,-105.0,-115.0,,,,,,,,,,,,,,,,,,252.0,-430.0,490.0,-660.0,0.15347
401810472,2026-01-20,2026,2026-01-21T03:00Z,,fourfactors_hl25_b2b_carry25_phase_luck_talent_ft_avail_v6,reconstructed,DEN,LAL,43,41,0,0,7.255,0.37181,LAL,0.62819,,,,,-102.0,-118.0,140.0,-166.0,0.40036,dk,107.0,115.0,0.0,3.5,-112.0,-108.0,,,,,,,,,,,,,,,,,,-148.0,-103.0,129.0,-154.0,0.415
401810473,2026-01-20,2026,2026-01-21T03:00Z,,fourfactors_hl25_b2b_carry25_phase_luck_talent_ft_avail_v6,reconstructed,GSW,TOR,44,44,1,0,10.862,0.68211,GSW,0.68211,,,,,-230.0,190.0,-180.0,150.0,0.61644,dk,127.0,145.0,0.0,-4.5,-108.0,-112.0,,,,,,,,,,,,,,,,,,-183.0,146.0,-175.0,140.0,0.60697
401810474,2026-01-20,2026,2026-01-21T03:00Z,,fourfactors_hl25_b2b_carry25_phase_luck_talent_ft_avail_v6,reconstructed,SAC,MIA,43,43,0,1,-18.97,0.53102,SAC,0.53102,,,,,114.0,-135.0,150.0,-180.0,0.38356,dk,117.0,130.0,0.0,4.5,-112.0,-108.0,,,,,,,,,,,,,,,,,,129.0,-161.0,146.0,-183.0,0.38119
401810475,2026-01-21,2026,2026-01-22T00:00Z,,fourfactors_hl25_b2b_carry25_phase_luck_talent_ft_avail_v6,reconstructed,CHO,CLE,43,44,0,0,-6.078,0.39951,CLE,0.60049,,,,,120.0,-142.0,130.0,-155.0,0.41701,dk,87.0,94.0,0.0,3.5,-115.0,-105.0,,,,,,,,,,,,,,,,,,124.0,-183.0,134.0,-161.0,0.405
401810476,2026-01-21,2026,2026-01-22T00:30Z,,fourfactors_hl25_b2b_carry25_phase_luck_talent_ft_avail_v6,reconstructed,BOS,IND,42,44,0,0,43.044,0.85932,BOS,0.85932,,,,,-485.0,370.0,-470.0,360.0,0.79136,dk,119.0,104.0,1.0,-10.5,-110.0,-110.0,,,,,,,,,,,,,,,,,,-360.0,266.0,-430.0,351.0,0.795
401810477,2026-01-21,2026,2026-01-22T00:30Z,,fourfactors_hl25_b2b_carry25_phase_luck_talent_ft_avail_v6,reconstructed,NYK,BRK,43,41,0,0,16.817,0.80945,NYK,0.80945,,,,,-600.0,440.0,-625.0,455.0,0.82712,dk,120.0,66.0,1.0,-12.5,-112.0,-108.0,,,,,,,,,,,,,,,,,,-525.0,313.0,-609.0,490.0,0.845
401810478,2026-01-21,2026,2026-01-22T01:00Z,,fourfactors_hl25_b2b_carry25_phase_luck_talent_ft_avail_v6,reconstructed,MEM,ATL,41,45,0,0,2.601,0.53055,MEM,0.53055,,,,,-142.0,120.0,-120.0,100.0,0.52174,dk,122.0,124.0,0.0,-1.5,-102.0,-118.0,,,,,,,,,,,,,,,,,,-121.0,-116.0,-116.0,101.0,0.5202
401810479,2026-01-21,2026,2026-01-22T01:00Z,,fourfactors_hl25_b2b_carry25_phase_luck_talent_ft_avail_v6,reconstructed,NOP,DET,45,41,0,0,-37.458,0.33619,DET,0.66381,,,,,270.0,-340.0,220.0,-270.0,0.29984,dk,104.0,112.0,0.0,7.5,-112.0,-108.0,,,,,,,,,,,,,,,,,,240.0,-381.0,229.0,-290.0,0.28218
401810480,2026-01-21,2026,2026-01-22T02:30Z,,fourfactors_hl25_b2b_carry25_phase_luck_talent_ft_avail_v6,reconstructed,MIL,OKC,42,44,0,0,-38.148,0.28906,OKC,0.71094,,,,,310.0,-395.0,410.0,-550.0,0.18813,dk,102.0,122.0,0.0,12.5,-118.0,-102.0,,,,,,,,,,,,,,,,,,351.0,-489.0,425.0,-525.0,0.175
401810481,2026-01-21,2026,2026-01-22T03:00Z,,fourfactors_hl25_b2b_carry25_phase_luck_talent_ft_avail_v6,reconstructed,SAC,TOR,44,45,1,1,-23.062,0.42559,TOR,0.57441,,,,,160.0,-192.0,170.0,-205.0,0.35527,dk,109.0,122.0,0.0,5.5,-118.0,-102.0,,,,,,,,,,,,,,,,,,159.0,-191.0,159.0,-199.0,0.36139
401810482,2026-01-22,2026,2026-01-23T00:00Z,,fourfactors_hl25_b2b_carry25_phase_luck_talent_ft_avail_v6,reconstructed,ORL,CHO,42,44,0,1,-2.65,0.67184,ORL,0.67184,,,,,-250.0,205.0,-166.0,140.0,0.59964,dk,97.0,124.0,0.0,-3.5,-112.0,-108.0,,,,,,,,,,,,,,,,,,-161.0,119.0,-161.0,134.0,0.595
401810483,2026-01-22,2026,2026-01-23T00:00Z,,fourfactors_hl25_b2b_carry25_phase_luck_talent_ft_avail_v6,reconstructed,PHI,HOU,42,41,0,0,-8.724,0.36343,HOU,0.63657,,,,,120.0,-142.0,114.0,-135.0,0.44856,dk,128.0,122.0,1.0,1.5,-105.0,-115.0,,,,,,,,,,,,,,,,,,105.0,-154.0,109.0,-131.0,0.455
401810484,2026-01-22,2026,2026-01-23T00:00Z,,fourfactors_hl25_b2b_carry25_phase_luck_talent_ft_avail_v6,reconstructed,WAS,DEN,42,44,0,0,-29.578,0.38204,DEN,0.61796,,,,,200.0,-245.0,205.0,-250.0,0.31461,dk,97.0,107.0,0.0,6.5,-112.0,-108.0,,,,,,,,,,,,,,,,,,240.0,-360.0,208.0,-251.0,0.305
401810485,2026-01-22,2026,2026-01-23T00:30Z,,fourfactors_hl25_b2b_carry25_phase_luck_talent_ft_avail_v6,reconstructed,DAL,GSW,44,45,0,0,-10.464,0.31397,GSW,0.68603,,,,,120.0,-142.0,205.0,-250.0,0.31461,dk,123.0,115.0,1.0,6.5,-112.0,-108.0,,,,,,,,,,,,,,,,,,140.0,-183.0,198.0,-239.0,0.315
401810486,2026-01-22,2026,2026-01-23T01:00Z,,fourfactors_hl25_b2b_carry25_phase_luck_talent_ft_avail_v6,reconstructed,MIN,CHI,44,43,0,0,20.214,0.78476,MIN,0.78476,,,,,-410.0,320.0,-375.0,295.0,0.75719,dk,115.0,120.0,0.0,-9.5,-105.0,-115.0,,,,,,,,,,,,,,,,,,-276.0,208.0,-360.0,296.0,0.765
401810487,2026-01-22,2026,2026-01-23T02:00Z,,fourfactors_hl25_b2b_carry25_phase_luck_talent_ft_avail_v6,reconstructed,UTA,SAS,44,44,0,0,-34.786,0.25675,SAS,0.74325,,,,,525.0,-750.0,425.0,-575.0,0.18274,dk,109.0,126.0,0.0,12.5,-112.0,-108.0,,,,,,,,,,,,,,,,,,266.0,-381.0,456.0,-564.0,0.165
401810488,2026-01-22,2026,2026-01-23T03:00Z,,fourfactors_hl25_b2b_carry25_phase_luck_talent_ft_avail_v6,reconstructed,LAC,LAL,43,42,0,0,-4.172,0.52544,LAC,0.52544,,,,,-110.0,-110.0,-142.0,120.0,0.56349,dk,112.0,104.0,1.0,-2.5,-112.0,-108.0,,,,,,,,,,,,,,,,,,-116.0,-112.0,-142.0,119.0,0.565
401810489,2026-01-22,2026,2026-01-23T03:00Z,,fourfactors_hl25_b2b_carry25_phase_luck_talent_ft_avail_v6,reconstructed,POR,MIA,44,44,0,0,-5.298,0.52536,POR,0.52536,,,,,-135.0,114.0,-155.0,130.0,0.58299,dk,127.0,110.0,1.0,-3.5,-105.0,-115.0,,,,,,,,,,,,,,,,,,-148.0,105.0,-154.0,129.0,0.585
401810490,2026-01-23,2026,2026-01-24T00:00Z,,fourfactors_hl25_b2b_carry25_phase_luck_talent_ft_avail_v6,reconstructed,DET,HOU,42,42,0,1,9.014,0.64814,DET,0.64814,,,,,-155.0,130.0,-175.0,145.0,0.60924,dk,104.0,111.0,0.0,-4.5,-110.0,-110.0,,,,,,,,,,,,,,,,,,-142.0,114.0,-175.0,146.0,0.615
401810491,2026-01-23,2026,2026-01-24T00:30Z,,fourfactors_hl25_b2b_carry25_phase_luck_talent_ft_avail_v6,reconstructed,ATL,PHO,46,44,0,0,-12.547,0.47717,PHO,0.52283,,,,,130.0,-155.0,124.0,-148.0,0.42794,dk,110.0,103.0,1.0,3.5,-115.0,-105.0,,,,,,,,,,,,,,,,,,146.0,-175.0,124.0,-148.0,0.425
401810492,2026-01-23,2026,2026-01-24T00:30Z,,fourfactors_hl25_b2b_carry25_phase_luck_talent_ft_avail_v6,reconstructed,BRK,BOS,42,43,0,0,-42.587,0.23088,BOS,0.76912,,,,,285.0,-360.0,280.0,-355.0,0.25222,dk,126.0,130.0,0.0,8.5,-118.0,-102.0,,,,,,,,,,,,,,,,,,351.0,-360.0,280.0,-360.0,0.24257
401810493,2026-01-23,2026,2026-01-24T00:30Z,,fourfactors_hl25_b2b_carry25_phase_luck_talent_ft_avail_v6,reconstructed,CLE,SAC,45,45,0,0,27.043,0.8393,CLE,0.8393,,,,,-600.0,440.0,-575.0,425.0,0.81726,dk,123.0,118.0,1.0,-13.5,-105.0,-115.0,,,,,,,,,,,,,,,,,,-360.0,218.0,-525.0,425.0,0.825
401810494,2026-01-23,2026,2026-01-24T01:00Z,,fourfactors_hl25_b2b_carry25_phase_luck_talent_ft_avail_v6,reconstructed,MEM,NOP,42,46,0,0,12.525,0.57985,MEM,0.57985,,,,,-180.0,150.0,-198.0,164.0,0.6369,dk,127.0,133.0,0.0,-4.5,-118.0,-102.0,,,,,,,,,,,,,,,,,,-228.0,173.0,-191.0,159.0,0.635
401810496,2026-01-23,2026,2026-01-24T01:00Z,,fourfactors_hl25_b2b_carry25_phase_luck_talent_ft_avail_v6,reconstructed,OKC,IND,45,45,0,0,57.012,0.90165,OKC,0.90165,,,,,-1200.0,750.0,-900.0,600.0,0.86301,dk,114.0,117.0,0.0,-15.5,-110.0,-110.0,,,,,,,,,,,,,,,,,,-489.0,425.0,-869.0,685.0,0.885
401810495,2026-01-23,2026,2026-01-24T02:30Z,,fourfactors_hl25_b2b_carry25_phase_luck_talent_ft_avail_v6,reconstructed,MIL,DEN,43,45,0,1,-13.091,0.701,MIL,0.701,,,,,-185.0,154.0,-325.0,260.0,0.73354,dk,100.0,102.0,0.0,-8.5,-115.0,-105.0,,,,,,,,,,,,,,,,,,-183.0,140.0,-290.0,240.0,0.725
401810497,2026-01-23,2026,2026-01-24T03:00Z,,fourfactors_hl25_b2b_carry25_phase_luck_talent_ft_avail_v6,reconstructed,POR,TOR,45,46,1,0,-6.609,0.40049,TOR,0.59951,,,,,114.0,-135.0,142.0,-170.0,0.39624,dk,98.0,110.0,0.0,3.5,-105.0,-115.0,,,,,,,,,,,,,,,,,,-131.0,114.0,140.0,-168.0,0.395
401810500,2026-01-24,2026,2026-01-24T17:00Z,,fourfactors_hl25_b2b_carry25_phase_luck_talent_ft_avail_v6,reconstructed,CHO,WAS,45,43,0,0,23.708,0.79851,CHO,0.79851,,,,,-485.0,370.0,-520.0,390.0,0.80429,dk,119.0,115.0,1.0,-11.5,-112.0,-108.0,,,,,,,,,,,,,,,,,,-322.0,266.0,-489.0,373.0,0.80597
401810498,2026-01-24,2026,2026-01-24T20:00Z,,fourfactors_hl25_b2b_carry25_phase_luck_talent_ft_avail_v6,reconstructed,PHI,NYK,43,44,0,0,-4.187,0.43035,NYK,0.56965,,,,,-110.0,-110.0,-105.0,-115.0,0.48917,dk,109.0,112.0,0.0,1.5,-118.0,-102.0,,,,,,,,,,,,,,,,,,101.0,-142.0,-107.0,-112.0,0.495
401810501,2026-01-24,2026,2026-01-25T00:00Z,,fourfactors_hl25_b2b_carry25_phase_luck_talent_ft_avail_v6,reconstructed,ORL,CLE,43,46,0,1,-13.462,0.51099,ORL,0.51099,,,,,100.0,-120.0,-122.0,102.0,0.52609,dk,105.0,119.0,0.0,-1.5,-110.0,-110.0,,,,,,,,,,,,,,,,,,-112.0,-116.0,-121.0,101.0,0.525
401810502,2026-01-24,2026,2026-01-25T01:00Z,,fourfactors_hl25_b2b_carry25_phase_luck_talent_ft_avail_v6,reconstructed,CHI,BOS,44,44,0,1,-21.598,0.50531,CHI,0.50531,,,,,136.0,-162.0,130.0,-155.0,0.41701,dk,114.0,111.0,1.0,3.5,-115.0,-105.0,,,,,,,,,,,,,,,,,,173.0,-218.0,129.0,-154.0,0.415
401810503,2026-01-24,2026,2026-01-25T01:30Z,,fourfactors_hl25_b2b_carry25_phase_luck_talent_ft_avail_v6,reconstructed,DAL,LAL,45,43,0,0,-0.766,0.36872,LAL,0.63128,,,,,140.0,-166.0,145.0,-175.0,0.39076,dk,110.0,116.0,0.0,4.5,-118.0,-102.0,,,,,,,,,,,,,,,,,,146.0,-199.0,140.0,-175.0,0.38806
401810504,2026-01-24,2026,2026-01-25T02:30Z,,fourfactors_hl25_b2b_carry25_phase_luck_talent_ft_avail_v6,reconstructed,UTA,MIA,45,45,0,0,-25.0,0.32538,MIA,0.67462,,,,,220.0,-270.0,210.0,-258.0,0.30921,dk,116.0,147.0,0.0,6.5,-110.0,-110.0,,,,,,,,,,,,,,,,,,166.0,-218.0,198.0,-251.0,0.31188
401810505,2026-01-25,2026,2026-01-25T20:00Z,,fourfactors_hl25_b2b_carry25_phase_luck_talent_ft_avail_v6,reconstructed,DET,SAC,43,46,0,0,39.805,0.81246,DET,0.81246,,,,,-800.0,550.0,-650.0,470.0,0.83165,dk,139.0,116.0,1.0,-12.5,-115.0,-105.0,,,,,,,,,,,,,,,,,,-564.0,425.0,-609.0,490.0,0.845
401857824,2026-01-25,2026,2026-01-25T22:30Z,,fourfactors_hl25_b2b_carry25_phase_luck_talent_ft_avail_v6,reconstructed,MIN,GSW,45,46,0,0,10.682,0.69987,MIN,0.69987,,,,,-230.0,190.0,-198.0,164.0,0.6369,dk,85.0,111.0,0.0,-5.5,-105.0,-115.0,,,,,,,,,,,,,,,,,,-191.0,159.0,-191.0,159.0,0.635
401810508,2026-01-25,2026,2026-01-26T00:00Z,,fourfactors_hl25_b2b_carry25_phase_luck_talent_ft_avail_v6,reconstructed,OKC,TOR,46,47,0,0,26.986,0.81002,OKC,0.81002,,,,,-575.0,425.0,-520.0,390.0,0.80429,dk,101.0,103.0,0.0,-11.5,-105.0,-115.0,,,,,,,,,,,,,,,,,,-381.0,373.0,-489.0,373.0,0.80693
401810509,2026-01-25,2026,2026-01-26T00:00Z,,fourfactors_hl25_b2b_carry25_phase_luck_talent_ft_avail_v6,reconstructed,SAS,NOP,45,47,0,0,27.082,0.72811,SAS,0.72811,,,,,-675.0,490.0,-535.0,400.0,0.80816,dk,95.0,104.0,0.0,-11.5,-110.0,-110.0,,,,,,,,,,,,,,,,,,-525.0,456.0,-489.0,398.0,0.815
401810510,2026-01-25,2026,2026-01-26T01:00Z,,fourfactors_hl25_b2b_carry25_phase_luck_talent_ft_avail_v6,reconstructed,PHO,MIA,45,46,0,1,3.83,0.65626,PHO,0.65626,,,,,-155.0,130.0,-180.0,150.0,0.61644,dk,102.0,111.0,0.0,-4.5,-108.0,-112.0,,,,,,,,,,,,,,,,,,-199.0,152.0,-175.0,146.0,0.615
401810511,2026-01-25,2026,2026-01-26T02:00Z,,fourfactors_hl25_b2b_carry25_phase_luck_talent_ft_avail_v6,reconstructed,LAC,BRK,44,43,0,0,16.932,0.78129,LAC,0.78129,,,,,-395.0,310.0,-470.0,360.0,0.79136,dk,126.0,89.0,1.0,-10.5,-112.0,-108.0,,,,,,,,,,,,,,,,,,-404.0,313.0,-458.0,351.0,0.79703
401810514,2026-01-26,2026,2026-01-26T18:30Z,,fourfactors_hl25_b2b_carry25_phase_luck_talent_ft_avail_v6,reconstructed,ATL,IND,47,46,0,0,16.712,0.71064,ATL,0.71064,,,,,-185.0,154.0,-225.0,185.0,0.66365,dk,132.0,116.0,1.0,-5.5,-108.0,-112.0,,,,,,,,,,,,,,,,,,-322.0,159.0,-208.0,166.0,0.64851
401810512,2026-01-26,2026,2026-01-26T20:00Z,,fourfactors_hl25_b2b_carry25_phase_luck_talent_ft_avail_v6,reconstructed,CHO,PHI,46,44,0,0,-1.816,0.52593,CHO,0.52593,,,,,-148.0,124.0,-122.0,102.0,0.52609,dk,130.0,93.0,1.0,-1.5,-112.0,-108.0,,,,,,,,,,,,,,,,,,-107.0,-161.0,-131.0,109.0,0.545
401810513,2026-01-26,2026,2026-01-27T00:00Z,,fourfactors_hl25_b2b_carry25_phase_luck_talent_ft_avail_v6,reconstructed,CLE,ORL,47,44,0,0,16.849,0.70978,CLE,0.70978,,,,,-192.0,160.0,-205.0,170.0,0.64473,dk,114.0,98.0,1.0,-4.5,-118.0,-102.0,,,,,,,,,,,,,,,,,,-228.0,124.0,-208.0,173.0,0.655
401810515,2026-01-26,2026,2026-01-27T01:00Z,,fourfactors_hl25_b2b_carry25_phase_luck_talent_ft_avail_v6,reconstructed,BOS,POR,45,46,0,0,25.462,0.82173,BOS,0.82173,,,,,-298.0,240.0,-345.0,275.0,0.74407,dk,102.0,94.0,1.0,-8.5,-110.0,-110.0,,,,,,,,,,,,,,,,,,-276.0,166.0,-340.0,266.0,0.74752
401810516,2026-01-26,2026,2026-01-27T01:00Z,,fourfactors_hl25_b2b_carry25_phase_luck_talent_ft_avail_v6,reconstructed,CHI,LAL,45,44,0,0,-0.072,0.4842,LAL,0.5158,,,,,105.0,-125.0,100.0,-120.0,0.47826,dk,118.0,129.0,0.0,1.5,-108.0,-112.0,,,,,,,,,,,,,,,,,,101.0,-175.0,101.0,-126.0,0.4703
401810517,2026-01-26,2026,2026-01-27T01:00Z,,fourfactors_hl25_b2b_carry25_phase_luck_talent_ft_avail_v6,reconstructed,HOU,MEM,43,43,0,0,17.205,0.75321,HOU,0.75321,,,,,-470.0,360.0,-520.0,390.0,0.80429,dk,108.0,99.0,1.0,-11.5,-102.0,-118.0,,,,,,,,,,,,,,,,,,-381.0,296.0,-489.0,373.0,0.80693
401810518,2026-01-26,2026,2026-01-27T02:30Z,,fourfactors_hl25_b2b_carry25_phase_luck_talent_ft_avail_v6,reconstructed,MIN,GSW,46,47,1,1,7.11,0.71718,MIN,0.71718,,,,,-290.0,235.0,-298.0,240.0,0.71797,dk,108.0,83.0,1.0,-8.5,-105.0,-115.0,,,,,,,,,,,,,,,,,,-263.0,146.0,-290.0,240.0,0.725
401810519,2026-01-27,2026,2026-01-28T00:00Z,,fourfactors_hl25_b2b_carry25_phase_luck_talent_ft_avail_v6,reconstructed,WAS,POR,44,47,0,1,-17.283,0.43604,POR,0.56396,,,,,230.0,-285.0,210.0,-258.0,0.30921,dk,115.0,111.0,1.0,7.5,-118.0,-102.0,,,,,,,,,,,,,,,,,,166.0,-276.0,198.0,-251.0,0.31188
401810520,2026-01-27,2026,2026-01-28T00:30Z,,fourfactors_hl25_b2b_carry25_phase_luck_talent_ft_avail_v6,reconstructed,NYK,SAC,45,47,0,0,31.066,0.84115,NYK,0.84115,,,,,-650.0,470.0,-800.0,550.0,0.85246,dk,103.0,87.0,1.0,-14.5,-112.0,-108.0,,,,,,,,,,,,,,,,,,-381.0,351.0,-719.0,574.0,0.865
401810521,2026-01-27,2026,2026-01-28T01:00Z,,fourfactors_hl25_b2b_carry25_phase_luck_talent_ft_avail_v6,reconstructed,PHI,MIL,45,44,1,0,5.645,0.57643,PHI,0.57643,,,,,-375.0,295.0,-380.0,300.0,0.76,dk,139.0,122.0,1.0,-10.5,100.0,-120.0,,,,,,,,,,,,,,,,,,-381.0,296.0,-360.0,296.0,0.765
401810522,2026-01-27,2026,2026-01-28T01:00Z,,fourfactors_hl25_b2b_carry25_phase_luck_talent_ft_avail_v6,reconstructed,OKC,NOP,47,48,0,0,45.97,0.86199,OKC,0.86199,,,,,-900.0,600.0,-850.0,575.0,0.85794,dk,104.0,95.0,1.0,-14.5,-108.0,-112.0,,,,,,,,,,,,,,,,,,-719.0,574.0,-660.0,574.0,0.86364
401810523,2026-01-27,2026,2026-01-28T02:00Z,,fourfactors_hl25_b2b_carry25_phase_luck_talent_ft_avail_v6,reconstructed,DEN,DET,46,44,0,0,-13.315,0.24759,DET,0.75241,,,,,180.0,-218.0,225.0,-278.0,0.29497,dk,107.0,109.0,0.0,7.5,-115.0,-105.0,,,,,,,,,,,,,,,,,,129.0,-218.0,218.0,-263.0,0.295
401810524,2026-01-27,2026,2026-01-28T02:00Z,,fourfactors_hl25_b2b_carry25_phase_luck_talent_ft_avail_v6,reconstructed,PHO,BRK,46,44,0,0,28.153,0.67605,PHO,0.67605,,,,,-340.0,270.0,-305.0,245.0,0.72208,dk,106.0,102.0,1.0,-7.5,-115.0,-105.0,,,,,,,,,,,,,,,,,,-430.0,198.0,-306.0,252.0,0.735
401810525,2026-01-27,2026,2026-01-28T03:00Z,,fourfactors_hl25_b2b_carry25_phase_luck_talent_ft_avail_v6,reconstructed,UTA,LAC,46,45,0,0,-28.02,0.22747,LAC,0.77253,,,,,330.0,-425.0,270.0,-340.0,0.25913,dk,103.0,115.0,0.0,8.5,-105.0,-115.0,,,,,,,,,,,,,,,,,,146.0,-228.0,266.0,-322.0,0.255
401810526,2026-01-28,2026,2026-01-29T00:00Z,,fourfactors_hl25_b2b_carry25_phase_luck_talent_ft_avail_v6,reconstructed,CLE,LAL,48,45,0,0,6.589,0.56966,CLE,0.56966,,,,,-135.0,114.0,-162.0,136.0,0.59337,dk,129.0,99.0,1.0,-3.5,-112.0,-108.0,,,,,,,,,,,,,,,,,,-191.0,140.0,-168.0,134.0,0.59901
401810527,2026-01-28,2026,2026-01-29T00:00Z,,fourfactors_hl25_b2b_carry25_phase_luck_talent_ft_avail_v6,reconstructed,IND,CHI,47,46,0,0,-22.016,0.36708,CHI,0.63292,,,,,100.0,-120.0,105.0,-125.0,0.46753,dk,113.0,110.0,1.0,1.5,-105.0,-115.0,,,,,,,,,,,,,,,,,,109.0,-131.0,109.0,-131.0,0.455
401810528,2026-01-28,2026,2026-01-29T00:30Z,,fourfactors_hl25_b2b_carry25_phase_luck_talent_ft_avail_v6,reconstructed,BOS,ATL,46,48,0,0,21.569,0.73181,BOS,0.73181,,,,,-298.0,240.0,-205.0,170.0,0.64473,dk,106.0,117.0,0.0,-5.5,-110.0,-110.0,,,,,,,,,,,,,,,,,,-251.0,208.0,-208.0,173.0,0.655
401810529,2026-01-28,2026,2026-01-29T00:30Z,,fourfactors_hl25_b2b_carry25_phase_luck_talent_ft_avail_v6,reconstructed,MIA,ORL,47,45,0,0,13.321,0.59904,MIA,0.59904,,,,,-135.0,114.0,-148.0,124.0,0.57206,dk,124.0,133.0,0.0,-3.5,-108.0,-112.0,,,,,,,,,,,,,,,,,,-148.0,124.0,-154.0,124.0,0.57921
401810530,2026-01-28,2026,2026-01-29T00:30Z,,fourfactors_hl25_b2b_carry25_phase_luck_talent_ft_avail_v6,reconstructed,TOR,NYK,48,46,0,1,-5.567,0.49439,NYK,0.50561,,,,,-120.0,100.0,-122.0,102.0,0.52609,dk,92.0,119.0,0.0,-1.5,-115.0,-105.0,,,,,,,,,,,,,,,,,,119.0,-142.0,-126.0,105.0,0.535
401810531,2026-01-28,2026,2026-01-29T01:00Z,,fourfactors_hl25_b2b_carry25_phase_luck_talent_ft_avail_v6,reconstructed,MEM,CHO,44,47,0,0,-11.422,0.39493,CHO,0.60507,,,,,100.0,-120.0,114.0,-135.0,0.44856,dk,97.0,112.0,0.0,2.5,-112.0,-108.0,,,,,,,,,,,,,,,,,,-126.0,101.0,114.0,-131.0,0.44949
401810532,2026-01-28,2026,2026-01-29T01:30Z,,fourfactors_hl25_b2b_carry25_phase_luck_talent_ft_avail_v6,reconstructed,DAL,MIN,46,47,0,0,-19.913,0.28759,MIN,0.71241,,,,,210.0,-258.0,260.0,-325.0,0.26646,dk,105.0,118.0,0.0,8.5,-105.0,-115.0,,,,,,,,,,,,,,,,,,189.0,-239.0,266.0,-322.0,0.255
401810533,2026-01-28,2026,2026-01-29T02:00Z,,fourfactors_hl25_b2b_carry25_phase_luck_talent_ft_avail_v6,reconstructed,UTA,GSW,47,48,1,0,-33.58,0.32091,GSW,0.67909,,,,,250.0,-310.0,240.0,-298.0,0.28203,dk,124.0,140.0,0.0,8.5,-108.0,-112.0,,,,,,,,,,,,,,,,,,208.0,-276.0,252.0,-306.0,0.265
401810534,2026-01-28,2026,2026-01-29T02:42Z,,fourfactors_hl25_b2b_carry25_phase_luck_talent_ft_avail_v6,reconstructed,HOU,SAS,44,46,0,0,2.316,0.62269,HOU,0.62269,,,,,-142.0,120.0,-142.0,120.0,0.56349,dk,99.0,111.0,0.0,-2.5,-112.0,-108.0,,,,,,,,,,,,,,,,,,-148.0,124.0,-137.0,109.0,0.5495
401810535,2026-01-29,2026,2026-01-30T00:00Z,,fourfactors_hl25_b2b_carry25_phase_luck_talent_ft_avail_v6,reconstructed,PHI,SAC,46,48,0,0,24.704,0.72585,PHI,0.72585,,,,,-485.0,370.0,-410.0,320.0,0.77151,dk,113.0,111.0,1.0,-9.5,-115.0,-105.0,,,,,,,,,,,,,,,,,,-322.0,296.0,-381.0,313.0,0.775
401810536,2026-01-29,2026,2026-01-30T00:00Z,,fourfactors_hl25_b2b_carry25_phase_luck_talent_ft_avail_v6,reconstructed,WAS,MIL,45,45,0,0,-14.065,0.4528,MIL,0.5472,,,,,114.0,-135.0,105.0,-125.0,0.46753,dk,109.0,99.0,1.0,1.5,-102.0,-118.0,,,,,,,,,,,,,,,,,,124.0,-161.0,105.0,-126.0,0.465
401810537,2026-01-29,2026,2026-01-30T01:00Z,,fourfactors_hl25_b2b_carry25_phase_luck_talent_ft_avail_v6,reconstructed,ATL,HOU,49,45,1,1,-11.786,0.4452,HOU,0.5548,,,,,150.0,-180.0,220.0,-270.0,0.29984,dk,86.0,104.0,0.0,6.5,-108.0,-112.0,,,,,,,,,,,,,,,,,,159.0,-183.0,218.0,-263.0,0.295
401850920,2026-01-29,2026,2026-01-30T01:00Z,,fourfactors_hl25_b2b_carry25_phase_luck_talent_ft_avail_v6,reconstructed,CHI,MIA,47,48,1,1,-1.769,0.5139,CHI,0.5139,,,,,-120.0,100.0,110.0,-130.0,0.45726,dk,113.0,116.0,0.0,2.5,-115.0,-105.0,,,,,,,,,,,,,,,,,,140.0,-168.0,109.0,-137.0,0.4505
401810538,2026-01-29,2026,2026-01-30T01:30Z,,fourfactors_hl25_b2b_carry25_phase_luck_talent_ft_avail_v6,reconstructed,DAL,CHO,47,48,1,1,-7.769,0.41648,CHO,0.58352,,,,,136.0,-162.0,130.0,-155.0,0.41701,dk,121.0,123.0,0.0,3.5,-115.0,-105.0,,,,,,,,,,,,,,,,,,-107.0,-107.0,124.0,-154.0,0.42079
401810539,2026-01-29,2026,2026-01-30T02:00Z,,fourfactors_hl25_b2b_carry25_phase_luck_talent_ft_avail_v6,reconstructed,DEN,BRK,47,45,0,0,29.328,0.62093,DEN,0.62093,,,,,-298.0,240.0,-245.0,200.0,0.68056,dk,107.0,103.0,1.0,-6.5,-105.0,-115.0,,,,,,,,,,,,,,,,,,-276.0,252.0,-251.0,208.0,0.695
401810540,2026-01-29,2026,2026-01-30T02:00Z,,fourfactors_hl25_b2b_carry25_phase_luck_talent_ft_avail_v6,reconstructed,PHO,DET,47,45,0,0,-13.843,0.36901,DET,0.63099,,,,,164.0,-198.0,130.0,-155.0,0.41701,dk,114.0,96.0,1.0,3.5,-115.0,-105.0,,,,,,,,,,,,,,,,,,146.0,-175.0,134.0,-161.0,0.405
401810541,2026-01-29,2026,2026-01-30T02:30Z,,fourfactors_hl25_b2b_carry25_phase_luck_talent_ft_avail_v6,reconstructed,MIN,OKC,48,48,1,0,-11.295,0.39446,OKC,0.60554,,,,,180.0,-218.0,170.0,-205.0,0.35527,dk,123.0,111.0,1.0,5.5,-110.0,-110.0,,,,,,,,,,,,,,,,,,114.0,-263.0,173.0,-208.0,0.345
401810543,2026-01-30,2026,2026-01-31T00:00Z,,fourfactors_hl25_b2b_carry25_phase_luck_talent_ft_avail_v6,reconstructed,WAS,LAL,46,46,1,0,-20.152,0.16598,LAL,0.83402,,,,,260.0,-325.0,360.0,-470.0,0.20864,dk,111.0,142.0,0.0,10.5,-105.0,-115.0,,,,,,,,,,,,,,,,,,280.0,-340.0,398.0,-489.0,0.185
401810542,2026-01-30,2026,2026-01-31T00:30Z,,fourfactors_hl25_b2b_carry25_phase_luck_talent_ft_avail_v6,reconstructed,ORL,TOR,46,49,0,0,-10.845,0.5433,ORL,0.5433,,,,,-115.0,-105.0,-142.0,120.0,0.56349,dk,130.0,120.0,1.0,-2.5,-110.0,-110.0,,,,,,,,,,,,,,,,,,-112.0,-112.0,-137.0,114.0,0.555
401810544,2026-01-30,2026,2026-01-31T00:30Z,,fourfactors_hl25_b2b_carry25_phase_luck_talent_ft_avail_v6,reconstructed,BOS,SAC,47,49,0,1,39.871,0.88328,BOS,0.88328,,,,,-485.0,370.0,-520.0,390.0,0.80429,dk,112.0,93.0,1.0,-11.5,-115.0,-105.0,,,,,,,,,,,,,,,,,,-489.0,398.0,-525.0,398.0,0.82
401810545,2026-01-30,2026,2026-01-31T00:30Z,,fourfactors_hl25_b2b_carry25_phase_luck_talent_ft_avail_v6,reconstructed,NYK,POR,47,48,0,0,18.07,0.73777,NYK,0.73777,,,,,-258.0,210.0,-250.0,205.0,0.68539,dk,127.0,97.0,1.0,-6.5,-115.0,-105.0,,,,,,,,,,,,,,,,,,-218.0,173.0,-251.0,198.0,0.69154
401810546,2026-01-30,2026,2026-01-31T00:30Z,,fourfactors_hl25_b2b_carry25_phase_luck_talent_ft_avail_v6,reconstructed,NOP,MEM,49,45,0,0,-8.557,0.60181,NOP,0.60181,,,,,-135.0,114.0,-155.0,130.0,0.58299,dk,114.0,106.0,1.0,-3.5,-112.0,-108.0,,,,,,,,,,,,,,,,,,-103.0,-121.0,-154.0,124.0,0.57921
401810548,2026-01-30,2026,2026-01-31T02:00Z,,fourfactors_hl25_b2b_carry25_phase_luck_talent_ft_avail_v6,reconstructed,PHO,CLE,48,49,1,0,-5.755,0.36104,CLE,0.63896,,,,,145.0,-175.0,102.0,-122.0,0.47391,dk,126.0,113.0,1.0,1.5,-105.0,-115.0,,,,,,,,,,,,,,,,,,-121.0,-107.0,105.0,-131.0,0.45771
401810550,2026-01-30,2026,2026-01-31T02:00Z,,fourfactors_hl25_b2b_carry25_phase_luck_talent_ft_avail_v6,reconstructed,DEN,LAC,48,46,1,0,3.18,0.25805,LAC,0.74195,,,,,180.0,-218.0,120.0,-142.0,0.43651,dk,122.0,109.0,1.0,2.5,-110.0,-110.0,,,,,,,,,,,,,,,,,,-103.0,-126.0,119.0,-142.0,0.435
401810549,2026-01-30,2026,2026-01-31T02:30Z,,fourfactors_hl25_b2b_carry25_phase_luck_talent_ft_avail_v6,reconstructed,UTA,BRK,48,46,0,1,-5.521,0.59058,UTA,0.59058,,,,,-148.0,124.0,-162.0,136.0,0.59337,dk,99.0,109.0,0.0,-3.5,-115.0,-105.0,,,,,,,,,,,,,,,,,,-199.0,146.0,-161.0,129.0,0.58911
401810551,2026-01-30,2026,2026-01-31T03:00Z,,fourfactors_hl25_b2b_carry25_phase_luck_talent_ft_avail_v6,reconstructed,GSW,DET,49,46,0,1,-8.681,0.57202,GSW,0.57202,,,,,102.0,-122.0,-130.0,110.0,0.54274,dk,124.0,131.0,0.0,-2.5,-105.0,-115.0,,,,,,,,,,,,,,,,,,109.0,-142.0,-137.0,109.0,0.5495
401810552,2026-01-31,2026,2026-01-31T17:00Z,,fourfactors_hl25_b2b_carry25_phase_luck_talent_ft_avail_v6,reconstructed,CHO,SAS,49,47,0,0,-6.74,0.4564,SAS,0.5436,,,,,130.0,-155.0,140.0,-166.0,0.40036,dk,111.0,106.0,1.0,3.5,-105.0,-115.0,,,,,,,,,,,,,,,,,,146.0,-183.0,140.0,-175.0,0.39303
401810553,2026-01-31,2026,2026-02-01T00:00Z,,fourfactors_hl25_b2b_carry25_phase_luck_talent_ft_avail_v6,reconstructed,IND,ATL,48,50,0,0,-17.902,0.47826,ATL,0.52174,,,,,102.0,-122.0,102.0,-122.0,0.47391,dk,129.0,124.0,1.0,1.5,-112.0,-108.0,,,,,,,,,,,,,,,,,,101.0,-121.0,101.0,-116.0,0.4798
401810554,2026-01-31,2026,2026-02-01T00:30Z,,fourfactors_hl25_b2b_carry25_phase_luck_talent_ft_avail_v6,reconstructed,PHI,NOP,47,50,0,1,15.109,0.72983,PHI,0.72983,,,,,-360.0,285.0,-225.0,185.0,0.66365,dk,124.0,114.0,1.0,-6.5,-105.0,-115.0,,,,,,,,,,,,,,,,,,-719.0,-107.0,-228.0,189.0,0.675
401810547,2026-01-31,2026,2026-02-01T01:00Z,,fourfactors_hl25_b2b_carry25_phase_luck_talent_ft_avail_v6,reconstructed,MIA,CHI,49,48,0,0,2.283,0.71038,MIA,0.71038,,,,,-192.0,160.0,-205.0,170.0,0.64473,dk,118.0,125.0,0.0,-5.5,-115.0,-105.0,,,,,,,,,,,,,,,,,,-208.0,173.0,-208.0,173.0,0.655
401810555,2026-01-31,2026,2026-02-01T01:00Z,,fourfactors_hl25_b2b_carry25_phase_luck_talent_ft_avail_v6,reconstructed,MEM,MIN,46,49,1,0,-26.905,0.18979,MIN,0.81021,,,,,225.0,-278.0,370.0,-485.0,0.20422,dk,114.0,131.0,0.0,11.5,-115.0,-105.0,,,,,,,,,,,,,,,,,,152.0,-430.0,373.0,-458.0,0.195
401810556,2026-01-31,2026,2026-02-01T01:30Z,,fourfactors_hl25_b2b_carry25_phase_luck_talent_ft_avail_v6,reconstructed,HOU,DAL,46,48,0,0,16.063,0.76271,HOU,0.76271,,,,,-535.0,400.0,-425.0,330.0,0.77683,dk,111.0,107.0,1.0,-10.5,-110.0,-110.0,,,,,,,,,,,,,,,,,,-489.0,398.0,-404.0,331.0,0.785
401810557,2026-02-01,2026,2026-02-01T20:30Z,,fourfactors_hl25_b2b_carry25_phase_luck_talent_ft_avail_v6,reconstructed,BOS,MIL,48,46,0,0,27.453,0.85466,BOS,0.85466,,,,,-750.0,525.0,-625.0,455.0,0.82712,dk,107.0,79.0,1.0,-12.5,-115.0,-105.0,,,,,,,,,,,,,,,,,,-719.0,-719.0,-609.0,456.0,0.83663
401810559,2026-02-01,2026,2026-02-01T23:00Z,,fourfactors_hl25_b2b_carry25_phase_luck_talent_ft_avail_v6,reconstructed,DET,BRK,47,47,0,0,37.674,0.83032,DET,0.83032,,,,,-750.0,525.0,-700.0,500.0,0.84,dk,130.0,77.0,1.0,-13.5,-110.0,-110.0,,,,,,,,,,,,,,,,,,-719.0,-719.0,-719.0,529.0,0.86
401810560,2026-02-01,2026,2026-02-01T23:00Z,,fourfactors_hl25_b2b_carry25_phase_luck_talent_ft_avail_v6,reconstructed,MIA,CHI,50,49,1,1,0.679,0.71399,MIA,0.71399,,,,,-155.0,130.0,-218.0,180.0,0.65748,dk,134.0,91.0,1.0,-5.5,-110.0,-110.0,,,,,,,,,,,,,,,,,,-719.0,-719.0,-218.0,173.0,0.65842
401810561,2026-02-01,2026,2026-02-01T23:00Z,,fourfactors_hl25_b2b_carry25_phase_luck_talent_ft_avail_v6,reconstructed,TOR,UTA,50,49,0,0,29.301,0.77367,TOR,0.77367,,,,,-575.0,425.0,-395.0,310.0,0.7659,dk,107.0,100.0,1.0,-10.5,-102.0,-118.0,,,,,,,,,,,,,,,,,,-719.0,-719.0,-404.0,313.0,0.77723
401810562,2026-02-01,2026,2026-02-01T23:00Z,,fourfactors_hl25_b2b_carry25_phase_luck_talent_ft_avail_v6,reconstructed,WAS,SAC,47,50,0,0,2.01,0.46486,SAC,0.53514,,,,,114.0,-135.0,-102.0,-118.0,0.48264,dk,116.0,112.0,1.0,1.5,-112.0,-108.0,,,,,,,,,,,,,,,,,,-719.0,-719.0,101.0,-121.0,0.475
401810563,2026-02-01,2026,2026-02-02T00:00Z,,fourfactors_hl25_b2b_carry25_phase_luck_talent_ft_avail_v6,reconstructed,NYK,LAL,48,47,0,0,11.111,0.64047,NYK,0.64047,,,,,-180.0,150.0,-225.0,185.0,0.66365,dk,112.0,100.0,1.0,-5.5,-118.0,-102.0,,,,,,,,,,,,,,,,,,-719.0,-719.0,-228.0,181.0,0.66832
401810564,2026-02-01,2026,2026-02-02T01:00Z,,fourfactors_hl25_b2b_carry25_phase_luck_talent_ft_avail_v6,reconstructed,PHO,LAC,49,47,0,0,5.958,0.5159,PHO,0.5159,,,,,-115.0,-105.0,-148.0,124.0,0.57206,dk,93.0,117.0,0.0,-2.5,-115.0,-105.0,,,,,,,,,,,,,,,,,,-719.0,-719.0,-148.0,119.0,0.57214
401810558,2026-02-01,2026,2026-02-02T02:00Z,,fourfactors_hl25_b2b_carry25_phase_luck_talent_ft_avail_v6,reconstructed,SAS,ORL,48,47,1,0,19.605,0.61069,SAS,0.61069,,,,,-250.0,205.0,-198.0,164.0,0.6369,dk,112.0,103.0,1.0,-4.5,-112.0,-108.0,,,,,,,,,,,,,,,,,,-660.0,-719.0,-208.0,166.0,0.64851
401810565,2026-02-01,2026,2026-02-02T02:00Z,,fourfactors_hl25_b2b_carry25_phase_luck_talent_ft_avail_v6,reconstructed,POR,CLE,49,50,0,0,-17.375,0.34123,CLE,0.65877,,,,,-105.0,-115.0,150.0,-180.0,0.38356,dk,111.0,130.0,0.0,3.5,-102.0,-118.0,,,,,,,,,,,,,,,,,,-719.0,-719.0,152.0,-183.0,0.375
401810566,2026-02-01,2026,2026-02-02T02:30Z,,fourfactors_hl25_b2b_carry25_phase_luck_talent_ft_avail_v6,reconstructed,DEN,OKC,49,49,0,0,-20.217,0.3199,OKC,0.6801,,,,,150.0,-180.0,190.0,-230.0,0.33099,dk,111.0,121.0,0.0,7.5,-122.0,102.0,,,,,,,,,,,,,,,,,,-719.0,-719.0,189.0,-239.0,0.32178
401810567,2026-02-02,2026,2026-02-02T20:00Z,,fourfactors_hl25_b2b_carry25_phase_luck_talent_ft_avail_v6,reconstructed,CHO,NOP,50,51,0,0,19.271,0.68656,CHO,0.68656,,,,,-270.0,220.0,-278.0,225.0,0.70503,dk,102.0,95.0,1.0,-6.5,-118.0,-102.0,,,,,,,,,,,,,,,,,,-290.0,208.0,-251.0,198.0,0.69154
401810568,2026-02-02,2026,2026-02-03T00:00Z,,fourfactors_hl25_b2b_carry25_phase_luck_talent_ft_avail_v6,reconstructed,IND,HOU,49,47,0,0,-32.805,0.27304,HOU,0.72696,,,,,170.0,-205.0,205.0,-250.0,0.31461,dk,114.0,118.0,0.0,6.5,-115.0,-105.0,,,,,,,,,,,,,,,,,,280.0,-404.0,218.0,-263.0,0.295
401810569,2026-02-02,2026,2026-02-03T00:30Z,,fourfactors_hl25_b2b_carry25_phase_luck_talent_ft_avail_v6,reconstructed,MEM,MIN,47,50,0,0,-28.581,0.20136,MIN,0.79864,,,,,215.0,-265.0,245.0,-305.0,0.27792,dk,137.0,128.0,1.0,7.5,-112.0,-108.0,,,,,,,,,,,,,,,,,,-609.0,-263.0,240.0,-290.0,0.275
401810570,2026-02-02,2026,2026-02-03T03:00Z,,fourfactors_hl25_b2b_carry25_phase_luck_talent_ft_avail_v6,reconstructed,LAC,PHI,48,48,1,0,0.439,0.47219,PHI,0.52781,,,,,-148.0,124.0,-105.0,-115.0,0.48917,dk,113.0,128.0,0.0,1.5,-118.0,-102.0,,,,,,,,,,,,,,,,,,-121.0,-116.0,-107.0,-116.0,0.4901
401810571,2026-02-03,2026,2026-02-04T00:00Z,,fourfactors_hl25_b2b_carry25_phase_luck_talent_ft_avail_v6,reconstructed,DET,DEN,48,50,0,0,15.065,0.61801,DET,0.61801,,,,,-230.0,190.0,-192.0,160.0,0.63094,dk,124.0,121.0,1.0,-5.5,-102.0,-118.0,,,,,,,,,,,,,,,,,,-208.0,166.0,-199.0,166.0,0.645
401810572,2026-02-03,2026,2026-02-04T00:00Z,,fourfactors_hl25_b2b_carry25_phase_luck_talent_ft_avail_v6,reconstructed,IND,UTA,50,50,1,0,10.11,0.586,IND,0.586,,,,,-192.0,160.0,120.0,-142.0,0.43651,dk,122.0,131.0,0.0,2.5,-102.0,-118.0,,,,,,,,,,,,,,,,,,-161.0,109.0,124.0,-148.0,0.425
401810573,2026-02-03,2026,2026-02-04T00:00Z,,fourfactors_hl25_b2b_carry25_phase_luck_talent_ft_avail_v6,reconstructed,WAS,NYK,48,49,0,0,-36.856,0.17999,NYK,0.82001,,,,,525.0,-750.0,455.0,-625.0,0.17288,dk,101.0,132.0,0.0,12.5,-105.0,-115.0,,,,,,,,,,,,,,,,,,456.0,-660.0,456.0,-564.0,0.165
401810574,2026-02-03,2026,2026-02-04T00:30Z,,fourfactors_hl25_b2b_carry25_phase_luck_talent_ft_avail_v6,reconstructed,BRK,LAL,48,48,0,0,-29.293,0.23505,LAL,0.76495,,,,,295.0,-375.0,270.0,-340.0,0.25913,dk,109.0,125.0,0.0,7.5,-102.0,-118.0,,,,,,,,,,,,,,,,,,252.0,-322.0,266.0,-322.0,0.255
401810575,2026-02-03,2026,2026-02-04T00:30Z,,fourfactors_hl25_b2b_carry25_phase_luck_talent_ft_avail_v6,reconstructed,MIA,ATL,51,51,0,0,7.89,0.58595,MIA,0.58595,,,,,-205.0,170.0,-118.0,-102.0,0.51736,dk,115.0,127.0,0.0,-1.5,-105.0,-115.0,,,,,,,,,,,,,,,,,,-148.0,109.0,-116.0,-103.0,0.515
401810576,2026-02-03,2026,2026-02-04T01:00Z,,fourfactors_hl25_b2b_carry25_phase_luck_talent_ft_avail_v6,reconstructed,DAL,BOS,49,49,0,0,-24.274,0.26455,BOS,0.73545,,,,,235.0,-290.0,215.0,-265.0,0.30423,dk,100.0,110.0,0.0,7.5,-118.0,-102.0,,,,,,,,,,,,,,,,,,159.0,-208.0,208.0,-263.0,0.29851
401810577,2026-02-03,2026,2026-02-04T01:00Z,,fourfactors_hl25_b2b_carry25_phase_luck_talent_ft_avail_v6,reconstructed,MIL,CHI,47,50,0,0,-5.615,0.47469,CHI,0.52531,,,,,120.0,-142.0,-102.0,-118.0,0.48264,dk,131.0,115.0,1.0,1.5,-112.0,-108.0,,,,,,,,,,,,,,,,,,134.0,-168.0,101.0,-121.0,0.475
401810578,2026-02-03,2026,2026-02-04T01:00Z,,fourfactors_hl25_b2b_carry25_phase_luck_talent_ft_avail_v6,reconstructed,OKC,ORL,50,48,0,0,36.306,0.8688,OKC,0.8688,,,,,-270.0,220.0,-520.0,390.0,0.80429,dk,128.0,92.0,1.0,-11.5,-115.0,-105.0,,,,,,,,,,,,,,,,,,-489.0,351.0,-489.0,398.0,0.815
401810579,2026-02-03,2026,2026-02-04T03:00Z,,fourfactors_hl25_b2b_carry25_phase_luck_talent_ft_avail_v6,reconstructed,GSW,PHI,50,49,0,1,2.834,0.69996,GSW,0.69996,,,,,-120.0,100.0,-175.0,145.0,0.60924,dk,94.0,113.0,0.0,-4.5,-112.0,-108.0,,,,,,,,,,,,,,,,,,-154.0,124.0,-183.0,152.0,0.625
401810580,2026-02-03,2026,2026-02-04T04:00Z,,fourfactors_hl25_b2b_carry25_phase_luck_talent_ft_avail_v6,reconstructed,POR,PHO,50,50,0,0,-15.128,0.42015,PHO,0.57985,,,,,114.0,-135.0,124.0,-148.0,0.42794,dk,125.0,130.0,0.0,2.5,-105.0,-115.0,,,,,,,,,,,,,,,,,,152.0,-199.0,124.0,-154.0,0.41791
401810581,2026-02-04,2026,2026-02-05T00:00Z,,fourfactors_hl25_b2b_carry25_phase_luck_talent_ft_avail_v6,reconstructed,NYK,DEN,50,51,1,1,12.507,0.53668,NYK,0.53668,,,,,-185.0,154.0,-192.0,160.0,0.63094,dk,134.0,127.0,1.0,-4.5,-118.0,-102.0,,,,,,,,,,,,,,,,,,-199.0,146.0,-191.0,152.0,0.62871
401810582,2026-02-04,2026,2026-02-05T00:30Z,,fourfactors_hl25_b2b_carry25_phase_luck_talent_ft_avail_v6,reconstructed,TOR,MIN,51,51,0,0,-16.62,0.33734,MIN,0.66266,,,,,-115.0,-105.0,120.0,-142.0,0.43651,dk,126.0,128.0,0.0,2.5,-112.0,-108.0,,,,,,,,,,,,,,,,,,-103.0,-116.0,114.0,-142.0,0.44059
401810583,2026-02-04,2026,2026-02-05T01:00Z,,fourfactors_hl25_b2b_carry25_phase_luck_talent_ft_avail_v6,reconstructed,HOU,BOS,48,50,0,1,-9.252,0.66286,HOU,0.66286,,,,,-225.0,185.0,-305.0,245.0,0.72208,dk,93.0,114.0,0.0,-8.5,-102.0,-118.0,,,,,,,,,,,,,,,,,,-183.0,119.0,-290.0,229.0,0.71782
401810584,2026-02-04,2026,2026-02-05T01:00Z,,fourfactors_hl25_b2b_carry25_phase_luck_talent_ft_avail_v6,reconstructed,MIL,NOP,48,52,1,0,5.275,0.369,NOP,0.631,,,,,160.0,-192.0,150.0,-180.0,0.38356,dk,141.0,137.0,1.0,4.5,-105.0,-115.0,,,,,,,,,,,,,,,,,,109.0,-161.0,152.0,-183.0,0.375
401810585,2026-02-04,2026,2026-02-05T02:30Z,,fourfactors_hl25_b2b_carry25_phase_luck_talent_ft_avail_v6,reconstructed,SAS,OKC,49,51,0,1,-17.078,0.58324,SAS,0.58324,,,,,110.0,-130.0,-410.0,320.0,0.77151,dk,116.0,106.0,1.0,-9.5,-115.0,-105.0,,,,,,,,,,,,,,,,,,124.0,-191.0,-404.0,313.0,0.78109
401810586,2026-02-04,2026,2026-02-05T03:00Z,,fourfactors_hl25_b2b_carry25_phase_luck_talent_ft_avail_v6,reconstructed,SAC,MEM,51,48,0,0,-16.53,0.40943,MEM,0.59057,,,,,-135.0,114.0,-148.0,124.0,0.57206,dk,125.0,129.0,0.0,-2.5,-115.0,-105.0,,,,,,,,,,,,,,,,,,119.0,-161.0,-148.0,124.0,0.575
401810587,2026-02-04,2026,2026-02-05T03:30Z,,fourfactors_hl25_b2b_carry25_phase_luck_talent_ft_avail_v6,reconstructed,LAC,CLE,49,51,0,0,-9.112,0.46817,CLE,0.53183,,,,,102.0,-122.0,124.0,-148.0,0.42794,dk,91.0,124.0,0.0,2.5,-105.0,-115.0,,,,,,,,,,,,,,,,,,-142.0,105.0,124.0,-148.0,0.425
401810588,2026-02-05,2026,2026-02-06T00:00Z,,fourfactors_hl25_b2b_carry25_phase_luck_talent_ft_avail_v6,reconstructed,DET,WAS,49,49,0,0,42.911,0.89191,DET,0.89191,,,,,-850.0,575.0,-1200.0,750.0,0.88696,dk,117.0,126.0,0.0,-16.5,-115.0,-105.0,,,,,,,,,,,,,,,,,,-564.0,398.0,-967.0,756.0,0.895
401810589,2026-02-05,2026,2026-02-06T00:00Z,,fourfactors_hl25_b2b_carry25_phase_luck_talent_ft_avail_v6,reconstructed,ORL,BRK,49,49,0,0,15.499,0.72194,ORL,0.72194,,,,,-575.0,425.0,-395.0,310.0,0.7659,dk,118.0,98.0,1.0,-9.5,-105.0,-115.0,,,,,,,,,,,,,,,,,,-251.0,181.0,-381.0,313.0,0.775
401810590,2026-02-05,2026,2026-02-06T00:30Z,,fourfactors_hl25_b2b_carry25_phase_luck_talent_ft_avail_v6,reconstructed,ATL,UTA,52,51,0,0,26.198,0.77689,ATL,0.77689,,,,,-360.0,285.0,-310.0,250.0,0.72575,dk,121.0,119.0,1.0,-8.5,-112.0,-108.0,,,,,,,,,,,,,,,,,,-322.0,208.0,-306.0,252.0,0.735
401810591,2026-02-05,2026,2026-02-06T00:30Z,,fourfactors_hl25_b2b_carry25_phase_luck_talent_ft_avail_v6,reconstructed,TOR,CHI,52,51,1,0,7.54,0.62603,TOR,0.62603,,,,,-395.0,310.0,-310.0,250.0,0.72575,dk,123.0,107.0,1.0,-7.5,-105.0,-115.0,,,,,,,,,,,,,,,,,,-191.0,146.0,-306.0,252.0,0.735
401810592,2026-02-05,2026,2026-02-06T01:00Z,,fourfactors_hl25_b2b_carry25_phase_luck_talent_ft_avail_v6,reconstructed,HOU,CHO,49,51,1,0,5.52,0.59744,HOU,0.59744,,,,,-166.0,140.0,-185.0,154.0,0.62247,dk,99.0,109.0,0.0,-4.5,-110.0,-110.0,,,,,,,,,,,,,,,,,,-208.0,134.0,-183.0,146.0,0.61881
401810593,2026-02-05,2026,2026-02-06T01:30Z,,fourfactors_hl25_b2b_carry25_phase_luck_talent_ft_avail_v6,reconstructed,DAL,SAS,50,50,0,1,-17.024,0.36036,SAS,0.63964,,,,,190.0,-230.0,250.0,-310.0,0.27425,dk,123.0,135.0,0.0,7.5,-102.0,-118.0,,,,,,,,,,,,,,,,,,173.0,-263.0,252.0,-306.0,0.265
401810594,2026-02-05,2026,2026-02-06T03:00Z,,fourfactors_hl25_b2b_carry25_phase_luck_talent_ft_avail_v6,reconstructed,PHO,GSW,51,51,0,0,1.536,0.59652,PHO,0.59652,,,,,-238.0,195.0,-218.0,180.0,0.65748,dk,97.0,101.0,0.0,-5.5,-112.0,-108.0,,,,,,,,,,,,,,,,,,-168.0,146.0,-208.0,173.0,0.655
401810595,2026-02-05,2026,2026-02-06T03:00Z,,fourfactors_hl25_b2b_carry25_phase_luck_talent_ft_avail_v6,reconstructed,LAL,PHI,49,50,0,0,-1.493,0.67547,LAL,0.67547,,,,,-155.0,130.0,-135.0,114.0,0.55144,dk,119.0,115.0,1.0,-2.5,-108.0,-112.0,,,,,,,,,,,,,,,,,,-191.0,134.0,-142.0,119.0,0.56281
401810596,2026-02-06,2026,2026-02-07T00:30Z,,fourfactors_hl25_b2b_carry25_phase_luck_talent_ft_avail_v6,reconstructed,BOS,MIA,51,52,0,0,19.082,0.70403,BOS,0.70403,,,,,-278.0,225.0,-225.0,185.0,0.66365,dk,98.0,96.0,1.0,-5.5,-112.0,-108.0,,,,,,,,,,,,,,,,,,-251.0,159.0,-228.0,189.0,0.675
401810597,2026-02-06,2026,2026-02-07T00:30Z,,fourfactors_hl25_b2b_carry25_phase_luck_talent_ft_avail_v6,reconstructed,DET,NYK,50,51,1,0,-1.077,0.46422,NYK,0.53578,,,,,-122.0,102.0,-218.0,180.0,0.65748,dk,118.0,80.0,1.0,-5.5,-112.0,-108.0,,,,,,,,,,,,,,,,,,-137.0,101.0,-218.0,181.0,0.665
401810598,2026-02-06,2026,2026-02-07T01:00Z,,fourfactors_hl25_b2b_carry25_phase_luck_talent_ft_avail_v6,reconstructed,MIL,IND,49,51,0,0,12.328,0.63537,MIL,0.63537,,,,,-118.0,-102.0,102.0,-122.0,0.47391,dk,105.0,99.0,1.0,1.5,-108.0,-112.0,,,,,,,,,,,,,,,,,,-103.0,-154.0,105.0,-126.0,0.465
401810599,2026-02-06,2026,2026-02-07T01:00Z,,fourfactors_hl25_b2b_carry25_phase_luck_talent_ft_avail_v6,reconstructed,MIN,NOP,52,53,0,0,32.013,0.80187,MIN,0.80187,,,,,-455.0,350.0,-345.0,275.0,0.74407,dk,115.0,119.0,0.0,-8.5,-110.0,-110.0,,,,,,,,,,,,,,,,,,-404.0,252.0,-340.0,266.0,0.74752
401810600,2026-02-06,2026,2026-02-07T03:00Z,,fourfactors_hl25_b2b_carry25_phase_luck_talent_ft_avail_v6,reconstructed,POR,MEM,51,49,0,0,-4.678,0.65429,POR,0.65429,,,,,-265.0,215.0,-290.0,235.0,0.71355,dk,135.0,115.0,1.0,-8.5,-115.0,-105.0,,,,,,,,,,,,,,,,,,-239.0,124.0,-290.0,240.0,0.725
401810601,2026-02-06,2026,2026-02-07T03:00Z,,fourfactors_hl25_b2b_carry25_phase_luck_talent_ft_avail_v6,reconstructed,SAC,LAC,52,50,0,0,-23.388,0.44293,LAC,0.55707,,,,,130.0,-155.0,140.0,-166.0,0.40036,dk,111.0,114.0,0.0,3.5,-112.0,-108.0,,,,,,,,,,,,,,,,,,173.0,-340.0,134.0,-161.0,0.405
401810602,2026-02-07,2026,2026-02-07T20:00Z,,fourfactors_hl25_b2b_carry25_phase_luck_talent_ft_avail_v6,reconstructed,BRK,WAS,50,50,0,0,-8.152,0.60448,BRK,0.60448,,,,,-175.0,145.0,-298.0,240.0,0.71797,dk,127.0,113.0,1.0,-8.5,100.0,-120.0,,,,,,,,,,,,,,,,,,-191.0,140.0,-290.0,240.0,0.725
401810603,2026-02-07,2026,2026-02-07T20:30Z,,fourfactors_hl25_b2b_carry25_phase_luck_talent_ft_avail_v6,reconstructed,OKC,HOU,52,50,0,0,17.214,0.56378,OKC,0.56378,,,,,-175.0,145.0,-162.0,136.0,0.59337,dk,106.0,112.0,0.0,-3.5,-112.0,-108.0,,,,,,,,,,,,,,,,,,-103.0,-142.0,-161.0,129.0,0.58911
401810604,2026-02-07,2026,2026-02-07T23:00Z,,fourfactors_hl25_b2b_carry25_phase_luck_talent_ft_avail_v6,reconstructed,SAS,DAL,51,51,0,0,18.143,0.76771,SAS,0.76771,,,,,-485.0,370.0,-455.0,350.0,0.78674,dk,138.0,125.0,1.0,-11.5,-108.0,-112.0,,,,,,,,,,,,,,,,,,-458.0,331.0,-430.0,351.0,0.795
401810605,2026-02-07,2026,2026-02-08T00:00Z,,fourfactors_hl25_b2b_carry25_phase_luck_talent_ft_avail_v6,reconstructed,ORL,UTA,50,52,0,0,15.999,0.75529,ORL,0.75529,,,,,-345.0,275.0,-278.0,225.0,0.70503,dk,120.0,117.0,1.0,-7.5,-105.0,-115.0,,,,,,,,,,,,,,,,,,-404.0,296.0,-276.0,229.0,0.715
401810606,2026-02-07,2026,2026-02-08T00:30Z,,fourfactors_hl25_b2b_carry25_phase_luck_talent_ft_avail_v6,reconstructed,ATL,CHO,53,52,0,0,-5.49,0.51228,ATL,0.51228,,,,,114.0,-135.0,105.0,-125.0,0.46753,dk,119.0,126.0,0.0,1.5,-108.0,-112.0,,,,,,,,,,,,,,,,,,-131.0,-103.0,105.0,-126.0,0.465
401810607,2026-02-07,2026,2026-02-08T01:00Z,,fourfactors_hl25_b2b_carry25_phase_luck_talent_ft_avail_v6,reconstructed,CHI,DEN,52,52,0,0,-10.993,0.34992,DEN,0.65008,,,,,154.0,-185.0,275.0,-345.0,0.25593,dk,120.0,136.0,0.0,9.5,-115.0,-105.0,,,,,,,,,,,,,,,,,,218.0,-263.0,280.0,-360.0,0.24257
401810608,2026-02-07,2026,2026-02-08T01:30Z,,fourfactors_hl25_b2b_carry25_phase_luck_talent_ft_avail_v6,reconstructed,LAL,GSW,50,52,0,0,-0.525,0.7036,LAL,0.7036,,,,,-135.0,114.0,-130.0,110.0,0.54274,dk,105.0,99.0,1.0,-1.5,-118.0,-102.0,,,,,,,,,,,,,,,,,,-251.0,189.0,-131.0,109.0,0.545
401810609,2026-02-07,2026,2026-02-08T02:00Z,,fourfactors_hl25_b2b_carry25_phase_luck_talent_ft_avail_v6,reconstructed,PHO,PHI,52,51,0,0,1.035,0.5259,PHO,0.5259,,,,,-110.0,-110.0,-135.0,114.0,0.55144,dk,103.0,109.0,0.0,-2.5,-102.0,-118.0,,,,,,,,,,,,,,,,,,-191.0,129.0,-137.0,109.0,0.5495
401810610,2026-02-07,2026,2026-02-08T03:00Z,,fourfactors_hl25_b2b_carry25_phase_luck_talent_ft_avail_v6,reconstructed,POR,MEM,52,50,1,1,-1.838,0.6733,POR,0.6733,,,,,-360.0,285.0,-340.0,270.0,0.74087,dk,122.0,115.0,1.0,-9.5,-105.0,-115.0,,,,,,,,,,,,,,,,,,-208.0,166.0,-306.0,252.0,0.735
401810611,2026-02-07,2026,2026-02-08T03:00Z,,fourfactors_hl25_b2b_carry25_phase_luck_talent_ft_avail_v6,reconstructed,SAC,CLE,53,52,1,0,-40.253,0.16101,CLE,0.83899,,,,,370.0,-485.0,455.0,-625.0,0.17288,dk,126.0,132.0,0.0,12.5,-105.0,-115.0,,,,,,,,,,,,,,,,,,252.0,-360.0,425.0,-564.0,0.16915
401810612,2026-02-08,2026,2026-02-08T17:30Z,,fourfactors_hl25_b2b_carry25_phase_luck_talent_ft_avail_v6,reconstructed,BOS,NYK,52,52,0,0,6.311,0.71697,BOS,0.71697,,,,,-162.0,136.0,-155.0,130.0,0.58299,dk,89.0,111.0,0.0,-3.5,-102.0,-118.0,,,,,,,,,,,,,,,,,,-121.0,-103.0,-161.0,134.0,0.595
401810613,2026-02-08,2026,2026-02-08T19:00Z,,fourfactors_hl25_b2b_carry25_phase_luck_talent_ft_avail_v6,reconstructed,WAS,MIA,51,53,1,0,-25.507,0.22348,MIA,0.77652,,,,,350.0,-455.0,455.0,-625.0,0.17288,dk,101.0,132.0,0.0,13.5,-118.0,-102.0,,,,,,,,,,,,,,,,,,266.0,-340.0,529.0,-660.0,0.145
401810614,2026-02-08,2026,2026-02-08T20:00Z,,fourfactors_hl25_b2b_carry25_phase_luck_talent_ft_avail_v6,reconstructed,TOR,IND,53,52,0,0,22.69,0.71033,TOR,0.71033,,,,,-340.0,270.0,-345.0,275.0,0.74407,dk,122.0,104.0,1.0,-7.5,-110.0,-110.0,,,,,,,,,,,,,,,,,,-340.0,208.0,-340.0,280.0,0.755
401810615,2026-02-08,2026,2026-02-08T20:00Z,,fourfactors_hl25_b2b_carry25_phase_luck_talent_ft_avail_v6,reconstructed,MIN,LAC,53,51,0,0,18.709,0.77287,MIN,0.77287,,,,,235.0,-290.0,-360.0,285.0,0.75081,dk,96.0,115.0,0.0,-8.5,-118.0,-102.0,,,,,,,,,,,,,,,,,,-306.0,198.0,-322.0,266.0,0.745
401810616,2026-02-09,2026,2026-02-10T00:00Z,,fourfactors_hl25_b2b_carry25_phase_luck_talent_ft_avail_v6,reconstructed,CHO,DET,53,51,0,0,-16.014,0.40653,DET,0.59347,,,,,114.0,-135.0,114.0,-135.0,0.44856,dk,104.0,110.0,0.0,2.5,-115.0,-105.0,,,,,,,,,,,,,,,,,,119.0,-137.0,119.0,-148.0,0.43069
401810617,2026-02-09,2026,2026-02-10T00:30Z,,fourfactors_hl25_b2b_carry25_phase_luck_talent_ft_avail_v6,reconstructed,BRK,CHI,51,53,0,0,-16.317,0.47672,CHI,0.52328,,,,,114.0,-135.0,130.0,-155.0,0.41701,dk,123.0,115.0,1.0,3.5,-112.0,-108.0,,,,,,,,,,,,,,,,,,-107.0,-116.0,129.0,-154.0,0.415
401810618,2026-02-09,2026,2026-02-10T00:30Z,,fourfactors_hl25_b2b_carry25_phase_luck_talent_ft_avail_v6,reconstructed,MIA,UTA,54,53,1,0,32.276,0.72241,MIA,0.72241,,,,,-355.0,280.0,-250.0,205.0,0.68539,dk,111.0,115.0,0.0,-5.5,-115.0,-105.0,,,,,,,,,,,,,,,,,,-263.0,198.0,-263.0,208.0,0.69802
401810619,2026-02-09,2026,2026-02-10T00:30Z,,fourfactors_hl25_b2b_carry25_phase_luck_talent_ft_avail_v6,reconstructed,ORL,MIL,51,50,0,0,-3.467,0.66988,ORL,0.66988,,,,,-345.0,275.0,-395.0,310.0,0.7659,dk,118.0,99.0,1.0,-9.5,-112.0,-108.0,,,,,,,,,,,,,,,,,,-381.0,266.0,-381.0,313.0,0.775
401810620,2026-02-09,2026,2026-02-10T01:00Z,,fourfactors_hl25_b2b_carry25_phase_luck_talent_ft_avail_v6,reconstructed,MIN,ATL,54,54,1,0,15.302,0.7395,MIN,0.7395,,,,,-250.0,205.0,-325.0,260.0,0.73354,dk,138.0,116.0,1.0,-8.5,-118.0,-102.0,,,,,,,,,,,,,,,,,,-199.0,159.0,-322.0,266.0,0.745
401810621,2026-02-09,2026,2026-02-10T01:00Z,,fourfactors_hl25_b2b_carry25_phase_luck_talent_ft_avail_v6,reconstructed,NOP,SAC,54,54,0,0,11.045,0.74238,NOP,0.74238,,,,,-218.0,180.0,-395.0,310.0,0.7659,dk,120.0,94.0,1.0,-9.5,-108.0,-112.0,,,,,,,,,,,,,,,,,,-199.0,159.0,-381.0,313.0,0.775
401810622,2026-02-09,2026,2026-02-10T02:00Z,,fourfactors_hl25_b2b_carry25_phase_luck_talent_ft_avail_v6,reconstructed,DEN,CLE,53,53,0,0,-8.314,0.57724,DEN,0.57724,,,,,102.0,-122.0,-135.0,114.0,0.55144,dk,117.0,119.0,0.0,-2.5,-110.0,-110.0,,,,,,,,,,,,,,,,,,-126.0,101.0,-142.0,114.0,0.55941
401810623,2026-02-09,2026,2026-02-10T03:00Z,,fourfactors_hl25_b2b_carry25_phase_luck_talent_ft_avail_v6,reconstructed,GSW,MEM,53,51,0,0,11.722,0.62158,GSW,0.62158,,,,,-238.0,195.0,-395.0,310.0,0.7659,dk,114.0,113.0,1.0,-9.5,-105.0,-115.0,,,,,,,,,,,,,,,,,,-175.0,140.0,-340.0,296.0,0.76263
401810624,2026-02-09,2026,2026-02-10T03:00Z,,fourfactors_hl25_b2b_carry25_phase_luck_talent_ft_avail_v6,reconstructed,LAL,OKC,51,53,0,0,-21.408,0.41295,OKC,0.58705,,,,,170.0,-205.0,195.0,-238.0,0.32497,dk,110.0,119.0,0.0,7.5,-118.0,-102.0,,,,,,,,,,,,,,,,,,124.0,-154.0,198.0,-239.0,0.315
401810625,2026-02-09,2026,2026-02-10T03:00Z,,fourfactors_hl25_b2b_carry25_phase_luck_talent_ft_avail_v6,reconstructed,POR,PHI,53,52,0,0,-13.084,0.50252,POR,0.50252,,,,,110.0,-130.0,-162.0,136.0,0.59337,dk,135.0,118.0,1.0,-3.5,-105.0,-115.0,,,,,,,,,,,,,,,,,,114.0,-148.0,-161.0,129.0,0.58911
401810626,2026-02-10,2026,2026-02-11T00:30Z,,fourfactors_hl25_b2b_carry25_phase_luck_talent_ft_avail_v6,reconstructed,NYK,IND,53,53,0,0,37.317,0.84202,NYK,0.84202,,,,,-550.0,410.0,-550.0,410.0,0.81187,dk,134.0,137.0,0.0,-11.5,-105.0,-115.0,,,,,,,,,,,,,,,,,,-489.0,373.0,-525.0,398.0,0.81683
401810627,2026-02-10,2026,2026-02-11T01:00Z,,fourfactors_hl25_b2b_carry25_phase_luck_talent_ft_avail_v6,reconstructed,HOU,LAC,51,52,0,0,8.196,0.70782,HOU,0.70782,,,,,-298.0,240.0,-310.0,250.0,0.72575,dk,102.0,95.0,1.0,-9.5,-102.0,-118.0,,,,,,,,,,,,,,,,,,-306.0,166.0,-306.0,252.0,0.735
401810628,2026-02-10,2026,2026-02-11T02:00Z,,fourfactors_hl25_b2b_carry25_phase_luck_talent_ft_avail_v6,reconstructed,PHO,DAL,53,52,0,0,9.038,0.67434,PHO,0.67434,,,,,-285.0,230.0,-340.0,270.0,0.74087,dk,120.0,111.0,1.0,-8.5,-105.0,-115.0,,,,,,,,,,,,,,,,,,-251.0,189.0,-306.0,252.0,0.735
401810629,2026-02-10,2026,2026-02-11T03:30Z,,fourfactors_hl25_b2b_carry25_phase_luck_talent_ft_avail_v6,reconstructed,LAL,SAS,52,52,1,0,-10.511,0.27154,SAS,0.72846,,,,,235.0,-290.0,500.0,-700.0,0.16,dk,108.0,136.0,0.0,13.5,-105.0,-115.0,,,,,,,,,,,,,,,,,,129.0,-161.0,490.0,-609.0,0.155
401810630,2026-02-11,2026,2026-02-12T00:00Z,,fourfactors_hl25_b2b_carry25_phase_luck_talent_ft_avail_v6,reconstructed,CHO,ATL,54,55,0,0,7.261,0.61276,CHO,0.61276,,,,,-218.0,180.0,-130.0,110.0,0.54274,dk,110.0,107.0,1.0,-2.5,-105.0,-115.0,,,,,,,,,,,,,,,,,,-126.0,119.0,-131.0,109.0,0.545
401810631,2026-02-11,2026,2026-02-12T00:00Z,,fourfactors_hl25_b2b_carry25_phase_luck_talent_ft_avail_v6,reconstructed,CLE,WAS,54,52,0,0,39.209,0.91138,CLE,0.91138,,,,,-1450.0,850.0,-1200.0,750.0,0.88696,dk,138.0,113.0,1.0,-17.5,-112.0,-108.0,,,,,,,,,,,,,,,,,,-564.0,208.0,-967.0,756.0,0.895
401810632,2026-02-11,2026,2026-02-12T00:00Z,,fourfactors_hl25_b2b_carry25_phase_luck_talent_ft_avail_v6,reconstructed,ORL,MIL,52,51,0,0,0.006,0.72277,ORL,0.72277,,,,,-470.0,360.0,-485.0,370.0,0.79578,dk,108.0,116.0,0.0,-11.5,-102.0,-118.0,,,,,,,,,,,,,,,,,,-360.0,313.0,-458.0,373.0,0.805
401810633,2026-02-11,2026,2026-02-12T00:30Z,,fourfactors_hl25_b2b_carry25_phase_luck_talent_ft_avail_v6,reconstructed,BOS,CHI,53,54,0,0,27.716,0.84519,BOS,0.84519,,,,,-600.0,440.0,-700.0,500.0,0.84,dk,124.0,105.0,1.0,-13.5,-115.0,-105.0,,,,,,,,,,,,,,,,,,-458.0,313.0,-660.0,529.0,0.855
401810634,2026-02-11,2026,2026-02-12T00:30Z,,fourfactors_hl25_b2b_carry25_phase_luck_talent_ft_avail_v6,reconstructed,BRK,IND,52,54,0,1,-4.569,0.58104,BRK,0.58104,,,,,-155.0,130.0,-225.0,185.0,0.66365,dk,110.0,115.0,0.0,-6.5,-112.0,-108.0,,,,,,,,,,,,,,,,,,-121.0,101.0,-228.0,189.0,0.675
401810635,2026-02-11,2026,2026-02-12T00:30Z,,fourfactors_hl25_b2b_carry25_phase_luck_talent_ft_avail_v6,reconstructed,PHI,NYK,53,54,0,1,-12.063,0.44455,NYK,0.55545,,,,,110.0,-130.0,114.0,-135.0,0.44856,dk,89.0,138.0,0.0,2.5,-115.0,-105.0,,,,,,,,,,,,,,,,,,-360.0,-116.0,114.0,-142.0,0.44059
401810636,2026-02-11,2026,2026-02-12T00:30Z,,fourfactors_hl25_b2b_carry25_phase_luck_talent_ft_avail_v6,reconstructed,TOR,DET,54,52,0,0,-15.672,0.48499,DET,0.51501,,,,,102.0,-122.0,-115.0,-105.0,0.51083,dk,95.0,113.0,0.0,-1.5,-102.0,-118.0,,,,,,,,,,,,,,,,,,114.0,-719.0,-112.0,-107.0,0.505
401810637,2026-02-11,2026,2026-02-12T01:00Z,,fourfactors_hl25_b2b_carry25_phase_luck_talent_ft_avail_v6,reconstructed,HOU,LAC,52,53,1,1,8.133,0.74326,HOU,0.74326,,,,,-360.0,285.0,-325.0,260.0,0.73354,dk,102.0,105.0,0.0,-8.5,-118.0,-102.0,,,,,,,,,,,,,,,,,,-228.0,181.0,-322.0,266.0,0.745
401810638,2026-02-11,2026,2026-02-12T01:00Z,,fourfactors_hl25_b2b_carry25_phase_luck_talent_ft_avail_v6,reconstructed,MIN,POR,55,54,0,0,23.438,0.76513,MIN,0.76513,,,,,-278.0,225.0,-290.0,235.0,0.71355,dk,133.0,109.0,1.0,-7.5,-108.0,-112.0,,,,,,,,,,,,,,,,,,-306.0,229.0,-290.0,252.0,0.73232
401810639,2026-02-11,2026,2026-02-12T01:00Z,,fourfactors_hl25_b2b_carry25_phase_luck_talent_ft_avail_v6,reconstructed,NOP,MIA,55,55,0,0,-14.984,0.43151,MIA,0.56849,,,,,-118.0,-102.0,-125.0,105.0,0.53247,dk,111.0,123.0,0.0,-1.5,-110.0,-110.0,,,,,,,,,,,,,,,,,,-360.0,-175.0,-126.0,105.0,0.535
401810640,2026-02-11,2026,2026-02-12T02:00Z,,fourfactors_hl25_b2b_carry25_phase_luck_talent_ft_avail_v6,reconstructed,PHO,OKC,54,54,1,0,-20.932,0.20579,OKC,0.79421,,,,,190.0,-230.0,225.0,-278.0,0.29497,dk,109.0,136.0,0.0,7.5,-102.0,-118.0,,,,,,,,,,,,,,,,,,173.0,-199.0,218.0,-276.0,0.29208
401810641,2026-02-11,2026,2026-02-12T02:00Z,,fourfactors_hl25_b2b_carry25_phase_luck_talent_ft_avail_v6,reconstructed,UTA,SAC,54,55,0,0,-0.148,0.67852,UTA,0.67852,,,,,-238.0,195.0,-205.0,170.0,0.64473,dk,121.0,93.0,1.0,-5.5,-112.0,-108.0,,,,,,,,,,,,,,,,,,-142.0,105.0,-208.0,173.0,0.655
401810642,2026-02-11,2026,2026-02-12T02:00Z,,fourfactors_hl25_b2b_carry25_phase_luck_talent_ft_avail_v6,reconstructed,DEN,MEM,54,52,0,0,13.161,0.81955,DEN,0.81955,,,,,-650.0,470.0,-675.0,490.0,0.8371,dk,122.0,116.0,1.0,-14.5,-105.0,-115.0,,,,,,,,,,,,,,,,,,-360.0,296.0,-660.0,529.0,0.855
401810643,2026-02-11,2026,2026-02-12T03:00Z,,fourfactors_hl25_b2b_carry25_phase_luck_talent_ft_avail_v6,reconstructed,GSW,SAS,54,53,0,1,-12.553,0.40046,SAS,0.59954,,,,,170.0,-205.0,195.0,-238.0,0.32497,dk,113.0,126.0,0.0,7.5,-115.0,-105.0,,,,,,,,,,,,,,,,,,114.0,-168.0,189.0,-239.0,0.32178
401810644,2026-02-12,2026,2026-02-13T00:30Z,,fourfactors_hl25_b2b_carry25_phase_luck_talent_ft_avail_v6,reconstructed,OKC,MIL,55,52,1,1,35.654,0.86388,OKC,0.86388,,,,,-750.0,525.0,-625.0,455.0,0.82712,dk,93.0,110.0,0.0,-13.5,-108.0,-112.0,,,,,,,,,,,,,,,,,,-609.0,425.0,-564.0,456.0,0.835
401810645,2026-02-12,2026,2026-02-13T02:00Z,,fourfactors_hl25_b2b_carry25_phase_luck_talent_ft_avail_v6,reconstructed,UTA,POR,55,55,1,1,-13.958,0.42476,POR,0.57524,,,,,230.0,-285.0,190.0,-230.0,0.33099,dk,119.0,135.0,0.0,6.5,-118.0,-102.0,,,,,,,,,,,,,,,,,,-719.0,-154.0,189.0,-239.0,0.32178
401810646,2026-02-12,2026,2026-02-13T03:00Z,,fourfactors_hl25_b2b_carry25_phase_luck_talent_ft_avail_v6,reconstructed,LAL,DAL,53,53,0,0,6.773,0.48386,DAL,0.51614,,,,,190.0,-230.0,-258.0,210.0,0.69079,dk,124.0,104.0,1.0,-6.5,-105.0,-115.0,,,,,,,,,,,,,,,,,,-322.0,229.0,-251.0,208.0,0.695
401810647,2026-02-19,2026,2026-02-20T00:00Z,,fourfactors_hl25_b2b_carry25_phase_luck_talent_ft_avail_v6,reconstructed,CHO,HOU,55,53,0,0,-4.86,0.34474,HOU,0.65526,,,,,114.0,-135.0,160.0,-192.0,0.36906,dk,101.0,105.0,0.0,4.5,-105.0,-115.0,,,,,,,,,,,,,,,,,,-564.0,-564.0,152.0,-191.0,0.36816
401810648,2026-02-19,2026,2026-02-20T00:00Z,,fourfactors_hl25_b2b_carry25_phase_luck_talent_ft_avail_v6,reconstructed,CLE,BRK,55,53,0,0,40.161,0.90719,CLE,0.90719,,,,,-800.0,550.0,-1050.0,675.0,0.87618,dk,112.0,84.0,1.0,-15.5,-115.0,-105.0,,,,,,,,,,,,,,,,,,-525.0,-154.0,-967.0,685.0,0.88614
401810649,2026-02-19,2026,2026-02-20T00:00Z,,fourfactors_hl25_b2b_carry25_phase_luck_talent_ft_avail_v6,reconstructed,PHI,ATL,54,56,0,0,2.368,0.4791,ATL,0.5209,,,,,-192.0,160.0,-115.0,-105.0,0.51083,dk,107.0,117.0,0.0,-1.5,-102.0,-118.0,,,,,,,,,,,,,,,,,,-564.0,-564.0,-116.0,-107.0,0.5099
401810650,2026-02-19,2026,2026-02-20T00:00Z,,fourfactors_hl25_b2b_carry25_phase_luck_talent_ft_avail_v6,reconstructed,WAS,IND,53,55,0,0,-8.507,0.49114,IND,0.50886,,,,,102.0,-122.0,110.0,-130.0,0.45726,dk,112.0,105.0,1.0,2.5,-118.0,-102.0,,,,,,,,,,,,,,,,,,-564.0,-564.0,109.0,-131.0,0.455
401810651,2026-02-19,2026,2026-02-20T00:30Z,,fourfactors_hl25_b2b_carry25_phase_luck_talent_ft_avail_v6,reconstructed,NYK,DET,55,53,0,0,-3.028,0.63512,NYK,0.63512,,,,,-142.0,120.0,-162.0,136.0,0.59337,dk,111.0,126.0,0.0,-3.5,-115.0,-105.0,,,,,,,,,,,,,,,,,,-564.0,-564.0,-161.0,134.0,0.595
401810652,2026-02-19,2026,2026-02-20T01:00Z,,fourfactors_hl25_b2b_carry25_phase_luck_talent_ft_avail_v6,reconstructed,CHI,TOR,55,55,0,0,-15.822,0.39197,TOR,0.60803,,,,,154.0,-185.0,185.0,-225.0,0.33635,dk,101.0,110.0,0.0,6.5,-118.0,-102.0,,,,,,,,,,,,,,,,,,105.0,-525.0,181.0,-218.0,0.335
401810653,2026-02-19,2026,2026-02-20T01:30Z,,fourfactors_hl25_b2b_carry25_phase_luck_talent_ft_avail_v6,reconstructed,SAS,PHO,54,55,0,0,14.053,0.77339,SAS,0.77339,,,,,-270.0,220.0,-285.0,230.0,0.70954,dk,121.0,94.0,1.0,-7.5,-120.0,100.0,,,,,,,,,,,,,,,,,,-564.0,-564.0,-290.0,240.0,0.725
401810654,2026-02-19,2026,2026-02-20T03:00Z,,fourfactors_hl25_b2b_carry25_phase_luck_talent_ft_avail_v6,reconstructed,GSW,BOS,55,54,0,0,-15.632,0.28491,BOS,0.71509,,,,,136.0,-162.0,180.0,-218.0,0.34252,dk,110.0,121.0,0.0,5.5,-108.0,-112.0,,,,,,,,,,,,,,,,,,-564.0,-719.0,173.0,-218.0,0.34158
401810655,2026-02-19,2026,2026-02-20T03:00Z,,fourfactors_hl25_b2b_carry25_phase_luck_talent_ft_avail_v6,reconstructed,SAC,ORL,56,53,0,0,-20.035,0.23715,ORL,0.76285,,,,,380.0,-500.0,275.0,-345.0,0.25593,dk,94.0,131.0,0.0,8.5,-118.0,-102.0,,,,,,,,,,,,,,,,,,218.0,-564.0,280.0,-340.0,0.245
401810656,2026-02-19,2026,2026-02-20T03:30Z,,fourfactors_hl25_b2b_carry25_phase_luck_talent_ft_avail_v6,reconstructed,LAC,DEN,54,55,0,0,-4.045,0.31698,DEN,0.68302,,,,,136.0,-162.0,154.0,-185.0,0.37753,dk,115.0,114.0,1.0,4.5,-108.0,-112.0,,,,,,,,,,,,,,,,,,-564.0,-719.0,152.0,-183.0,0.375
401810657,2026-02-20,2026,2026-02-21T00:00Z,,fourfactors_hl25_b2b_carry25_phase_luck_talent_ft_avail_v6,reconstructed,CHO,CLE,56,56,1,1,-16.082,0.22137,CLE,0.77863,,,,,145.0,-175.0,180.0,-218.0,0.34252,dk,113.0,118.0,0.0,5.5,-108.0,-112.0,,,,,,,,,,,,,,,,,,119.0,-142.0,181.0,-218.0,0.335
401810658,2026-02-20,2026,2026-02-21T00:00Z,,fourfactors_hl25_b2b_carry25_phase_luck_talent_ft_avail_v6,reconstructed,WAS,IND,54,56,1,1,-5.905,0.50244,WAS,0.50244,,,,,114.0,-135.0,-122.0,102.0,0.52609,dk,131.0,118.0,1.0,-1.5,-108.0,-112.0,,,,,,,,,,,,,,,,,,119.0,-148.0,-116.0,-103.0,0.515
401810659,2026-02-20,2026,2026-02-21T00:00Z,,fourfactors_hl25_b2b_carry25_phase_luck_talent_ft_avail_v6,reconstructed,MEM,UTA,53,56,0,0,15.983,0.6821,MEM,0.6821,,,,,-170.0,142.0,-135.0,114.0,0.55144,dk,123.0,114.0,1.0,-2.5,-105.0,-115.0,,,,,,,,,,,,,,,,,,-161.0,140.0,-142.0,119.0,0.565
401810660,2026-02-20,2026,2026-02-21T00:30Z,,fourfactors_hl25_b2b_carry25_phase_luck_talent_ft_avail_v6,reconstructed,ATL,MIA,57,56,1,0,-9.564,0.3732,MIA,0.6268,,,,,114.0,-135.0,124.0,-148.0,0.42794,dk,97.0,128.0,0.0,3.5,-115.0,-105.0,,,,,,,,,,,,,,,,,,101.0,-126.0,119.0,-148.0,0.43069
401810661,2026-02-20,2026,2026-02-21T00:30Z,,fourfactors_hl25_b2b_carry25_phase_luck_talent_ft_avail_v6,reconstructed,MIN,DAL,56,54,0,0,26.611,0.82661,MIN,0.82661,,,,,-600.0,440.0,-700.0,500.0,0.84,dk,122.0,111.0,1.0,-13.5,-115.0,-105.0,,,,,,,,,,,,,,,,,,-564.0,398.0,-719.0,574.0,0.86432
401810662,2026-02-20,2026,2026-02-21T01:00Z,,fourfactors_hl25_b2b_carry25_phase_luck_talent_ft_avail_v6,reconstructed,NOP,MIL,56,53,0,0,-3.542,0.63744,NOP,0.63744,,,,,-155.0,130.0,-180.0,150.0,0.61644,dk,118.0,139.0,0.0,-4.5,-112.0,-108.0,,,,,,,,,,,,,,,,,,-183.0,146.0,-175.0,146.0,0.615
401810663,2026-02-20,2026,2026-02-21T01:00Z,,fourfactors_hl25_b2b_carry25_phase_luck_talent_ft_avail_v6,reconstructed,OKC,BRK,56,54,0,1,50.332,0.91195,OKC,0.91195,,,,,-1350.0,800.0,-1200.0,750.0,0.88696,dk,105.0,86.0,1.0,-16.5,-115.0,-105.0,,,,,,,,,,,,,,,,,,-788.0,625.0,-967.0,756.0,0.895
401810665,2026-02-20,2026,2026-02-21T03:00Z,,fourfactors_hl25_b2b_carry25_phase_luck_talent_ft_avail_v6,reconstructed,POR,DEN,56,56,0,1,-12.295,0.41505,DEN,0.58495,,,,,145.0,-175.0,102.0,-122.0,0.47391,dk,103.0,157.0,0.0,1.5,-112.0,-108.0,,,,,,,,,,,,,,,,,,-107.0,-116.0,101.0,-121.0,0.475
401810664,2026-02-20,2026,2026-02-21T03:15Z,,fourfactors_hl25_b2b_carry25_phase_luck_talent_ft_avail_v6,reconstructed,LAL,LAC,54,55,0,1,1.165,0.69206,LAL,0.69206,,,,,-245.0,200.0,-258.0,210.0,0.69079,dk,125.0,122.0,1.0,-7.5,-105.0,-115.0,,,,,,,,,,,,,,,,,,-263.0,208.0,-251.0,198.0,0.69154
401810666,2026-02-21,2026,2026-02-21T22:00Z,,fourfactors_hl25_b2b_carry25_phase_luck_talent_ft_avail_v6,reconstructed,PHO,ORL,56,54,0,0,3.969,0.5698,PHO,0.5698,,,,,-135.0,114.0,-162.0,136.0,0.59337,dk,113.0,110.0,1.0,-3.5,-102.0,-118.0,,,,,,,,,,,,,,,,,,-137.0,114.0,-154.0,134.0,0.59091
401810667,2026-02-21,2026,2026-02-22T00:00Z,,fourfactors_hl25_b2b_carry25_phase_luck_talent_ft_avail_v6,reconstructed,NOP,PHI,57,55,1,0,-8.455,0.39972,PHI,0.60028,,,,,150.0,-180.0,142.0,-170.0,0.39624,dk,126.0,111.0,1.0,3.5,-105.0,-115.0,,,,,,,,,,,,,,,,,,101.0,-131.0,140.0,-175.0,0.38806
401810668,2026-02-21,2026,2026-02-22T01:00Z,,fourfactors_hl25_b2b_carry25_phase_luck_talent_ft_avail_v6,reconstructed,MIA,MEM,57,54,1,1,15.191,0.80085,MIA,0.80085,,,,,-355.0,280.0,-550.0,410.0,0.81187,dk,136.0,120.0,1.0,-11.5,-112.0,-108.0,,,,,,,,,,,,,,,,,,-360.0,208.0,-525.0,398.0,0.81683
401810669,2026-02-21,2026,2026-02-22T01:00Z,,fourfactors_hl25_b2b_carry25_phase_luck_talent_ft_avail_v6,reconstructed,CHI,DET,56,54,0,0,-34.181,0.34542,DET,0.65458,,,,,370.0,-485.0,410.0,-550.0,0.18813,dk,110.0,126.0,0.0,10.5,-105.0,-115.0,,,,,,,,,,,,,,,,,,252.0,-430.0,425.0,-525.0,0.175
401810670,2026-02-21,2026,2026-02-22T01:00Z,,fourfactors_hl25_b2b_carry25_phase_luck_talent_ft_avail_v6,reconstructed,SAS,SAC,55,57,0,0,50.003,0.90318,SAS,0.90318,,,,,-1800.0,1000.0,-1650.0,950.0,0.90826,dk,139.0,122.0,1.0,-18.5,-108.0,-112.0,,,,,,,,,,,,,,,,,,-564.0,208.0,-1428.0,1074.0,0.925
401810671,2026-02-21,2026,2026-02-22T01:30Z,,fourfactors_hl25_b2b_carry25_phase_luck_talent_ft_avail_v6,reconstructed,NYK,HOU,56,54,0,0,9.471,0.61921,NYK,0.61921,,,,,-142.0,120.0,-162.0,136.0,0.59337,dk,108.0,106.0,1.0,-3.5,-112.0,-108.0,,,,,,,,,,,,,,,,,,-199.0,140.0,-168.0,134.0,0.59901
401810672,2026-02-22,2026,2026-02-22T18:00Z,,fourfactors_hl25_b2b_carry25_phase_luck_talent_ft_avail_v6,reconstructed,OKC,CLE,57,57,0,0,6.381,0.50592,OKC,0.50592,,,,,-105.0,-115.0,145.0,-175.0,0.39076,dk,121.0,113.0,1.0,4.5,-118.0,-102.0,,,,,,,,,,,,,,,,,,-154.0,124.0,146.0,-175.0,0.385
401810673,2026-02-22,2026,2026-02-22T20:30Z,,fourfactors_hl25_b2b_carry25_phase_luck_talent_ft_avail_v6,reconstructed,ATL,BRK,58,55,0,0,21.956,0.74963,ATL,0.74963,,,,,-340.0,270.0,-410.0,320.0,0.77151,dk,115.0,104.0,1.0,-9.5,-105.0,-115.0,,,,,,,,,,,,,,,,,,-306.0,296.0,-404.0,313.0,0.77723
401810674,2026-02-22,2026,2026-02-22T20:30Z,,fourfactors_hl25_b2b_carry25_phase_luck_talent_ft_avail_v6,reconstructed,MIL,TOR,54,56,0,0,-9.096,0.42606,TOR,0.57394,,,,,130.0,-155.0,136.0,-162.0,0.40663,dk,94.0,122.0,0.0,4.5,-115.0,-105.0,,,,,,,,,,,,,,,,,,124.0,-148.0,146.0,-175.0,0.385
401810675,2026-02-22,2026,2026-02-22T20:30Z,,fourfactors_hl25_b2b_carry25_phase_luck_talent_ft_avail_v6,reconstructed,GSW,DEN,56,57,0,0,-6.83,0.31557,DEN,0.68443,,,,,170.0,-205.0,195.0,-238.0,0.32497,dk,128.0,117.0,1.0,6.5,-118.0,-102.0,,,,,,,,,,,,,,,,,,134.0,-175.0,198.0,-239.0,0.315
401810676,2026-02-22,2026,2026-02-22T22:00Z,,fourfactors_hl25_b2b_carry25_phase_luck_talent_ft_avail_v6,reconstructed,IND,DAL,57,55,0,0,-10.818,0.4192,DAL,0.5808,,,,,120.0,-142.0,-102.0,-118.0,0.48264,dk,130.0,134.0,0.0,1.5,-115.0,-105.0,,,,,,,,,,,,,,,,,,-131.0,101.0,-103.0,-121.0,0.47761
401810677,2026-02-22,2026,2026-02-22T23:00Z,,fourfactors_hl25_b2b_carry25_phase_luck_talent_ft_avail_v6,reconstructed,WAS,CHO,55,57,0,0,-24.457,0.36457,CHO,0.63543,,,,,380.0,-500.0,400.0,-535.0,0.19184,dk,112.0,129.0,0.0,10.5,-110.0,-110.0,,,,,,,,,,,,,,,,,,331.0,-404.0,373.0,-489.0,0.19307
401810678,2026-02-22,2026,2026-02-22T23:30Z,,fourfactors_hl25_b2b_carry25_phase_luck_talent_ft_avail_v6,reconstructed,LAL,BOS,55,55,0,0,-15.879,0.54581,LAL,0.54581,,,,,-105.0,-115.0,-105.0,-115.0,0.48917,dk,89.0,111.0,0.0,1.5,-118.0,-102.0,,,,,,,,,,,,,,,,,,-107.0,-121.0,-103.0,-116.0,0.485
401810679,2026-02-22,2026,2026-02-23T00:00Z,,fourfactors_hl25_b2b_carry25_phase_luck_talent_ft_avail_v6,reconstructed,MIN,PHI,57,56,0,1,24.119,0.83244,MIN,0.83244,,,,,-340.0,270.0,-360.0,285.0,0.75081,dk,108.0,135.0,0.0,-9.5,-105.0,-115.0,,,,,,,,,,,,,,,,,,-276.0,240.0,-340.0,280.0,0.755
401810680,2026-02-22,2026,2026-02-23T01:00Z,,fourfactors_hl25_b2b_carry25_phase_luck_talent_ft_avail_v6,reconstructed,CHI,NYK,57,57,1,1,-30.227,0.28865,NYK,0.71135,,,,,370.0,-485.0,300.0,-380.0,0.24,dk,99.0,105.0,0.0,9.5,-115.0,-105.0,,,,,,,,,,,,,,,,,,198.0,-290.0,313.0,-381.0,0.225
401810681,2026-02-22,2026,2026-02-23T01:00Z,,fourfactors_hl25_b2b_carry25_phase_luck_talent_ft_avail_v6,reconstructed,PHO,POR,57,57,1,0,11.274,0.44613,POR,0.55387,,,,,130.0,-155.0,136.0,-162.0,0.40663,dk,77.0,92.0,0.0,3.5,-105.0,-115.0,,,,,,,,,,,,,,,,,,-142.0,105.0,134.0,-161.0,0.405
401810682,2026-02-22,2026,2026-02-23T02:00Z,,fourfactors_hl25_b2b_carry25_phase_luck_talent_ft_avail_v6,reconstructed,LAC,ORL,56,55,0,1,5.496,0.62842,LAC,0.62842,,,,,-180.0,150.0,-180.0,150.0,0.61644,dk,109.0,111.0,0.0,-4.5,-108.0,-112.0,,,,,,,,,,,,,,,,,,-168.0,124.0,-175.0,146.0,0.615
401810683,2026-02-23,2026,2026-02-24T00:00Z,,fourfactors_hl25_b2b_carry25_phase_luck_talent_ft_avail_v6,reconstructed,DET,SAS,55,56,0,0,2.082,0.56981,DET,0.56981,,,,,-135.0,114.0,-122.0,102.0,0.52609,dk,103.0,114.0,0.0,-1.5,-110.0,-110.0,,,,,,,,,,,,,,,,,,-126.0,105.0,-121.0,101.0,0.525
401810684,2026-02-23,2026,2026-02-24T01:00Z,,fourfactors_hl25_b2b_carry25_phase_luck_talent_ft_avail_v6,reconstructed,MEM,SAC,55,58,0,0,24.123,0.69217,MEM,0.69217,,,,,-180.0,150.0,-142.0,120.0,0.56349,dk,114.0,123.0,0.0,-2.5,-110.0,-110.0,,,,,,,,,,,,,,,,,,-322.0,240.0,-148.0,119.0,0.56931
401810685,2026-02-23,2026,2026-02-24T02:30Z,,fourfactors_hl25_b2b_carry25_phase_luck_talent_ft_avail_v6,reconstructed,HOU,UTA,55,57,0,0,31.249,0.86974,HOU,0.86974,,,,,-1050.0,675.0,-850.0,575.0,0.85794,dk,125.0,105.0,1.0,-13.5,-108.0,-112.0,,,,,,,,,,,,,,,,,,-458.0,398.0,-788.0,574.0,0.86634
401810686,2026-02-24,2026,2026-02-25T00:00Z,,fourfactors_hl25_b2b_carry25_phase_luck_talent_ft_avail_v6,reconstructed,IND,PHI,58,57,0,0,-16.603,0.38423,PHI,0.61577,,,,,200.0,-245.0,400.0,-535.0,0.19184,dk,114.0,135.0,0.0,10.5,-105.0,-115.0,,,,,,,,,,,,,,,,,,-489.0,-564.0,398.0,-489.0,0.185
401810687,2026-02-24,2026,2026-02-25T00:30Z,,fourfactors_hl25_b2b_carry25_phase_luck_talent_ft_avail_v6,reconstructed,ATL,WAS,59,56,0,0,19.119,0.76722,ATL,0.76722,,,,,-750.0,525.0,-650.0,470.0,0.83165,dk,119.0,98.0,1.0,-12.5,100.0,-120.0,,,,,,,,,,,,,,,,,,-458.0,280.0,-660.0,490.0,0.84653
401810688,2026-02-24,2026,2026-02-25T00:30Z,,fourfactors_hl25_b2b_carry25_phase_luck_talent_ft_avail_v6,reconstructed,BRK,DAL,56,56,0,0,-20.056,0.39965,DAL,0.60035,,,,,105.0,-125.0,100.0,-120.0,0.47826,dk,114.0,123.0,0.0,1.5,-110.0,-110.0,,,,,,,,,,,,,,,,,,109.0,-251.0,101.0,-121.0,0.475
401810689,2026-02-24,2026,2026-02-25T00:30Z,,fourfactors_hl25_b2b_carry25_phase_luck_talent_ft_avail_v6,reconstructed,TOR,OKC,57,58,0,0,-18.401,0.37601,OKC,0.62399,,,,,102.0,-122.0,-112.0,-108.0,0.50433,dk,107.0,116.0,0.0,-1.5,100.0,-120.0,,,,,,,,,,,,,,,,,,-103.0,-290.0,-112.0,-112.0,0.50249
401810690,2026-02-24,2026,2026-02-25T00:30Z,,fourfactors_hl25_b2b_carry25_phase_luck_talent_ft_avail_v6,reconstructed,CLE,NYK,58,58,0,0,-0.811,0.69987,CLE,0.69987,,,,,-155.0,130.0,-170.0,142.0,0.60376,dk,109.0,94.0,1.0,-4.5,-102.0,-118.0,,,,,,,,,,,,,,,,,,-199.0,-112.0,-168.0,140.0,0.605
401810691,2026-02-24,2026,2026-02-25T01:00Z,,fourfactors_hl25_b2b_carry25_phase_luck_talent_ft_avail_v6,reconstructed,CHI,CHO,58,58,0,0,-16.81,0.45568,CHO,0.54432,,,,,225.0,-278.0,250.0,-310.0,0.27425,dk,99.0,131.0,0.0,8.5,-122.0,102.0,,,,,,,,,,,,,,,,,,109.0,-276.0,266.0,-306.0,0.25758
401810692,2026-02-24,2026,2026-02-25T01:00Z,,fourfactors_hl25_b2b_carry25_phase_luck_talent_ft_avail_v6,reconstructed,MIL,MIA,55,58,0,0,-17.024,0.31035,MIA,0.68965,,,,,180.0,-218.0,180.0,-218.0,0.34252,dk,128.0,117.0,1.0,6.5,-112.0,-108.0,,,,,,,,,,,,,,,,,,-112.0,-228.0,198.0,-228.0,0.31818
401810693,2026-02-24,2026,2026-02-25T01:00Z,,fourfactors_hl25_b2b_carry25_phase_luck_talent_ft_avail_v6,reconstructed,NOP,GSW,58,57,0,0,-12.125,0.48712,GSW,0.51288,,,,,105.0,-125.0,102.0,-122.0,0.47391,dk,113.0,109.0,1.0,1.5,-110.0,-110.0,,,,,,,,,,,,,,,,,,105.0,-263.0,101.0,-121.0,0.475
401810694,2026-02-24,2026,2026-02-25T02:00Z,,fourfactors_hl25_b2b_carry25_phase_luck_talent_ft_avail_v6,reconstructed,PHO,BOS,58,56,0,0,-21.723,0.30246,BOS,0.69754,,,,,200.0,-245.0,180.0,-218.0,0.34252,dk,81.0,97.0,0.0,5.5,-112.0,-108.0,,,,,,,,,,,,,,,,,,114.0,-228.0,181.0,-218.0,0.335
401810696,2026-02-24,2026,2026-02-25T03:00Z,,fourfactors_hl25_b2b_carry25_phase_luck_talent_ft_avail_v6,reconstructed,POR,MIN,58,58,0,0,-24.688,0.30115,MIN,0.69885,,,,,170.0,-205.0,195.0,-238.0,0.32497,dk,121.0,124.0,0.0,6.5,-115.0,-105.0,,,,,,,,,,,,,,,,,,129.0,-183.0,198.0,-228.0,0.31818
401810695,2026-02-24,2026,2026-02-25T03:30Z,,fourfactors_hl25_b2b_carry25_phase_luck_talent_ft_avail_v6,reconstructed,LAL,ORL,56,56,0,0,4.475,0.74389,LAL,0.74389,,,,,-250.0,205.0,-245.0,200.0,0.68056,dk,109.0,110.0,0.0,-6.5,-110.0,-110.0,,,,,,,,,,,,,,,,,,-239.0,-107.0,-251.0,198.0,0.68812
401810697,2026-02-25,2026,2026-02-26T00:30Z,,fourfactors_hl25_b2b_carry25_phase_luck_talent_ft_avail_v6,reconstructed,DET,OKC,56,59,0,1,-4.98,0.68973,DET,0.68973,,,,,-205.0,170.0,-440.0,340.0,0.78191,dk,124.0,116.0,1.0,-10.5,-110.0,-110.0,,,,,,,,,,,,,,,,,,-191.0,152.0,-430.0,331.0,0.78713
401810698,2026-02-25,2026,2026-02-26T00:30Z,,fourfactors_hl25_b2b_carry25_phase_luck_talent_ft_avail_v6,reconstructed,TOR,SAS,58,57,1,0,-13.758,0.33715,SAS,0.66285,,,,,200.0,-245.0,180.0,-218.0,0.34252,dk,107.0,110.0,0.0,5.5,-108.0,-112.0,,,,,,,,,,,,,,,,,,173.0,-239.0,181.0,-218.0,0.335
401810699,2026-02-25,2026,2026-02-26T00:30Z,,fourfactors_hl25_b2b_carry25_phase_luck_talent_ft_avail_v6,reconstructed,MEM,GSW,56,58,0,1,-10.447,0.56402,MEM,0.56402,,,,,120.0,-142.0,150.0,-180.0,0.38356,dk,112.0,133.0,0.0,3.5,-105.0,-115.0,,,,,,,,,,,,,,,,,,114.0,-137.0,152.0,-183.0,0.375
401810700,2026-02-25,2026,2026-02-26T01:00Z,,fourfactors_hl25_b2b_carry25_phase_luck_talent_ft_avail_v6,reconstructed,HOU,SAC,56,59,0,0,38.964,0.86257,HOU,0.86257,,,,,-1050.0,675.0,-850.0,575.0,0.85794,dk,128.0,97.0,1.0,-13.5,-115.0,-105.0,,,,,,,,,,,,,,,,,,-489.0,398.0,-788.0,625.0,0.875
401810701,2026-02-25,2026,2026-02-26T01:00Z,,fourfactors_hl25_b2b_carry25_phase_luck_talent_ft_avail_v6,reconstructed,MIL,CLE,56,59,1,1,-23.844,0.2929,CLE,0.7071,,,,,270.0,-340.0,130.0,-155.0,0.41701,dk,118.0,116.0,1.0,3.5,-118.0,-102.0,,,,,,,,,,,,,,,,,,198.0,-290.0,124.0,-154.0,0.42289
401810702,2026-02-25,2026,2026-02-26T03:00Z,,fourfactors_hl25_b2b_carry25_phase_luck_talent_ft_avail_v6,reconstructed,DEN,BOS,58,57,0,1,-12.496,0.62607,DEN,0.62607,,,,,-162.0,136.0,-155.0,130.0,0.58299,dk,103.0,84.0,1.0,-3.5,-110.0,-110.0,,,,,,,,,,,,,,,,,,-183.0,140.0,-148.0,124.0,0.575
401810703,2026-02-26,2026,2026-02-27T00:00Z,,fourfactors_hl25_b2b_carry25_phase_luck_talent_ft_avail_v6,reconstructed,IND,CHO,59,59,0,0,-26.822,0.27284,CHO,0.72716,,,,,500.0,-700.0,490.0,-675.0,0.1629,dk,109.0,133.0,0.0,12.5,-108.0,-112.0,,,,,,,,,,,,,,,,,,173.0,-340.0,456.0,-564.0,0.165
401810704,2026-02-26,2026,2026-02-27T00:00Z,,fourfactors_hl25_b2b_carry25_phase_luck_talent_ft_avail_v6,reconstructed,PHI,MIA,58,59,0,0,-8.652,0.43215,MIA,0.56785,,,,,-142.0,120.0,-135.0,114.0,0.55144,dk,124.0,117.0,1.0,-2.5,-105.0,-115.0,,,,,,,,,,,,,,,,,,-121.0,-121.0,-137.0,114.0,0.555
401810705,2026-02-26,2026,2026-02-27T00:30Z,,fourfactors_hl25_b2b_carry25_phase_luck_talent_ft_avail_v6,reconstructed,ATL,WAS,60,57,0,0,21.498,0.75084,ATL,0.75084,,,,,-650.0,470.0,-520.0,390.0,0.80429,dk,126.0,96.0,1.0,-10.5,-105.0,-115.0,,,,,,,,,,,,,,,,,,-719.0,529.0,-489.0,373.0,0.80693
401810706,2026-02-26,2026,2026-02-27T00:30Z,,fourfactors_hl25_b2b_carry25_phase_luck_talent_ft_avail_v6,reconstructed,BRK,SAS,57,58,0,1,-47.659,0.24307,SAS,0.75693,,,,,575.0,-850.0,425.0,-575.0,0.18274,dk,110.0,126.0,0.0,10.5,-105.0,-115.0,,,,,,,,,,,,,,,,,,425.0,-660.0,425.0,-564.0,0.17327
401810707,2026-02-26,2026,2026-02-27T00:30Z,,fourfactors_hl25_b2b_carry25_phase_luck_talent_ft_avail_v6,reconstructed,ORL,HOU,57,57,0,1,-15.87,0.54857,ORL,0.54857,,,,,-105.0,-115.0,120.0,-142.0,0.43651,dk,108.0,113.0,0.0,2.5,-115.0,-105.0,,,,,,,,,,,,,,,,,,101.0,-137.0,119.0,-148.0,0.43069
401810708,2026-02-26,2026,2026-02-27T01:00Z,,fourfactors_hl25_b2b_carry25_phase_luck_talent_ft_avail_v6,reconstructed,CHI,POR,59,59,0,0,-6.885,0.51359,CHI,0.51359,,,,,136.0,-162.0,142.0,-170.0,0.39624,dk,112.0,121.0,0.0,3.5,-105.0,-115.0,,,,,,,,,,,,,,,,,,134.0,-175.0,134.0,-161.0,0.405
401810709,2026-02-26,2026,2026-02-27T01:30Z,,fourfactors_hl25_b2b_carry25_phase_luck_talent_ft_avail_v6,reconstructed,DAL,SAC,57,60,0,1,24.853,0.781,DAL,0.781,,,,,-238.0,195.0,-310.0,250.0,0.72575,dk,121.0,130.0,0.0,-7.5,-115.0,-105.0,,,,,,,,,,,,,,,,,,-381.0,252.0,-306.0,252.0,0.735
401810710,2026-02-26,2026,2026-02-27T02:00Z,,fourfactors_hl25_b2b_carry25_phase_luck_talent_ft_avail_v6,reconstructed,PHO,LAL,59,57,0,0,-3.959,0.3341,LAL,0.6659,,,,,154.0,-185.0,180.0,-218.0,0.34252,dk,113.0,110.0,1.0,5.5,-108.0,-112.0,,,,,,,,,,,,,,,,,,119.0,-154.0,181.0,-218.0,0.335
401810711,2026-02-26,2026,2026-02-27T02:00Z,,fourfactors_hl25_b2b_carry25_phase_luck_talent_ft_avail_v6,reconstructed,UTA,NOP,58,59,0,0,-17.086,0.38894,NOP,0.61106,,,,,140.0,-166.0,195.0,-238.0,0.32497,dk,118.0,129.0,0.0,6.5,-115.0,-105.0,,,,,,,,,,,,,,,,,,105.0,-126.0,189.0,-228.0,0.325
401810712,2026-02-26,2026,2026-02-27T03:00Z,,fourfactors_hl25_b2b_carry25_phase_luck_talent_ft_avail_v6,reconstructed,LAC,MIN,57,59,0,0,-15.541,0.2877,MIN,0.7123,,,,,136.0,-162.0,275.0,-345.0,0.25593,dk,88.0,94.0,0.0,8.5,-108.0,-112.0,,,,,,,,,,,,,,,,,,119.0,-175.0,280.0,-322.0,0.24747
401810713,2026-02-27,2026,2026-02-28T00:00Z,,fourfactors_hl25_b2b_carry25_phase_luck_talent_ft_avail_v6,reconstructed,DET,CLE,57,60,0,0,3.508,0.67004,DET,0.67004,,,,,-278.0,225.0,-340.0,270.0,0.74087,dk,122.0,119.0,1.0,-8.5,-115.0,-105.0,,,,,,,,,,,,,,,,,,-154.0,105.0,-322.0,280.0,0.75253
401810714,2026-02-27,2026,2026-02-28T00:30Z,,fourfactors_hl25_b2b_carry25_phase_luck_talent_ft_avail_v6,reconstructed,BOS,BRK,58,58,0,1,44.559,0.91503,BOS,0.91503,,,,,-1350.0,800.0,-1350.0,800.0,0.89338,dk,148.0,111.0,1.0,-16.5,-115.0,-105.0,,,,,,,,,,,,,,,,,,-719.0,529.0,-1087.0,841.0,0.905
401810715,2026-02-27,2026,2026-02-28T01:00Z,,fourfactors_hl25_b2b_carry25_phase_luck_talent_ft_avail_v6,reconstructed,MIL,NYK,57,59,0,0,-20.864,0.27811,NYK,0.72189,,,,,260.0,-325.0,240.0,-298.0,0.28203,dk,98.0,127.0,0.0,8.5,-112.0,-108.0,,,,,,,,,,,,,,,,,,173.0,-239.0,240.0,-290.0,0.275
401810716,2026-02-27,2026,2026-02-28T01:30Z,,fourfactors_hl25_b2b_carry25_phase_luck_talent_ft_avail_v6,reconstructed,DAL,MEM,58,57,1,0,1.981,0.46126,MEM,0.53874,,,,,-205.0,170.0,-198.0,164.0,0.6369,dk,105.0,124.0,0.0,-4.5,-115.0,-105.0,,,,,,,,,,,,,,,,,,-175.0,109.0,-199.0,166.0,0.645
401810717,2026-02-27,2026,2026-02-28T02:47Z,,fourfactors_hl25_b2b_carry25_phase_luck_talent_ft_avail_v6,reconstructed,OKC,DEN,60,59,0,0,12.532,0.44251,DEN,0.55749,,,,,-325.0,260.0,-250.0,205.0,0.68539,dk,127.0,121.0,1.0,-6.5,-112.0,-108.0,,,,,,,,,,,,,,,,,,-199.0,159.0,-276.0,218.0,0.70792
401810718,2026-02-28,2026,2026-02-28T18:00Z,,fourfactors_hl25_b2b_carry25_phase_luck_talent_ft_avail_v6,reconstructed,CHO,POR,60,60,0,0,15.804,0.70904,CHO,0.70904,,,,,-298.0,240.0,-270.0,220.0,0.70016,dk,109.0,93.0,1.0,-6.5,-110.0,-110.0,,,,,,,,,,,,,,,,,,-525.0,-525.0,-263.0,218.0,0.705
401810719,2026-02-28,2026,2026-02-28T20:30Z,,fourfactors_hl25_b2b_carry25_phase_luck_talent_ft_avail_v6,reconstructed,MIA,HOU,60,58,0,0,-4.068,0.46774,HOU,0.53226,,,,,142.0,-170.0,120.0,-142.0,0.43651,dk,115.0,105.0,1.0,2.5,-110.0,-110.0,,,,,,,,,,,,,,,,,,-525.0,-525.0,114.0,-142.0,0.43781
401810720,2026-02-28,2026,2026-03-01T00:00Z,,fourfactors_hl25_b2b_carry25_phase_luck_talent_ft_avail_v6,reconstructed,WAS,TOR,58,59,0,0,-31.624,0.20872,TOR,0.79128,,,,,575.0,-850.0,600.0,-900.0,0.13699,dk,125.0,134.0,0.0,13.5,-105.0,-115.0,,,,,,,,,,,,,,,,,,-525.0,-564.0,625.0,-788.0,0.125
401810721,2026-02-28,2026,2026-03-01T01:30Z,,fourfactors_hl25_b2b_carry25_phase_luck_talent_ft_avail_v6,reconstructed,GSW,LAL,59,58,0,0,2.921,0.34158,LAL,0.65842,,,,,120.0,-142.0,140.0,-166.0,0.40036,dk,101.0,129.0,0.0,3.5,-108.0,-112.0,,,,,,,,,,,,,,,,,,152.0,-199.0,140.0,-168.0,0.395
401810722,2026-02-28,2026,2026-03-01T02:30Z,,fourfactors_hl25_b2b_carry25_phase_luck_talent_ft_avail_v6,reconstructed,UTA,NOP,59,60,0,0,-17.222,0.37974,NOP,0.62026,,,,,220.0,-270.0,180.0,-218.0,0.34252,dk,105.0,115.0,0.0,5.5,-115.0,-105.0,,,,,,,,,,,,,,,,,,159.0,-208.0,181.0,-218.0,0.335
401810723,2026-03-01,2026,2026-03-01T18:00Z,,fourfactors_hl25_b2b_carry25_phase_luck_talent_ft_avail_v6,reconstructed,NYK,SAS,60,59,0,0,-4.359,0.57211,NYK,0.57211,,,,,102.0,-122.0,-102.0,-118.0,0.48264,dk,114.0,89.0,1.0,1.5,-115.0,-105.0,,,,,,,,,,,,,,,,,,-525.0,-525.0,-103.0,-116.0,0.485
401810724,2026-03-01,2026,2026-03-01T20:30Z,,fourfactors_hl25_b2b_carry25_phase_luck_talent_ft_avail_v6,reconstructed,BRK,CLE,59,61,0,0,-46.075,0.17518,CLE,0.82482,,,,,410.0,-550.0,440.0,-600.0,0.17766,dk,102.0,106.0,0.0,12.5,-115.0,-105.0,,,,,,,,,,,,,,,,,,574.0,-660.0,456.0,-564.0,0.165
401810725,2026-03-01,2026,2026-03-01T20:30Z,,fourfactors_hl25_b2b_carry25_phase_luck_talent_ft_avail_v6,reconstructed,CHI,MIL,60,58,0,0,-8.563,0.53974,CHI,0.53974,,,,,136.0,-162.0,114.0,-135.0,0.44856,dk,120.0,97.0,1.0,2.5,-112.0,-108.0,,,,,,,,,,,,,,,,,,152.0,-218.0,114.0,-137.0,0.445
401810726,2026-03-01,2026,2026-03-01T20:30Z,,fourfactors_hl25_b2b_carry25_phase_luck_talent_ft_avail_v6,reconstructed,DEN,MIN,60,60,0,0,-8.448,0.51926,DEN,0.51926,,,,,-120.0,100.0,-142.0,120.0,0.56349,dk,108.0,117.0,0.0,-2.5,-115.0,-105.0,,,,,,,,,,,,,,,,,,-137.0,101.0,-148.0,119.0,0.56931
401810727,2026-03-01,2026,2026-03-01T22:00Z,,fourfactors_hl25_b2b_carry25_phase_luck_talent_ft_avail_v6,reconstructed,IND,MEM,60,58,0,0,-15.361,0.45958,MEM,0.54042,,,,,-115.0,-105.0,-108.0,-112.0,0.49567,dk,106.0,125.0,0.0,-1.5,102.0,-122.0,,,,,,,,,,,,,,,,,,-103.0,-121.0,-107.0,-112.0,0.495
401810728,2026-03-01,2026,2026-03-01T23:00Z,,fourfactors_hl25_b2b_carry25_phase_luck_talent_ft_avail_v6,reconstructed,ATL,POR,61,61,0,1,8.862,0.69284,ATL,0.69284,,,,,-225.0,185.0,-230.0,190.0,0.66901,dk,135.0,101.0,1.0,-6.5,-110.0,-110.0,,,,,,,,,,,,,,,,,,-199.0,159.0,-228.0,189.0,0.675
401810730,2026-03-01,2026,2026-03-01T23:00Z,,fourfactors_hl25_b2b_carry25_phase_luck_talent_ft_avail_v6,reconstructed,ORL,DET,58,58,0,0,-24.513,0.34864,DET,0.65136,,,,,195.0,-238.0,170.0,-205.0,0.35527,dk,92.0,106.0,0.0,5.5,-115.0,-105.0,,,,,,,,,,,,,,,,,,173.0,-183.0,173.0,-218.0,0.33831
401810729,2026-03-01,2026,2026-03-02T01:00Z,,fourfactors_hl25_b2b_carry25_phase_luck_talent_ft_avail_v6,reconstructed,BOS,PHI,59,59,0,0,20.768,0.75174,BOS,0.75174,,,,,-325.0,260.0,-345.0,275.0,0.74407,dk,114.0,98.0,1.0,-8.5,-115.0,-105.0,,,,,,,,,,,,,,,,,,-228.0,173.0,-340.0,266.0,0.75124
401810731,2026-03-01,2026,2026-03-02T01:00Z,,fourfactors_hl25_b2b_carry25_phase_luck_talent_ft_avail_v6,reconstructed,DAL,OKC,59,61,0,0,-30.653,0.11346,OKC,0.88654,,,,,750.0,-1200.0,750.0,-1200.0,0.11304,dk,87.0,100.0,0.0,16.5,-115.0,-105.0,,,,,,,,,,,,,,,,,,296.0,-458.0,841.0,-1087.0,0.095
401810732,2026-03-01,2026,2026-03-02T02:00Z,,fourfactors_hl25_b2b_carry25_phase_luck_talent_ft_avail_v6,reconstructed,LAC,NOP,58,61,0,1,5.857,0.69133,LAC,0.69133,,,,,-250.0,205.0,-340.0,270.0,0.74087,dk,137.0,117.0,1.0,-8.5,-112.0,-108.0,,,,,,,,,,,,,,,,,,-263.0,152.0,-322.0,266.0,0.745
401810733,2026-03-01,2026,2026-03-02T02:30Z,,fourfactors_hl25_b2b_carry25_phase_luck_talent_ft_avail_v6,reconstructed,LAL,SAC,59,61,1,0,32.987,0.86151,LAL,0.86151,,,,,-750.0,525.0,-750.0,525.0,0.8465,dk,128.0,104.0,1.0,-12.5,-120.0,100.0,,,,,,,,,,,,,,,,,,-458.0,331.0,-719.0,529.0,0.85644
401810734,2026-03-02,2026,2026-03-03T00:00Z,,fourfactors_hl25_b2b_carry25_phase_luck_talent_ft_avail_v6,reconstructed,WAS,HOU,59,59,0,0,-36.149,0.14493,HOU,0.85507,,,,,800.0,-1350.0,650.0,-1000.0,0.12791,dk,118.0,123.0,0.0,14.5,-110.0,-110.0,,,,,,,,,,,,,,,,,,425.0,-660.0,756.0,-967.0,0.105
401810735,2026-03-02,2026,2026-03-03T00:30Z,,fourfactors_hl25_b2b_carry25_phase_luck_talent_ft_avail_v6,reconstructed,MIL,BOS,59,60,1,1,-31.524,0.31674,BOS,0.68326,,,,,230.0,-285.0,114.0,-135.0,0.44856,dk,81.0,108.0,0.0,2.5,-115.0,-105.0,,,,,,,,,,,,,,,,,,280.0,-290.0,119.0,-142.0,0.435
401810736,2026-03-02,2026,2026-03-03T02:00Z,,fourfactors_hl25_b2b_carry25_phase_luck_talent_ft_avail_v6,reconstructed,UTA,DEN,60,61,0,1,-31.884,0.23038,DEN,0.76962,,,,,455.0,-625.0,425.0,-575.0,0.18274,dk,125.0,128.0,0.0,11.5,-110.0,-110.0,,,,,,,,,,,,,,,,,,280.0,-489.0,456.0,-564.0,0.165
401810737,2026-03-02,2026,2026-03-03T03:00Z,,fourfactors_hl25_b2b_carry25_phase_luck_talent_ft_avail_v6,reconstructed,GSW,LAC,60,59,0,1,-0.87,0.58913,GSW,0.58913,,,,,-105.0,-115.0,-108.0,-112.0,0.49567,dk,101.0,114.0,0.0,1.5,-120.0,100.0,,,,,,,,,,,,,,,,,,-168.0,129.0,-107.0,-112.0,0.495
401810738,2026-03-03,2026,2026-03-04T00:00Z,,fourfactors_hl25_b2b_carry25_phase_luck_talent_ft_avail_v6,reconstructed,CHO,DAL,61,60,0,0,18.984,0.77838,CHO,0.77838,,,,,-575.0,425.0,-675.0,490.0,0.8371,dk,117.0,90.0,1.0,-13.5,-110.0,-110.0,,,,,,,,,,,,,,,,,,-525.0,266.0,-660.0,529.0,0.855
401810739,2026-03-03,2026,2026-03-04T00:00Z,,fourfactors_hl25_b2b_carry25_phase_luck_talent_ft_avail_v6,reconstructed,CLE,DET,62,59,0,0,-4.601,0.5726,CLE,0.5726,,,,,100.0,-120.0,120.0,-142.0,0.43651,dk,113.0,109.0,1.0,2.5,-108.0,-112.0,,,,,,,,,,,,,,,,,,101.0,-121.0,124.0,-148.0,0.425
401810740,2026-03-03,2026,2026-03-04T00:00Z,,fourfactors_hl25_b2b_carry25_phase_luck_talent_ft_avail_v6,reconstructed,ORL,WAS,59,60,0,1,19.766,0.84757,ORL,0.84757,,,,,-1200.0,750.0,-1350.0,800.0,0.89338,dk,126.0,109.0,1.0,-15.5,-115.0,-105.0,,,,,,,,,,,,,,,,,,-719.0,490.0,-1087.0,841.0,0.905
401810741,2026-03-03,2026,2026-03-04T00:30Z,,fourfactors_hl25_b2b_carry25_phase_luck_talent_ft_avail_v6,reconstructed,MIA,BRK,61,60,0,0,38.911,0.83077,MIA,0.83077,,,,,-900.0,600.0,-675.0,490.0,0.8371,dk,124.0,98.0,1.0,-12.5,-115.0,-105.0,,,,,,,,,,,,,,,,,,-458.0,351.0,-609.0,529.0,0.85354
401810742,2026-03-03,2026,2026-03-04T00:30Z,,fourfactors_hl25_b2b_carry25_phase_luck_talent_ft_avail_v6,reconstructed,TOR,NYK,60,61,0,0,-12.772,0.43225,NYK,0.56775,,,,,102.0,-122.0,124.0,-148.0,0.42794,dk,95.0,111.0,0.0,2.5,-105.0,-115.0,,,,,,,,,,,,,,,,,,119.0,-148.0,119.0,-142.0,0.435
401810743,2026-03-03,2026,2026-03-04T01:00Z,,fourfactors_hl25_b2b_carry25_phase_luck_talent_ft_avail_v6,reconstructed,PHI,SAS,60,60,0,0,-19.717,0.35776,SAS,0.64224,,,,,185.0,-225.0,245.0,-305.0,0.27792,dk,91.0,131.0,0.0,7.5,-105.0,-115.0,,,,,,,,,,,,,,,,,,240.0,-290.0,252.0,-322.0,0.26238
401810744,2026-03-03,2026,2026-03-04T01:00Z,,fourfactors_hl25_b2b_carry25_phase_luck_talent_ft_avail_v6,reconstructed,CHI,OKC,61,62,0,0,-35.38,0.22071,OKC,0.77929,,,,,410.0,-550.0,300.0,-380.0,0.24,dk,108.0,116.0,0.0,9.5,-115.0,-105.0,,,,,,,,,,,,,,,,,,425.0,-489.0,313.0,-381.0,0.225
401810745,2026-03-03,2026,2026-03-04T01:00Z,,fourfactors_hl25_b2b_carry25_phase_luck_talent_ft_avail_v6,reconstructed,MIN,MEM,61,59,0,0,21.973,0.82067,MIN,0.82067,,,,,-850.0,575.0,-800.0,550.0,0.85246,dk,117.0,110.0,1.0,-14.5,-108.0,-112.0,,,,,,,,,,,,,,,,,,-458.0,331.0,-719.0,574.0,0.865
401810746,2026-03-03,2026,2026-03-04T03:30Z,,fourfactors_hl25_b2b_carry25_phase_luck_talent_ft_avail_v6,reconstructed,LAL,NOP,60,62,0,0,14.292,0.81667,LAL,0.81667,,,,,-455.0,350.0,-325.0,260.0,0.73354,dk,110.0,101.0,1.0,-7.5,-115.0,-105.0,,,,,,,,,,,,,,,,,,-430.0,313.0,-322.0,280.0,0.75253
401810747,2026-03-03,2026,2026-03-04T04:00Z,,fourfactors_hl25_b2b_carry25_phase_luck_talent_ft_avail_v6,reconstructed,SAC,PHO,62,60,0,0,-28.29,0.34456,PHO,0.65544,,,,,360.0,-470.0,285.0,-360.0,0.24919,dk,103.0,114.0,0.0,9.5,-115.0,-105.0,,,,,,,,,,,,,,,,,,252.0,-430.0,313.0,-381.0,0.225
401810748,2026-03-04,2026,2026-03-05T00:00Z,,fourfactors_hl25_b2b_carry25_phase_luck_talent_ft_avail_v6,reconstructed,NYK,OKC,62,63,1,1,-2.465,0.58606,NYK,0.58606,,,,,140.0,-166.0,150.0,-180.0,0.38356,dk,100.0,103.0,0.0,4.5,-115.0,-105.0,,,,,,,,,,,,,,,,,,124.0,-142.0,140.0,-168.0,0.395
401810749,2026-03-04,2026,2026-03-05T00:30Z,,fourfactors_hl25_b2b_carry25_phase_luck_talent_ft_avail_v6,reconstructed,BOS,CHO,61,62,0,1,11.142,0.76022,BOS,0.76022,,,,,-218.0,180.0,-250.0,205.0,0.68539,dk,89.0,118.0,0.0,-6.5,-115.0,-105.0,,,,,,,,,,,,,,,,,,-263.0,240.0,-251.0,208.0,0.695
401810750,2026-03-04,2026,2026-03-05T00:30Z,,fourfactors_hl25_b2b_carry25_phase_luck_talent_ft_avail_v6,reconstructed,PHI,UTA,61,61,1,0,19.755,0.66733,PHI,0.66733,,,,,-425.0,330.0,-325.0,260.0,0.73354,dk,106.0,102.0,1.0,-7.5,-102.0,-118.0,,,,,,,,,,,,,,,,,,-489.0,351.0,-306.0,252.0,0.735
401810751,2026-03-04,2026,2026-03-05T01:00Z,,fourfactors_hl25_b2b_carry25_phase_luck_talent_ft_avail_v6,reconstructed,MEM,POR,60,62,1,0,6.802,0.42917,POR,0.57083,,,,,220.0,-270.0,310.0,-395.0,0.2341,dk,114.0,122.0,0.0,9.5,-108.0,-112.0,,,,,,,,,,,,,,,,,,159.0,-191.0,296.0,-360.0,0.235
401810752,2026-03-04,2026,2026-03-05T02:30Z,,fourfactors_hl25_b2b_carry25_phase_luck_talent_ft_avail_v6,reconstructed,MIL,ATL,60,62,0,0,-15.234,0.5587,MIL,0.5587,,,,,-110.0,-110.0,-115.0,-105.0,0.51083,dk,113.0,131.0,0.0,-1.5,-102.0,-118.0,,,,,,,,,,,,,,,,,,-121.0,-107.0,-107.0,-112.0,0.495
401810753,2026-03-04,2026,2026-03-05T03:30Z,,fourfactors_hl25_b2b_carry25_phase_luck_talent_ft_avail_v6,reconstructed,LAC,IND,60,61,0,0,25.817,0.76221,LAC,0.76221,,,,,-700.0,500.0,-650.0,470.0,0.83165,dk,130.0,107.0,1.0,-11.5,-110.0,-110.0,,,,,,,,,,,,,,,,,,-564.0,280.0,-609.0,456.0,0.83663
401810754,2026-03-05,2026,2026-03-06T00:00Z,,fourfactors_hl25_b2b_carry25_phase_luck_talent_ft_avail_v6,reconstructed,ORL,DAL,60,61,0,0,9.226,0.69838,ORL,0.69838,,,,,-355.0,280.0,-325.0,260.0,0.73354,dk,115.0,114.0,1.0,-7.5,-120.0,100.0,,,,,,,,,,,,,,,,,,-564.0,-458.0,-340.0,266.0,0.74627
401810755,2026-03-05,2026,2026-03-06T00:00Z,,fourfactors_hl25_b2b_carry25_phase_luck_talent_ft_avail_v6,reconstructed,WAS,UTA,61,62,0,1,-1.265,0.61883,WAS,0.61883,,,,,-142.0,120.0,-166.0,140.0,0.59964,dk,112.0,122.0,0.0,-3.5,-115.0,-105.0,,,,,,,,,,,,,,,,,,-525.0,-458.0,-175.0,146.0,0.615
401810756,2026-03-05,2026,2026-03-06T00:30Z,,fourfactors_hl25_b2b_carry25_phase_luck_talent_ft_avail_v6,reconstructed,MIA,BRK,62,61,0,0,44.307,0.84331,MIA,0.84331,,,,,-800.0,550.0,-800.0,550.0,0.85246,dk,126.0,110.0,1.0,-12.5,-112.0,-108.0,,,,,,,,,,,,,,,,,,-525.0,425.0,-719.0,574.0,0.865
401810757,2026-03-05,2026,2026-03-06T00:30Z,,fourfactors_hl25_b2b_carry25_phase_luck_talent_ft_avail_v6,reconstructed,HOU,GSW,60,61,0,0,10.372,0.7537,HOU,0.7537,,,,,-325.0,260.0,-395.0,310.0,0.7659,dk,113.0,115.0,0.0,-9.5,-112.0,-108.0,,,,,,,,,,,,,,,,,,-322.0,296.0,-430.0,331.0,0.78713
401810758,2026-03-05,2026,2026-03-06T01:00Z,,fourfactors_hl25_b2b_carry25_phase_luck_talent_ft_avail_v6,reconstructed,MIN,TOR,62,61,0,0,12.486,0.72842,MIN,0.72842,,,,,-238.0,195.0,-218.0,180.0,0.65748,dk,115.0,107.0,1.0,-4.5,-118.0,-102.0,,,,,,,,,,,,,,,,,,-218.0,166.0,-208.0,173.0,0.655
401810759,2026-03-05,2026,2026-03-06T01:00Z,,fourfactors_hl25_b2b_carry25_phase_luck_talent_ft_avail_v6,reconstructed,SAS,DET,61,60,0,0,1.353,0.50772,SAS,0.50772,,,,,-148.0,124.0,-148.0,124.0,0.57206,dk,121.0,106.0,1.0,-2.5,-115.0,-105.0,,,,,,,,,,,,,,,,,,-161.0,124.0,-148.0,124.0,0.575
401810760,2026-03-05,2026,2026-03-06T02:00Z,,fourfactors_hl25_b2b_carry25_phase_luck_talent_ft_avail_v6,reconstructed,PHO,CHI,61,62,0,0,12.163,0.68019,PHO,0.68019,,,,,-470.0,360.0,-600.0,440.0,0.82234,dk,103.0,105.0,0.0,-10.5,-118.0,-102.0,,,,,,,,,,,,,,,,,,-322.0,266.0,-564.0,456.0,0.835
401810761,2026-03-05,2026,2026-03-06T03:00Z,,fourfactors_hl25_b2b_carry25_phase_luck_talent_ft_avail_v6,reconstructed,DEN,LAL,62,61,0,0,0.17,0.48332,LAL,0.51668,,,,,-180.0,150.0,-170.0,142.0,0.60376,dk,120.0,113.0,1.0,-3.5,-115.0,-105.0,,,,,,,,,,,,,,,,,,-168.0,119.0,-168.0,140.0,0.605
401810762,2026-03-05,2026,2026-03-06T03:00Z,,fourfactors_hl25_b2b_carry25_phase_luck_talent_ft_avail_v6,reconstructed,SAC,NOP,63,63,0,0,-20.818,0.35095,NOP,0.64905,,,,,150.0,-180.0,215.0,-265.0,0.30423,dk,123.0,133.0,0.0,6.5,-105.0,-115.0,,,,,,,,,,,,,,,,,,198.0,-263.0,208.0,-251.0,0.305
401810763,2026-03-06,2026,2026-03-07T00:00Z,,fourfactors_hl25_b2b_carry25_phase_luck_talent_ft_avail_v6,reconstructed,BOS,DAL,62,62,0,1,30.282,0.89429,BOS,0.89429,,,,,-1050.0,675.0,-1200.0,750.0,0.88696,dk,120.0,100.0,1.0,-15.5,-108.0,-112.0,,,,,,,,,,,,,,,,,,-869.0,625.0,-967.0,756.0,0.895
401810764,2026-03-06,2026,2026-03-07T00:00Z,,fourfactors_hl25_b2b_carry25_phase_luck_talent_ft_avail_v6,reconstructed,CHO,MIA,63,63,0,1,2.248,0.60151,CHO,0.60151,,,,,-245.0,200.0,-298.0,240.0,0.71797,dk,120.0,128.0,0.0,-7.5,-108.0,-112.0,,,,,,,,,,,,,,,,,,-199.0,152.0,-276.0,229.0,0.715
401810765,2026-03-06,2026,2026-03-07T01:00Z,,fourfactors_hl25_b2b_carry25_phase_luck_talent_ft_avail_v6,reconstructed,HOU,POR,61,63,1,0,20.223,0.73899,HOU,0.73899,,,,,-278.0,225.0,-265.0,215.0,0.69577,dk,106.0,99.0,1.0,-6.5,-108.0,-112.0,,,,,,,,,,,,,,,,,,-306.0,240.0,-276.0,218.0,0.70792
401810766,2026-03-06,2026,2026-03-07T02:00Z,,fourfactors_hl25_b2b_carry25_phase_luck_talent_ft_avail_v6,reconstructed,DEN,NYK,63,63,1,0,-11.926,0.50322,DEN,0.50322,,,,,-110.0,-110.0,-115.0,-105.0,0.51083,dk,103.0,142.0,0.0,-1.5,-102.0,-118.0,,,,,,,,,,,,,,,,,,-121.0,101.0,-121.0,-103.0,0.5198
401810767,2026-03-06,2026,2026-03-07T02:00Z,,fourfactors_hl25_b2b_carry25_phase_luck_talent_ft_avail_v6,reconstructed,PHO,NOP,62,64,1,1,7.177,0.56319,PHO,0.56319,,,,,-225.0,185.0,-175.0,145.0,0.60924,dk,118.0,116.0,1.0,-3.5,-115.0,-105.0,,,,,,,,,,,,,,,,,,-340.0,296.0,-183.0,146.0,0.61881
401810768,2026-03-06,2026,2026-03-07T02:30Z,,fourfactors_hl25_b2b_carry25_phase_luck_talent_ft_avail_v6,reconstructed,SAS,LAC,62,61,1,0,16.371,0.6257,SAS,0.6257,,,,,-310.0,250.0,-278.0,225.0,0.70503,dk,116.0,112.0,1.0,-7.5,-105.0,-115.0,,,,,,,,,,,,,,,,,,-290.0,229.0,-290.0,240.0,0.725
401810769,2026-03-06,2026,2026-03-07T03:30Z,,fourfactors_hl25_b2b_carry25_phase_luck_talent_ft_avail_v6,reconstructed,LAL,IND,62,62,1,0,30.342,0.75521,LAL,0.75521,,,,,-485.0,370.0,-410.0,320.0,0.77151,dk,128.0,117.0,1.0,-9.5,-102.0,-118.0,,,,,,,,,,,,,,,,,,-564.0,425.0,-404.0,351.0,0.79293
401810770,2026-03-07,2026,2026-03-07T20:00Z,,fourfactors_hl25_b2b_carry25_phase_luck_talent_ft_avail_v6,reconstructed,MIN,ORL,63,61,0,0,19.951,0.78229,MIN,0.78229,,,,,-298.0,240.0,-265.0,215.0,0.69577,dk,92.0,119.0,0.0,-6.5,-115.0,-105.0,,,,,,,,,,,,,,,,,,-251.0,218.0,-263.0,208.0,0.69802
401810771,2026-03-07,2026,2026-03-07T23:00Z,,fourfactors_hl25_b2b_carry25_phase_luck_talent_ft_avail_v6,reconstructed,DET,BRK,61,62,0,0,50.863,0.87629,DET,0.87629,,,,,-750.0,525.0,-800.0,550.0,0.85246,dk,105.0,107.0,0.0,-13.5,-110.0,-110.0,,,,,,,,,,,,,,,,,,-1087.0,685.0,-719.0,529.0,0.85644
401810772,2026-03-07,2026,2026-03-07T23:00Z,,fourfactors_hl25_b2b_carry25_phase_luck_talent_ft_avail_v6,reconstructed,ATL,PHI,63,62,0,0,8.41,0.66371,ATL,0.66371,,,,,-185.0,154.0,-278.0,225.0,0.70503,dk,125.0,116.0,1.0,-6.5,-112.0,-108.0,,,,,,,,,,,,,,,,,,-175.0,119.0,-276.0,218.0,0.70792
401810773,2026-03-07,2026,2026-03-08T01:00Z,,fourfactors_hl25_b2b_carry25_phase_luck_talent_ft_avail_v6,reconstructed,MEM,LAC,61,62,0,1,-11.457,0.50718,MEM,0.50718,,,,,225.0,-278.0,245.0,-305.0,0.27792,dk,120.0,123.0,0.0,7.5,-108.0,-112.0,,,,,,,,,,,,,,,,,,351.0,-381.0,240.0,-306.0,0.27228
401810774,2026-03-07,2026,2026-03-08T01:00Z,,fourfactors_hl25_b2b_carry25_phase_luck_talent_ft_avail_v6,reconstructed,MIL,UTA,61,63,0,0,9.098,0.74539,MIL,0.74539,,,,,-485.0,370.0,-440.0,340.0,0.78191,dk,113.0,99.0,1.0,-9.5,-105.0,-115.0,,,,,,,,,,,,,,,,,,-340.0,266.0,-430.0,351.0,0.795
401810775,2026-03-07,2026,2026-03-08T01:30Z,,fourfactors_hl25_b2b_carry25_phase_luck_talent_ft_avail_v6,reconstructed,OKC,GSW,64,62,0,0,21.289,0.85991,OKC,0.85991,,,,,-800.0,550.0,-625.0,455.0,0.82712,dk,104.0,97.0,1.0,-11.5,-115.0,-105.0,,,,,,,,,,,,,,,,,,-525.0,425.0,-564.0,425.0,0.82673
401810776,2026-03-08,2026,2026-03-08T17:00Z,,fourfactors_hl25_b2b_carry25_phase_luck_talent_ft_avail_v6,reconstructed,CLE,BOS,63,63,0,0,-4.071,0.51785,CLE,0.51785,,,,,-110.0,-110.0,-120.0,100.0,0.52174,dk,98.0,109.0,0.0,-1.5,-108.0,-112.0,,,,,,,,,,,,,,,,,,-121.0,-107.0,-121.0,101.0,0.525
401810777,2026-03-08,2026,2026-03-08T19:30Z,,fourfactors_hl25_b2b_carry25_phase_luck_talent_ft_avail_v6,reconstructed,LAL,NYK,63,64,0,0,-14.305,0.46153,NYK,0.53847,,,,,140.0,-166.0,164.0,-198.0,0.3631,dk,110.0,97.0,1.0,5.5,-112.0,-108.0,,,,,,,,,,,,,,,,,,109.0,-154.0,159.0,-199.0,0.36139
401810778,2026-03-08,2026,2026-03-08T22:00Z,,fourfactors_hl25_b2b_carry25_phase_luck_talent_ft_avail_v6,reconstructed,MIA,DET,64,62,0,1,-4.727,0.60642,MIA,0.60642,,,,,105.0,-125.0,-105.0,-115.0,0.48917,dk,121.0,110.0,1.0,1.5,-118.0,-102.0,,,,,,,,,,,,,,,,,,-660.0,-660.0,-107.0,-116.0,0.4901
401810779,2026-03-08,2026,2026-03-08T22:00Z,,fourfactors_hl25_b2b_carry25_phase_luck_talent_ft_avail_v6,reconstructed,TOR,DAL,62,63,0,0,16.954,0.79836,TOR,0.79836,,,,,-410.0,320.0,-395.0,310.0,0.7659,dk,122.0,92.0,1.0,-9.5,-118.0,-102.0,,,,,,,,,,,,,,,,,,-660.0,-660.0,-404.0,331.0,0.785
401810780,2026-03-08,2026,2026-03-08T23:00Z,,fourfactors_hl25_b2b_carry25_phase_luck_talent_ft_avail_v6,reconstructed,NOP,WAS,65,62,0,0,16.546,0.73811,NOP,0.73811,,,,,-360.0,285.0,-535.0,400.0,0.80816,dk,138.0,118.0,1.0,-11.5,-112.0,-108.0,,,,,,,,,,,,,,,,,,-660.0,-660.0,-489.0,425.0,0.82323
401810781,2026-03-08,2026,2026-03-09T00:00Z,,fourfactors_hl25_b2b_carry25_phase_luck_talent_ft_avail_v6,reconstructed,MIL,ORL,62,62,1,1,-9.752,0.46313,ORL,0.53687,,,,,-102.0,-118.0,185.0,-225.0,0.33635,dk,91.0,130.0,0.0,6.5,-115.0,-105.0,,,,,,,,,,,,,,,,,,-660.0,-660.0,166.0,-208.0,0.35149
401810782,2026-03-08,2026,2026-03-09T00:00Z,,fourfactors_hl25_b2b_carry25_phase_luck_talent_ft_avail_v6,reconstructed,SAS,HOU,63,62,0,0,13.057,0.56292,SAS,0.56292,,,,,-180.0,150.0,-230.0,190.0,0.66901,dk,145.0,120.0,1.0,-5.5,-118.0,-102.0,,,,,,,,,,,,,,,,,,-660.0,-660.0,-228.0,181.0,0.66667
401810784,2026-03-08,2026,2026-03-09T01:00Z,,fourfactors_hl25_b2b_carry25_phase_luck_talent_ft_avail_v6,reconstructed,POR,IND,64,63,0,0,13.454,0.67051,POR,0.67051,,,,,-310.0,250.0,-410.0,320.0,0.77151,dk,131.0,111.0,1.0,-9.5,-102.0,-118.0,,,,,,,,,,,,,,,,,,-360.0,229.0,-404.0,331.0,0.785
401810785,2026-03-08,2026,2026-03-09T01:00Z,,fourfactors_hl25_b2b_carry25_phase_luck_talent_ft_avail_v6,reconstructed,SAC,CHI,64,63,0,0,-17.246,0.40281,CHI,0.59719,,,,,142.0,-170.0,170.0,-205.0,0.35527,dk,126.0,110.0,1.0,4.5,-110.0,-110.0,,,,,,,,,,,,,,,,,,101.0,-131.0,159.0,-191.0,0.365
401810783,2026-03-08,2026,2026-03-09T02:00Z,,fourfactors_hl25_b2b_carry25_phase_luck_talent_ft_avail_v6,reconstructed,PHO,CHO,63,64,0,0,-13.841,0.3619,CHO,0.6381,,,,,136.0,-162.0,170.0,-205.0,0.35527,dk,111.0,99.0,1.0,4.5,-105.0,-115.0,,,,,,,,,,,,,,,,,,124.0,-148.0,166.0,-199.0,0.355
401810786,2026-03-09,2026,2026-03-09T23:00Z,,fourfactors_hl25_b2b_carry25_phase_luck_talent_ft_avail_v6,reconstructed,CLE,PHI,64,63,1,0,19.983,0.81221,CLE,0.81221,,,,,-485.0,370.0,-850.0,575.0,0.85794,dk,115.0,101.0,1.0,-14.5,-105.0,-115.0,,,,,,,,,,,,,,,,,,-660.0,-660.0,-719.0,625.0,0.87374
401810787,2026-03-09,2026,2026-03-09T23:30Z,,fourfactors_hl25_b2b_carry25_phase_luck_talent_ft_avail_v6,reconstructed,BRK,MEM,63,62,0,0,-25.579,0.41033,MEM,0.58967,,,,,-108.0,-112.0,-122.0,102.0,0.52609,dk,126.0,115.0,1.0,-1.5,-110.0,-110.0,,,,,,,,,,,,,,,,,,-660.0,-660.0,-121.0,-103.0,0.5198
401810788,2026-03-09,2026,2026-03-09T23:30Z,,fourfactors_hl25_b2b_carry25_phase_luck_talent_ft_avail_v6,reconstructed,OKC,DEN,65,64,0,0,17.965,0.57917,OKC,0.57917,,,,,-298.0,240.0,-155.0,130.0,0.58299,dk,129.0,126.0,1.0,-3.5,-112.0,-108.0,,,,,,,,,,,,,,,,,,-660.0,-660.0,-154.0,134.0,0.59091
401810789,2026-03-09,2026,2026-03-10T01:00Z,,fourfactors_hl25_b2b_carry25_phase_luck_talent_ft_avail_v6,reconstructed,UTA,GSW,64,63,0,0,-24.782,0.39001,GSW,0.60999,,,,,170.0,-205.0,215.0,-265.0,0.30423,dk,119.0,116.0,1.0,6.5,-110.0,-110.0,,,,,,,,,,,,,,,,,,-525.0,-564.0,218.0,-263.0,0.295
401810790,2026-03-09,2026,2026-03-10T02:00Z,,fourfactors_hl25_b2b_carry25_phase_luck_talent_ft_avail_v6,reconstructed,LAC,NYK,63,65,0,1,-14.025,0.49869,NYK,0.50131,,,,,105.0,-125.0,110.0,-130.0,0.45726,dk,126.0,118.0,1.0,1.5,-108.0,-112.0,,,,,,,,,,,,,,,,,,-525.0,-458.0,105.0,-126.0,0.465
401810791,2026-03-10,2026,2026-03-10T23:00Z,,fourfactors_hl25_b2b_carry25_phase_luck_talent_ft_avail_v6,reconstructed,PHI,MEM,64,63,1,1,1.498,0.57282,PHI,0.57282,,,,,-218.0,180.0,-192.0,160.0,0.63094,dk,139.0,129.0,1.0,-4.5,-110.0,-110.0,,,,,,,,,,,,,,,,,,-381.0,280.0,-183.0,152.0,0.625
401810792,2026-03-10,2026,2026-03-10T23:30Z,,fourfactors_hl25_b2b_carry25_phase_luck_talent_ft_avail_v6,reconstructed,BRK,DET,64,63,1,0,-46.353,0.13483,DET,0.86517,,,,,650.0,-1000.0,700.0,-1100.0,0.12,dk,100.0,138.0,0.0,15.5,-118.0,-102.0,,,,,,,,,,,,,,,,,,398.0,-564.0,841.0,-1087.0,0.095
401810793,2026-03-10,2026,2026-03-10T23:30Z,,fourfactors_hl25_b2b_carry25_phase_luck_talent_ft_avail_v6,reconstructed,MIA,WAS,65,63,0,0,39.654,0.85284,MIA,0.85284,,,,,-1200.0,750.0,-1200.0,750.0,0.88696,dk,150.0,129.0,1.0,-15.5,-115.0,-105.0,,,,,,,,,,,,,,,,,,-660.0,425.0,-1087.0,841.0,0.905
401810794,2026-03-10,2026,2026-03-10T23:30Z,,fourfactors_hl25_b2b_carry25_phase_luck_talent_ft_avail_v6,reconstructed,ATL,DAL,64,64,0,0,20.171,0.73285,ATL,0.73285,,,,,-360.0,285.0,-425.0,330.0,0.77683,dk,124.0,112.0,1.0,-9.5,-115.0,-105.0,,,,,,,,,,,,,,,,,,-340.0,266.0,-404.0,331.0,0.785
401810795,2026-03-10,2026,2026-03-11T00:00Z,,fourfactors_hl25_b2b_carry25_phase_luck_talent_ft_avail_v6,reconstructed,HOU,TOR,63,63,0,0,-0.777,0.67134,HOU,0.67134,,,,,-218.0,180.0,-192.0,160.0,0.63094,dk,113.0,99.0,1.0,-4.5,-108.0,-112.0,,,,,,,,,,,,,,,,,,-263.0,181.0,-191.0,159.0,0.635
401810796,2026-03-10,2026,2026-03-11T00:00Z,,fourfactors_hl25_b2b_carry25_phase_luck_talent_ft_avail_v6,reconstructed,MIL,PHO,63,64,0,0,-14.18,0.41371,PHO,0.58629,,,,,110.0,-130.0,110.0,-130.0,0.45726,dk,114.0,129.0,0.0,2.5,-120.0,100.0,,,,,,,,,,,,,,,,,,105.0,-154.0,109.0,-131.0,0.455
401810797,2026-03-10,2026,2026-03-11T00:00Z,,fourfactors_hl25_b2b_carry25_phase_luck_talent_ft_avail_v6,reconstructed,SAS,BOS,64,64,0,0,4.451,0.53664,SAS,0.53664,,,,,-135.0,114.0,-162.0,136.0,0.59337,dk,125.0,116.0,1.0,-3.5,-115.0,-105.0,,,,,,,,,,,,,,,,,,-154.0,114.0,-154.0,129.0,0.585
401810798,2026-03-10,2026,2026-03-11T02:00Z,,fourfactors_hl25_b2b_carry25_phase_luck_talent_ft_avail_v6,reconstructed,GSW,CHI,64,64,1,0,13.18,0.46795,CHI,0.53205,,,,,-205.0,170.0,-238.0,195.0,0.67503,dk,124.0,130.0,0.0,-6.5,-105.0,-115.0,,,,,,,,,,,,,,,,,,-239.0,166.0,-218.0,181.0,0.665
401810799,2026-03-10,2026,2026-03-11T02:00Z,,fourfactors_hl25_b2b_carry25_phase_luck_talent_ft_avail_v6,reconstructed,POR,CHO,65,65,0,0,-19.52,0.44859,CHO,0.55141,,,,,130.0,-155.0,130.0,-155.0,0.41701,dk,101.0,103.0,0.0,3.5,-118.0,-102.0,,,,,,,,,,,,,,,,,,159.0,-199.0,124.0,-148.0,0.425
401810800,2026-03-10,2026,2026-03-11T02:00Z,,fourfactors_hl25_b2b_carry25_phase_luck_talent_ft_avail_v6,reconstructed,SAC,IND,65,64,0,0,-3.383,0.4354,IND,0.5646,,,,,-162.0,136.0,-162.0,136.0,0.59337,dk,114.0,109.0,1.0,-3.5,-105.0,-115.0,,,,,,,,,,,,,,,,,,-107.0,-137.0,-161.0,129.0,0.58911
401810801,2026-03-10,2026,2026-03-11T03:00Z,,fourfactors_hl25_b2b_carry25_phase_luck_talent_ft_avail_v6,reconstructed,LAL,MIN,64,64,0,0,-5.658,0.43014,MIN,0.56986,,,,,100.0,-120.0,120.0,-142.0,0.43651,dk,120.0,106.0,1.0,2.5,-105.0,-115.0,,,,,,,,,,,,,,,,,,114.0,-137.0,119.0,-142.0,0.435
401810802,2026-03-11,2026,2026-03-11T23:30Z,,fourfactors_hl25_b2b_carry25_phase_luck_talent_ft_avail_v6,reconstructed,ORL,CLE,63,65,0,0,-13.831,0.32508,CLE,0.67492,,,,,114.0,-135.0,130.0,-155.0,0.41701,dk,128.0,122.0,1.0,3.5,-115.0,-105.0,,,,,,,,,,,,,,,,,,159.0,-208.0,134.0,-161.0,0.405
401810803,2026-03-11,2026,2026-03-12T00:00Z,,fourfactors_hl25_b2b_carry25_phase_luck_talent_ft_avail_v6,reconstructed,NOP,TOR,66,64,0,1,-11.737,0.55133,NOP,0.55133,,,,,105.0,-125.0,120.0,-142.0,0.43651,dk,122.0,111.0,1.0,2.5,-110.0,-110.0,,,,,,,,,,,,,,,,,,101.0,-126.0,114.0,-142.0,0.44059
401810804,2026-03-11,2026,2026-03-12T01:00Z,,fourfactors_hl25_b2b_carry25_phase_luck_talent_ft_avail_v6,reconstructed,UTA,NYK,65,66,0,0,-41.576,0.18992,NYK,0.81008,,,,,500.0,-700.0,650.0,-1000.0,0.12791,dk,117.0,134.0,0.0,13.5,-105.0,-115.0,,,,,,,,,,,,,,,,,,490.0,-719.0,685.0,-869.0,0.115
401810805,2026-03-11,2026,2026-03-12T02:00Z,,fourfactors_hl25_b2b_carry25_phase_luck_talent_ft_avail_v6,reconstructed,DEN,HOU,65,64,0,1,-4.176,0.6941,DEN,0.6941,,,,,-218.0,180.0,-265.0,215.0,0.69577,dk,129.0,93.0,1.0,-6.5,-115.0,-105.0,,,,,,,,,,,,,,,,,,-161.0,119.0,-251.0,208.0,0.695
401810806,2026-03-11,2026,2026-03-12T02:00Z,,fourfactors_hl25_b2b_carry25_phase_luck_talent_ft_avail_v6,reconstructed,SAC,CHO,66,66,1,1,-36.453,0.22411,CHO,0.77589,,,,,500.0,-700.0,650.0,-1000.0,0.12791,dk,109.0,117.0,0.0,14.5,-105.0,-115.0,,,,,,,,,,,,,,,,,,574.0,-719.0,685.0,-869.0,0.115
401810807,2026-03-11,2026,2026-03-12T02:30Z,,fourfactors_hl25_b2b_carry25_phase_luck_talent_ft_avail_v6,reconstructed,LAC,MIN,64,65,0,1,-7.275,0.50105,LAC,0.50105,,,,,-115.0,-105.0,-115.0,-105.0,0.51083,dk,153.0,128.0,1.0,-1.5,-105.0,-115.0,,,,,,,,,,,,,,,,,,-126.0,-121.0,-131.0,105.0,0.5396
401810808,2026-03-12,2026,2026-03-12T23:00Z,,fourfactors_hl25_b2b_carry25_phase_luck_talent_ft_avail_v6,reconstructed,DET,PHI,64,65,0,0,24.559,0.81187,DET,0.81187,,,,,-1050.0,675.0,-1050.0,675.0,0.87618,dk,131.0,109.0,1.0,-14.5,-108.0,-112.0,,,,,,,,,,,,,,,,,,-660.0,181.0,-967.0,756.0,0.895
401810809,2026-03-12,2026,2026-03-12T23:00Z,,fourfactors_hl25_b2b_carry25_phase_luck_talent_ft_avail_v6,reconstructed,IND,PHO,65,65,0,0,-26.291,0.31736,PHO,0.68264,,,,,280.0,-355.0,320.0,-410.0,0.22849,dk,108.0,123.0,0.0,9.5,-118.0,-102.0,,,,,,,,,,,,,,,,,,189.0,-263.0,351.0,-430.0,0.205
401810810,2026-03-12,2026,2026-03-12T23:00Z,,fourfactors_hl25_b2b_carry25_phase_luck_talent_ft_avail_v6,reconstructed,ORL,WAS,64,64,1,0,29.936,0.79031,ORL,0.79031,,,,,-1000.0,650.0,-950.0,625.0,0.86772,dk,136.0,131.0,1.0,-14.5,100.0,-120.0,,,,,,,,,,,,,,,,,,-660.0,456.0,-967.0,756.0,0.89447
401810811,2026-03-12,2026,2026-03-12T23:30Z,,fourfactors_hl25_b2b_carry25_phase_luck_talent_ft_avail_v6,reconstructed,ATL,BRK,65,65,0,0,37.771,0.81861,ATL,0.81861,,,,,-800.0,550.0,-1200.0,750.0,0.88696,dk,108.0,97.0,1.0,-15.5,-110.0,-110.0,,,,,,,,,,,,,,,,,,-660.0,105.0,-1236.0,945.0,0.915
401810812,2026-03-12,2026,2026-03-12T23:30Z,,fourfactors_hl25_b2b_carry25_phase_luck_talent_ft_avail_v6,reconstructed,MIA,MIL,66,64,0,0,29.07,0.62003,MIA,0.62003,,,,,-230.0,190.0,-218.0,180.0,0.65748,dk,112.0,105.0,1.0,-5.5,-108.0,-112.0,,,,,,,,,,,,,,,,,,-609.0,-609.0,-228.0,189.0,0.67839
401810966,2026-03-12,2026,2026-03-13T00:00Z,,fourfactors_hl25_b2b_carry25_phase_luck_talent_ft_avail_v6,reconstructed,MEM,DAL,64,65,0,0,7.735,0.52266,MEM,0.52266,,,,,145.0,-175.0,180.0,-218.0,0.34252,dk,112.0,120.0,0.0,5.5,-112.0,-108.0,,,,,,,,,,,,,,,,,,-148.0,-525.0,173.0,-208.0,0.345
401810813,2026-03-12,2026,2026-03-13T01:00Z,,fourfactors_hl25_b2b_carry25_phase_luck_talent_ft_avail_v6,reconstructed,SAS,DEN,65,66,0,1,18.634,0.58865,SAS,0.58865,,,,,-185.0,154.0,-155.0,130.0,0.58299,dk,131.0,136.0,0.0,-3.5,-108.0,-112.0,,,,,,,,,,,,,,,,,,-489.0,134.0,-148.0,119.0,0.57214
401810814,2026-03-12,2026,2026-03-13T01:30Z,,fourfactors_hl25_b2b_carry25_phase_luck_talent_ft_avail_v6,reconstructed,OKC,BOS,66,65,0,0,2.483,0.64982,OKC,0.64982,,,,,-238.0,195.0,-345.0,275.0,0.74407,dk,104.0,102.0,1.0,-8.5,-110.0,-110.0,,,,,,,,,,,,,,,,,,-660.0,-660.0,-340.0,266.0,0.74752
401810815,2026-03-12,2026,2026-03-13T02:30Z,,fourfactors_hl25_b2b_carry25_phase_luck_talent_ft_avail_v6,reconstructed,LAL,CHI,65,65,0,0,20.726,0.79494,LAL,0.79494,,,,,-500.0,380.0,-575.0,425.0,0.81726,dk,142.0,130.0,1.0,-10.5,-115.0,-105.0,,,,,,,,,,,,,,,,,,-660.0,-609.0,-564.0,425.0,0.82673
401810816,2026-03-13,2026,2026-03-13T23:30Z,,fourfactors_hl25_b2b_carry25_phase_luck_talent_ft_avail_v6,reconstructed,DET,MEM,65,65,1,1,29.013,0.8403,DET,0.8403,,,,,-1200.0,750.0,-1600.0,900.0,0.90395,dk,126.0,110.0,1.0,-16.5,-110.0,-110.0,,,,,,,,,,,,,,,,,,-489.0,351.0,-1236.0,945.0,0.915
401810817,2026-03-13,2026,2026-03-13T23:30Z,,fourfactors_hl25_b2b_carry25_phase_luck_talent_ft_avail_v6,reconstructed,IND,NYK,66,67,1,0,-43.445,0.20593,NYK,0.79407,,,,,525.0,-750.0,490.0,-675.0,0.1629,dk,92.0,101.0,0.0,12.5,-110.0,-110.0,,,,,,,,,,,,,,,,,,574.0,-719.0,529.0,-660.0,0.145
401810818,2026-03-13,2026,2026-03-13T23:30Z,,fourfactors_hl25_b2b_carry25_phase_luck_talent_ft_avail_v6,reconstructed,TOR,PHO,65,66,0,1,1.214,0.7432,TOR,0.7432,,,,,-162.0,136.0,-205.0,170.0,0.64473,dk,122.0,115.0,1.0,-5.5,-112.0,-108.0,,,,,,,,,,,,,,,,,,-228.0,159.0,-199.0,166.0,0.645
401810820,2026-03-13,2026,2026-03-13T23:30Z,,fourfactors_hl25_b2b_carry25_phase_luck_talent_ft_avail_v6,reconstructed,DAL,CLE,66,66,1,0,-29.566,0.13874,CLE,0.86126,,,,,455.0,-625.0,500.0,-700.0,0.16,dk,105.0,138.0,0.0,13.5,-118.0,-102.0,,,,,,,,,,,,,,,,,,373.0,-564.0,529.0,-660.0,0.145
401810819,2026-03-13,2026,2026-03-14T00:00Z,,fourfactors_hl25_b2b_carry25_phase_luck_talent_ft_avail_v6,reconstructed,HOU,NOP,65,67,0,0,8.853,0.73331,HOU,0.73331,,,,,-258.0,210.0,-225.0,185.0,0.66365,dk,107.0,105.0,1.0,-5.5,-112.0,-108.0,,,,,,,,,,,,,,,,,,-458.0,331.0,-239.0,198.0,0.685
401810821,2026-03-13,2026,2026-03-14T02:00Z,,fourfactors_hl25_b2b_carry25_phase_luck_talent_ft_avail_v6,reconstructed,GSW,MIN,65,66,0,0,-9.225,0.31453,MIN,0.68547,,,,,195.0,-238.0,170.0,-205.0,0.35527,dk,117.0,127.0,0.0,4.5,-105.0,-115.0,,,,,,,,,,,,,,,,,,152.0,-228.0,166.0,-199.0,0.355
401810822,2026-03-13,2026,2026-03-14T02:00Z,,fourfactors_hl25_b2b_carry25_phase_luck_talent_ft_avail_v6,reconstructed,POR,UTA,66,66,0,0,15.314,0.79752,POR,0.79752,,,,,-750.0,525.0,-1200.0,750.0,0.88696,dk,124.0,114.0,1.0,-15.5,-115.0,-105.0,,,,,,,,,,,,,,,,,,-489.0,351.0,-1087.0,756.0,0.89552
401810823,2026-03-13,2026,2026-03-14T02:30Z,,fourfactors_hl25_b2b_carry25_phase_luck_talent_ft_avail_v6,reconstructed,LAC,CHI,65,66,0,1,20.247,0.7686,LAC,0.7686,,,,,-485.0,370.0,-850.0,575.0,0.85794,dk,119.0,108.0,1.0,-13.5,-110.0,-110.0,,,,,,,,,,,,,,,,,,-489.0,351.0,-719.0,574.0,0.865
401810824,2026-03-14,2026,2026-03-14T17:00Z,,fourfactors_hl25_b2b_carry25_phase_luck_talent_ft_avail_v6,reconstructed,PHI,BRK,66,66,0,0,25.88,0.74072,PHI,0.74072,,,,,-410.0,320.0,-380.0,300.0,0.76,dk,104.0,97.0,1.0,-8.5,-110.0,-110.0,,,,,,,,,,,,,,,,,,-660.0,-719.0,-381.0,313.0,0.775
401810825,2026-03-14,2026,2026-03-14T19:00Z,,fourfactors_hl25_b2b_carry25_phase_luck_talent_ft_avail_v6,reconstructed,ATL,MIL,66,65,0,0,20.903,0.56694,ATL,0.56694,,,,,-278.0,225.0,-500.0,380.0,0.8,dk,122.0,99.0,1.0,-11.5,-105.0,-115.0,,,,,,,,,,,,,,,,,,-719.0,-719.0,-489.0,398.0,0.815
401810828,2026-03-14,2026,2026-03-14T19:30Z,,fourfactors_hl25_b2b_carry25_phase_luck_talent_ft_avail_v6,reconstructed,SAS,CHO,66,67,0,0,13.802,0.65942,SAS,0.65942,,,,,-205.0,170.0,-245.0,200.0,0.68056,dk,115.0,102.0,1.0,-6.5,-102.0,-118.0,,,,,,,,,,,,,,,,,,-430.0,-719.0,-251.0,198.0,0.68812
401810826,2026-03-14,2026,2026-03-14T22:00Z,,fourfactors_hl25_b2b_carry25_phase_luck_talent_ft_avail_v6,reconstructed,BOS,WAS,66,65,0,0,44.132,0.86924,BOS,0.86924,,,,,-2100.0,1100.0,-2400.0,1200.0,0.92582,dk,111.0,100.0,1.0,-20.5,-110.0,-110.0,,,,,,,,,,,,,,,,,,-1087.0,685.0,-2580.0,1775.0,0.955
401810827,2026-03-14,2026,2026-03-15T00:00Z,,fourfactors_hl25_b2b_carry25_phase_luck_talent_ft_avail_v6,reconstructed,MIA,ORL,67,65,0,0,11.831,0.63075,MIA,0.63075,,,,,-142.0,120.0,-185.0,154.0,0.62247,dk,117.0,121.0,0.0,-4.5,-112.0,-108.0,,,,,,,,,,,,,,,,,,-142.0,101.0,-183.0,152.0,0.625
401810829,2026-03-14,2026,2026-03-15T00:30Z,,fourfactors_hl25_b2b_carry25_phase_luck_talent_ft_avail_v6,reconstructed,LAL,DEN,66,67,0,0,5.029,0.55697,LAL,0.55697,,,,,102.0,-122.0,102.0,-122.0,0.47391,dk,127.0,125.0,1.0,1.5,-105.0,-115.0,,,,,,,,,,,,,,,,,,-107.0,-121.0,105.0,-131.0,0.4604
401810830,2026-03-14,2026,2026-03-15T02:30Z,,fourfactors_hl25_b2b_carry25_phase_luck_talent_ft_avail_v6,reconstructed,LAC,SAC,66,67,1,0,34.305,0.75717,LAC,0.75717,,,,,-750.0,525.0,-950.0,625.0,0.86772,dk,109.0,118.0,0.0,-13.5,-115.0,-105.0,,,,,,,,,,,,,,,,,,-525.0,398.0,-869.0,685.0,0.885
401810831,2026-03-15,2026,2026-03-15T17:00Z,,fourfactors_hl25_b2b_carry25_phase_luck_talent_ft_avail_v6,reconstructed,OKC,MIN,67,67,0,0,9.924,0.71434,OKC,0.71434,,,,,-340.0,270.0,-380.0,300.0,0.76,dk,116.0,103.0,1.0,-8.5,-118.0,-102.0,,,,,,,,,,,,,,,,,,-306.0,240.0,-381.0,296.0,0.76733
401810832,2026-03-15,2026,2026-03-15T19:30Z,,fourfactors_hl25_b2b_carry25_phase_luck_talent_ft_avail_v6,reconstructed,CLE,DAL,67,67,0,0,35.711,0.90218,CLE,0.90218,,,,,-1450.0,850.0,-1200.0,750.0,0.88696,dk,120.0,130.0,0.0,-14.5,-112.0,-108.0,,,,,,,,,,,,,,,,,,-719.0,-719.0,-967.0,756.0,0.895
401810833,2026-03-15,2026,2026-03-15T19:30Z,,fourfactors_hl25_b2b_carry25_phase_luck_talent_ft_avail_v6,reconstructed,TOR,DET,66,66,0,0,-17.366,0.47873,DET,0.52127,,,,,145.0,-175.0,130.0,-155.0,0.41701,dk,119.0,108.0,1.0,3.5,-118.0,-102.0,,,,,,,,,,,,,,,,,,-719.0,-719.0,129.0,-154.0,0.415
401810834,2026-03-15,2026,2026-03-15T19:30Z,,fourfactors_hl25_b2b_carry25_phase_luck_talent_ft_avail_v6,reconstructed,MIL,IND,66,67,1,0,8.75,0.55576,MIL,0.55576,,,,,-258.0,210.0,-298.0,240.0,0.71797,dk,134.0,123.0,1.0,-7.5,-115.0,-105.0,,,,,,,,,,,,,,,,,,-719.0,-719.0,-306.0,252.0,0.735
401810835,2026-03-15,2026,2026-03-15T22:00Z,,fourfactors_hl25_b2b_carry25_phase_luck_talent_ft_avail_v6,reconstructed,PHI,POR,67,67,1,0,1.856,0.34193,POR,0.65807,,,,,205.0,-250.0,270.0,-340.0,0.25913,dk,109.0,103.0,1.0,8.5,-115.0,-105.0,,,,,,,,,,,,,,,,,,119.0,-168.0,266.0,-340.0,0.25248
401810836,2026-03-15,2026,2026-03-16T00:00Z,,fourfactors_hl25_b2b_carry25_phase_luck_talent_ft_avail_v6,reconstructed,NYK,GSW,68,66,0,0,19.478,0.77343,NYK,0.77343,,,,,-675.0,490.0,-950.0,625.0,0.86772,dk,110.0,107.0,1.0,-14.5,-115.0,-105.0,,,,,,,,,,,,,,,,,,-430.0,166.0,-788.0,625.0,0.875
401810837,2026-03-15,2026,2026-03-16T02:00Z,,fourfactors_hl25_b2b_carry25_phase_luck_talent_ft_avail_v6,reconstructed,SAC,UTA,68,67,1,0,0.606,0.52033,SAC,0.52033,,,,,-142.0,120.0,-162.0,136.0,0.59337,dk,116.0,111.0,1.0,-3.5,-110.0,-110.0,,,,,,,,,,,,,,,,,,124.0,-161.0,-161.0,134.0,0.595
401810838,2026-03-16,2026,2026-03-16T23:00Z,,fourfactors_hl25_b2b_carry25_phase_luck_talent_ft_avail_v6,reconstructed,ATL,ORL,67,66,0,0,5.807,0.62231,ATL,0.62231,,,,,-110.0,-110.0,-155.0,130.0,0.58299,dk,124.0,112.0,1.0,-3.5,-108.0,-112.0,,,,,,,,,,,,,,,,,,-719.0,-112.0,-161.0,129.0,0.58911
401810839,2026-03-16,2026,2026-03-16T23:00Z,,fourfactors_hl25_b2b_carry25_phase_luck_talent_ft_avail_v6,reconstructed,WAS,GSW,66,67,0,1,-26.058,0.449,GSW,0.551,,,,,240.0,-298.0,250.0,-310.0,0.27425,dk,117.0,125.0,0.0,7.5,-110.0,-110.0,,,,,,,,,,,,,,,,,,-660.0,-381.0,252.0,-322.0,0.26368
401810840,2026-03-16,2026,2026-03-16T23:30Z,,fourfactors_hl25_b2b_carry25_phase_luck_talent_ft_avail_v6,reconstructed,BRK,POR,67,68,0,1,-24.988,0.30994,POR,0.69006,,,,,400.0,-535.0,390.0,-520.0,0.19571,dk,95.0,114.0,0.0,10.5,-105.0,-115.0,,,,,,,,,,,,,,,,,,-116.0,-609.0,398.0,-489.0,0.185
401810841,2026-03-16,2026,2026-03-16T23:30Z,,fourfactors_hl25_b2b_carry25_phase_luck_talent_ft_avail_v6,reconstructed,BOS,PHO,67,67,0,0,14.388,0.78209,BOS,0.78209,,,,,-395.0,310.0,-375.0,295.0,0.75719,dk,120.0,112.0,1.0,-8.5,-115.0,-105.0,,,,,,,,,,,,,,,,,,-306.0,218.0,-381.0,313.0,0.775
401810842,2026-03-16,2026,2026-03-17T00:00Z,,fourfactors_hl25_b2b_carry25_phase_luck_talent_ft_avail_v6,reconstructed,CHI,MEM,67,66,0,0,-3.047,0.57807,CHI,0.57807,,,,,-192.0,160.0,-278.0,225.0,0.70503,dk,132.0,107.0,1.0,-7.5,-105.0,-115.0,,,,,,,,,,,,,,,,,,-322.0,-112.0,-276.0,229.0,0.715
401810843,2026-03-16,2026,2026-03-17T00:00Z,,fourfactors_hl25_b2b_carry25_phase_luck_talent_ft_avail_v6,reconstructed,NOP,DAL,68,68,0,1,11.296,0.77558,NOP,0.77558,,,,,-298.0,240.0,-340.0,270.0,0.74087,dk,129.0,111.0,1.0,-8.5,-115.0,-105.0,,,,,,,,,,,,,,,,,,-525.0,-660.0,-322.0,266.0,0.745
401810844,2026-03-16,2026,2026-03-17T01:30Z,,fourfactors_hl25_b2b_carry25_phase_luck_talent_ft_avail_v6,reconstructed,HOU,LAL,66,67,0,0,-7.853,0.42071,LAL,0.57929,,,,,-115.0,-105.0,-102.0,-118.0,0.48264,dk,92.0,100.0,0.0,1.5,-118.0,-102.0,,,,,,,,,,,,,,,,,,-116.0,114.0,-103.0,-116.0,0.485
401810845,2026-03-16,2026,2026-03-17T02:00Z,,fourfactors_hl25_b2b_carry25_phase_luck_talent_ft_avail_v6,reconstructed,LAC,SAS,67,67,0,0,-16.403,0.43308,SAS,0.56692,,,,,210.0,-258.0,270.0,-340.0,0.25913,dk,115.0,119.0,0.0,8.5,-120.0,100.0,,,,,,,,,,,,,,,,,,119.0,-168.0,280.0,-340.0,0.245
401810846,2026-03-17,2026,2026-03-17T23:00Z,,fourfactors_hl25_b2b_carry25_phase_luck_talent_ft_avail_v6,reconstructed,CHO,MIA,68,68,0,0,-5.697,0.53406,CHO,0.53406,,,,,-162.0,136.0,-205.0,170.0,0.64473,dk,136.0,106.0,1.0,-5.5,-105.0,-115.0,,,,,,,,,,,,,,,,,,-660.0,-609.0,-208.0,166.0,0.64851
401810847,2026-03-17,2026,2026-03-17T23:00Z,,fourfactors_hl25_b2b_carry25_phase_luck_talent_ft_avail_v6,reconstructed,ORL,OKC,67,68,1,0,-20.864,0.15246,OKC,0.84754,,,,,320.0,-410.0,350.0,-455.0,0.21326,dk,108.0,113.0,0.0,9.5,-102.0,-118.0,,,,,,,,,,,,,,,,,,296.0,-525.0,351.0,-458.0,0.20297
401810848,2026-03-17,2026,2026-03-17T23:00Z,,fourfactors_hl25_b2b_carry25_phase_luck_talent_ft_avail_v6,reconstructed,WAS,DET,67,67,1,0,-47.181,0.10299,DET,0.89701,,,,,950.0,-1650.0,1100.0,-2100.0,0.08029,dk,117.0,130.0,0.0,19.5,-112.0,-108.0,,,,,,,,,,,,,,,,,,-660.0,-660.0,1464.0,-2042.0,0.055
401810849,2026-03-17,2026,2026-03-17T23:30Z,,fourfactors_hl25_b2b_carry25_phase_luck_talent_ft_avail_v6,reconstructed,NYK,IND,69,68,0,0,44.184,0.84457,NYK,0.84457,,,,,-900.0,600.0,-800.0,550.0,0.85246,dk,136.0,110.0,1.0,-13.5,-112.0,-108.0,,,,,,,,,,,,,,,,,,-1087.0,685.0,-788.0,574.0,0.86634
401810850,2026-03-17,2026,2026-03-18T00:00Z,,fourfactors_hl25_b2b_carry25_phase_luck_talent_ft_avail_v6,reconstructed,MIL,CLE,67,68,0,0,-30.822,0.18821,CLE,0.81179,,,,,310.0,-395.0,455.0,-625.0,0.17288,dk,116.0,123.0,0.0,12.5,-110.0,-110.0,,,,,,,,,,,,,,,,,,109.0,-458.0,456.0,-609.0,0.16337
401810851,2026-03-17,2026,2026-03-18T00:00Z,,fourfactors_hl25_b2b_carry25_phase_luck_talent_ft_avail_v6,reconstructed,MIN,PHO,68,68,0,1,7.999,0.77556,MIN,0.77556,,,,,-198.0,164.0,-170.0,142.0,0.60376,dk,116.0,104.0,1.0,-3.5,-110.0,-110.0,,,,,,,,,,,,,,,,,,-404.0,280.0,-154.0,129.0,0.585
401810852,2026-03-17,2026,2026-03-18T02:00Z,,fourfactors_hl25_b2b_carry25_phase_luck_talent_ft_avail_v6,reconstructed,DEN,PHI,68,68,0,0,9.846,0.85677,DEN,0.85677,,,,,-1100.0,700.0,-1200.0,750.0,0.88696,dk,124.0,96.0,1.0,-15.5,-105.0,-115.0,,,,,,,,,,,,,,,,,,-609.0,456.0,-1087.0,756.0,0.89604
401810853,2026-03-17,2026,2026-03-18T02:00Z,,fourfactors_hl25_b2b_carry25_phase_luck_talent_ft_avail_v6,reconstructed,SAC,SAS,69,68,0,1,-46.867,0.23506,SAS,0.76494,,,,,675.0,-1050.0,575.0,-850.0,0.14206,dk,104.0,132.0,0.0,13.5,-115.0,-105.0,,,,,,,,,,,,,,,,,,529.0,-788.0,574.0,-788.0,0.13366
401810854,2026-03-18,2026,2026-03-18T23:00Z,,fourfactors_hl25_b2b_carry25_phase_luck_talent_ft_avail_v6,reconstructed,BOS,GSW,68,68,0,0,17.465,0.8183,BOS,0.8183,,,,,-600.0,440.0,-625.0,455.0,0.82712,dk,120.0,99.0,1.0,-11.5,-112.0,-108.0,,,,,,,,,,,,,,,,,,-660.0,-609.0,-564.0,490.0,0.84343
401810855,2026-03-18,2026,2026-03-18T23:30Z,,fourfactors_hl25_b2b_carry25_phase_luck_talent_ft_avail_v6,reconstructed,BRK,OKC,68,69,0,1,-53.842,0.10701,OKC,0.89299,,,,,1200.0,-2400.0,1200.0,-2400.0,0.07418,dk,92.0,121.0,0.0,19.5,-115.0,-105.0,,,,,,,,,,,,,,,,,,490.0,-788.0,1775.0,-2580.0,0.045
401810856,2026-03-18,2026,2026-03-18T23:30Z,,fourfactors_hl25_b2b_carry25_phase_luck_talent_ft_avail_v6,reconstructed,IND,POR,69,69,1,0,-21.525,0.32877,POR,0.67123,,,,,360.0,-470.0,490.0,-675.0,0.1629,dk,119.0,127.0,0.0,11.5,-108.0,-112.0,,,,,,,,,,,,,,,,,,331.0,-564.0,529.0,-609.0,0.14646
401810857,2026-03-18,2026,2026-03-19T00:00Z,,fourfactors_hl25_b2b_carry25_phase_luck_talent_ft_avail_v6,reconstructed,CHI,TOR,68,67,0,0,-15.791,0.36441,TOR,0.63559,,,,,235.0,-290.0,235.0,-290.0,0.28645,dk,109.0,139.0,0.0,7.5,-112.0,-108.0,,,,,,,,,,,,,,,,,,-103.0,-322.0,252.0,-306.0,0.265
401810859,2026-03-18,2026,2026-03-19T00:00Z,,fourfactors_hl25_b2b_carry25_phase_luck_talent_ft_avail_v6,reconstructed,MIN,UTA,69,68,1,0,34.241,0.78193,MIN,0.78193,,,,,-650.0,470.0,-800.0,550.0,0.85246,dk,147.0,111.0,1.0,-12.5,-115.0,-105.0,,,,,,,,,,,,,,,,,,-564.0,373.0,-788.0,625.0,0.875
401810860,2026-03-18,2026,2026-03-19T00:00Z,,fourfactors_hl25_b2b_carry25_phase_luck_talent_ft_avail_v6,reconstructed,NOP,LAC,69,68,0,0,-10.748,0.49201,LAC,0.50799,,,,,-125.0,105.0,110.0,-130.0,0.45726,dk,124.0,109.0,1.0,2.5,-115.0,-105.0,,,,,,,,,,,,,,,,,,-112.0,-103.0,109.0,-131.0,0.455
401810861,2026-03-18,2026,2026-03-19T00:30Z,,fourfactors_hl25_b2b_carry25_phase_luck_talent_ft_avail_v6,reconstructed,DAL,ATL,69,68,0,0,-26.331,0.27349,ATL,0.72651,,,,,330.0,-425.0,260.0,-325.0,0.26646,dk,120.0,135.0,0.0,8.5,-118.0,-102.0,,,,,,,,,,,,,,,,,,-660.0,-381.0,266.0,-322.0,0.255
401858693,2026-03-18,2026,2026-03-19T00:30Z,,fourfactors_hl25_b2b_carry25_phase_luck_talent_ft_avail_v6,reconstructed,MEM,DEN,67,69,0,1,-18.875,0.23258,DEN,0.76742,,,,,500.0,-700.0,525.0,-750.0,0.1535,dk,125.0,118.0,1.0,12.5,-112.0,-108.0,,,,,,,,,,,,,,,,,,-660.0,-660.0,625.0,-788.0,0.125
401810862,2026-03-18,2026,2026-03-19T01:30Z,,fourfactors_hl25_b2b_carry25_phase_luck_talent_ft_avail_v6,reconstructed,HOU,LAL,67,68,0,0,-8.996,0.36261,LAL,0.63739,,,,,-122.0,102.0,-130.0,110.0,0.54274,dk,116.0,124.0,0.0,-1.5,-118.0,-102.0,,,,,,,,,,,,,,,,,,-137.0,129.0,-131.0,109.0,0.545
401810863,2026-03-19,2026,2026-03-19T23:00Z,,fourfactors_hl25_b2b_carry25_phase_luck_talent_ft_avail_v6,reconstructed,CHO,ORL,69,68,0,0,10.623,0.63941,CHO,0.63941,,,,,-180.0,150.0,-225.0,185.0,0.66365,dk,130.0,111.0,1.0,-5.5,-115.0,-105.0,,,,,,,,,,,,,,,,,,-199.0,152.0,-228.0,189.0,0.675
401810864,2026-03-19,2026,2026-03-19T23:00Z,,fourfactors_hl25_b2b_carry25_phase_luck_talent_ft_avail_v6,reconstructed,WAS,DET,68,68,0,0,-47.715,0.15943,DET,0.84057,,,,,750.0,-1200.0,750.0,-1200.0,0.11304,dk,95.0,117.0,0.0,14.5,-112.0,-108.0,,,,,,,,,,,,,,,,,,945.0,-1087.0,756.0,-967.0,0.105
401810865,2026-03-19,2026,2026-03-20T00:00Z,,fourfactors_hl25_b2b_carry25_phase_luck_talent_ft_avail_v6,reconstructed,MIA,LAL,69,69,0,1,-1.129,0.51224,MIA,0.51224,,,,,-130.0,110.0,-148.0,124.0,0.57206,dk,126.0,134.0,0.0,-3.5,-105.0,-115.0,,,,,,,,,,,,,,,,,,-148.0,-660.0,-148.0,124.0,0.575
401810866,2026-03-19,2026,2026-03-20T00:00Z,,fourfactors_hl25_b2b_carry25_phase_luck_talent_ft_avail_v6,reconstructed,CHI,CLE,69,69,1,0,-29.277,0.17815,CLE,0.82185,,,,,525.0,-750.0,370.0,-485.0,0.20422,dk,110.0,115.0,0.0,9.5,-110.0,-110.0,,,,,,,,,,,,,,,,,,296.0,-458.0,373.0,-458.0,0.195
401810867,2026-03-19,2026,2026-03-20T00:00Z,,fourfactors_hl25_b2b_carry25_phase_luck_talent_ft_avail_v6,reconstructed,NOP,LAC,70,69,1,1,-8.887,0.51102,NOP,0.51102,,,,,-120.0,100.0,-166.0,140.0,0.59964,dk,105.0,99.0,1.0,-4.5,-108.0,-112.0,,,,,,,,,,,,,,,,,,-107.0,-121.0,-168.0,140.0,0.605
401810868,2026-03-19,2026,2026-03-20T00:00Z,,fourfactors_hl25_b2b_carry25_phase_luck_talent_ft_avail_v6,reconstructed,SAS,PHO,69,69,0,0,25.743,0.8001,SAS,0.8001,,,,,-380.0,300.0,-470.0,360.0,0.79136,dk,101.0,100.0,1.0,-9.5,-110.0,-110.0,,,,,,,,,,,,,,,,,,-430.0,313.0,-458.0,373.0,0.805
401810869,2026-03-19,2026,2026-03-20T01:00Z,,fourfactors_hl25_b2b_carry25_phase_luck_talent_ft_avail_v6,reconstructed,UTA,MIL,69,68,1,0,-11.469,0.39235,MIL,0.60765,,,,,160.0,-192.0,205.0,-250.0,0.31461,dk,128.0,96.0,1.0,5.5,-102.0,-118.0,,,,,,,,,,,,,,,,,,218.0,-251.0,198.0,-239.0,0.315
401810870,2026-03-19,2026,2026-03-20T02:00Z,,fourfactors_hl25_b2b_carry25_phase_luck_talent_ft_avail_v6,reconstructed,SAC,PHI,70,69,0,0,-16.667,0.49359,PHI,0.50641,,,,,136.0,-162.0,124.0,-148.0,0.42794,dk,118.0,139.0,0.0,2.5,-108.0,-112.0,,,,,,,,,,,,,,,,,,-660.0,-183.0,119.0,-142.0,0.435
401810871,2026-03-20,2026,2026-03-20T23:30Z,,fourfactors_hl25_b2b_carry25_phase_luck_talent_ft_avail_v6,reconstructed,BRK,NYK,69,70,0,0,-55.101,0.16222,NYK,0.83778,,,,,1100.0,-2100.0,1100.0,-2100.0,0.08029,dk,92.0,93.0,0.0,18.5,-108.0,-112.0,,,,,,,,,,,,,,,,,,529.0,-719.0,1241.0,-1684.0,0.065
401810872,2026-03-20,2026,2026-03-20T23:30Z,,fourfactors_hl25_b2b_carry25_phase_luck_talent_ft_avail_v6,reconstructed,DET,GSW,69,69,1,0,24.185,0.66694,DET,0.66694,,,,,-238.0,195.0,-238.0,195.0,0.67503,dk,115.0,101.0,1.0,-6.5,-108.0,-112.0,,,,,,,,,,,,,,,,,,-719.0,574.0,-228.0,189.0,0.675
401810873,2026-03-20,2026,2026-03-21T00:00Z,,fourfactors_hl25_b2b_carry25_phase_luck_talent_ft_avail_v6,reconstructed,HOU,ATL,68,69,0,0,-9.519,0.6063,HOU,0.6063,,,,,-166.0,140.0,-148.0,124.0,0.57206,dk,117.0,95.0,1.0,-2.5,-115.0,-105.0,,,,,,,,,,,,,,,,,,-218.0,-251.0,-161.0,129.0,0.58911
401810874,2026-03-20,2026,2026-03-21T00:00Z,,fourfactors_hl25_b2b_carry25_phase_luck_talent_ft_avail_v6,reconstructed,MEM,BOS,68,69,0,0,-27.651,0.19128,BOS,0.80872,,,,,600.0,-900.0,800.0,-1350.0,0.10662,dk,112.0,117.0,0.0,15.5,-110.0,-110.0,,,,,,,,,,,,,,,,,,529.0,-719.0,841.0,-1087.0,0.095
401810875,2026-03-20,2026,2026-03-21T00:00Z,,fourfactors_hl25_b2b_carry25_phase_luck_talent_ft_avail_v6,reconstructed,MIN,POR,70,70,0,0,18.151,0.67056,MIN,0.67056,,,,,-135.0,114.0,-115.0,-105.0,0.51083,dk,104.0,108.0,0.0,-1.5,-105.0,-115.0,,,,,,,,,,,,,,,,,,-183.0,134.0,-107.0,-112.0,0.495
401810876,2026-03-20,2026,2026-03-21T01:00Z,,fourfactors_hl25_b2b_carry25_phase_luck_talent_ft_avail_v6,reconstructed,DEN,TOR,70,68,0,0,0.063,0.64037,DEN,0.64037,,,,,-258.0,210.0,-270.0,220.0,0.70016,dk,121.0,115.0,1.0,-6.5,-112.0,-108.0,,,,,,,,,,,,,,,,,,-719.0,240.0,-263.0,218.0,0.705
401810877,2026-03-21,2026,2026-03-21T21:00Z,,fourfactors_hl25_b2b_carry25_phase_luck_talent_ft_avail_v6,reconstructed,WAS,OKC,69,70,0,0,-50.189,0.07557,OKC,0.92443,,,,,1700.0,-4500.0,1300.0,-2800.0,0.06888,dk,111.0,132.0,0.0,21.5,-110.0,-110.0,,,,,,,,,,,,,,,,,,1241.0,-2042.0,2243.0,-3476.0,0.035
401810878,2026-03-21,2026,2026-03-21T23:00Z,,fourfactors_hl25_b2b_carry25_phase_luck_talent_ft_avail_v6,reconstructed,CHO,MEM,70,69,0,1,22.238,0.84952,CHO,0.84952,,,,,-1200.0,750.0,-1650.0,950.0,0.90826,dk,124.0,101.0,1.0,-18.5,-115.0,-105.0,,,,,,,,,,,,,,,,,,-719.0,456.0,-1428.0,1241.0,0.93434
401810879,2026-03-21,2026,2026-03-21T23:00Z,,fourfactors_hl25_b2b_carry25_phase_luck_talent_ft_avail_v6,reconstructed,ORL,LAL,69,70,0,0,-15.057,0.2994,LAL,0.7006,,,,,120.0,-142.0,130.0,-155.0,0.41701,dk,104.0,105.0,0.0,2.5,-102.0,-118.0,,,,,,,,,,,,,,,,,,-154.0,-142.0,129.0,-154.0,0.415
401810880,2026-03-21,2026,2026-03-21T23:00Z,,fourfactors_hl25_b2b_carry25_phase_luck_talent_ft_avail_v6,reconstructed,NOP,CLE,71,70,0,0,-19.307,0.29979,CLE,0.70021,,,,,170.0,-205.0,170.0,-205.0,0.35527,dk,106.0,111.0,0.0,4.5,-108.0,-112.0,,,,,,,,,,,,,,,,,,114.0,-276.0,166.0,-199.0,0.355
401810881,2026-03-21,2026,2026-03-22T00:00Z,,fourfactors_hl25_b2b_carry25_phase_luck_talent_ft_avail_v6,reconstructed,ATL,GSW,70,70,1,1,11.259,0.71853,ATL,0.71853,,,,,-360.0,285.0,-310.0,250.0,0.72575,dk,126.0,110.0,1.0,-7.5,-110.0,-110.0,,,,,,,,,,,,,,,,,,-660.0,181.0,-322.0,266.0,0.745
401810882,2026-03-21,2026,2026-03-22T00:00Z,,fourfactors_hl25_b2b_carry25_phase_luck_talent_ft_avail_v6,reconstructed,HOU,MIA,69,70,1,0,-7.416,0.52104,HOU,0.52104,,,,,-135.0,114.0,-142.0,120.0,0.56349,dk,123.0,122.0,1.0,-2.5,-112.0,-108.0,,,,,,,,,,,,,,,,,,-218.0,101.0,-142.0,119.0,0.565
401810883,2026-03-21,2026,2026-03-22T00:00Z,,fourfactors_hl25_b2b_carry25_phase_luck_talent_ft_avail_v6,reconstructed,SAS,IND,70,70,0,0,51.325,0.8628,SAS,0.8628,,,,,-1800.0,1000.0,-1600.0,900.0,0.90395,dk,134.0,119.0,1.0,-16.5,-110.0,-110.0,,,,,,,,,,,,,,,,,,-1684.0,945.0,-1236.0,945.0,0.915
401810884,2026-03-21,2026,2026-03-22T00:30Z,,fourfactors_hl25_b2b_carry25_phase_luck_talent_ft_avail_v6,reconstructed,DAL,LAC,70,70,0,0,-24.142,0.34924,LAC,0.65076,,,,,235.0,-290.0,220.0,-270.0,0.29984,dk,131.0,138.0,0.0,7.5,-120.0,100.0,,,,,,,,,,,,,,,,,,218.0,-564.0,218.0,-276.0,0.29208
401810885,2026-03-21,2026,2026-03-22T01:30Z,,fourfactors_hl25_b2b_carry25_phase_luck_talent_ft_avail_v6,reconstructed,UTA,PHI,70,70,0,0,-15.977,0.4693,PHI,0.5307,,,,,220.0,-270.0,185.0,-225.0,0.33635,dk,116.0,126.0,0.0,5.5,-108.0,-112.0,,,,,,,,,,,,,,,,,,-660.0,-609.0,198.0,-239.0,0.315
401810886,2026-03-21,2026,2026-03-22T02:00Z,,fourfactors_hl25_b2b_carry25_phase_luck_talent_ft_avail_v6,reconstructed,PHO,MIL,70,69,0,0,15.983,0.65984,PHO,0.65984,,,,,-485.0,370.0,-600.0,440.0,0.82234,dk,105.0,108.0,0.0,-11.5,-105.0,-115.0,,,,,,,,,,,,,,,,,,-660.0,-609.0,-564.0,456.0,0.835
401810887,2026-03-22,2026,2026-03-22T21:00Z,,fourfactors_hl25_b2b_carry25_phase_luck_talent_ft_avail_v6,reconstructed,DEN,POR,71,71,0,0,11.827,0.79421,DEN,0.79421,,,,,-360.0,285.0,-340.0,270.0,0.74087,dk,128.0,112.0,1.0,-8.5,100.0,-120.0,,,,,,,,,,,,,,,,,,-290.0,208.0,-340.0,280.0,0.755
401810888,2026-03-22,2026,2026-03-22T22:00Z,,fourfactors_hl25_b2b_carry25_phase_luck_talent_ft_avail_v6,reconstructed,SAC,BRK,71,70,0,0,9.675,0.63676,SAC,0.63676,,,,,-185.0,154.0,-250.0,205.0,0.68539,dk,126.0,122.0,1.0,-6.5,-118.0,-102.0,,,,,,,,,,,,,,,,,,-430.0,-719.0,-251.0,198.0,0.68812
401810889,2026-03-22,2026,2026-03-22T23:30Z,,fourfactors_hl25_b2b_carry25_phase_luck_talent_ft_avail_v6,reconstructed,NYK,WAS,71,70,0,1,48.601,0.94469,NYK,0.94469,,,,,-2100.0,1100.0,-3600.0,1500.0,0.93964,dk,145.0,113.0,1.0,-22.5,-108.0,-112.0,,,,,,,,,,,,,,,,,,-869.0,841.0,-2580.0,1775.0,0.955
401810890,2026-03-22,2026,2026-03-23T00:00Z,,fourfactors_hl25_b2b_carry25_phase_luck_talent_ft_avail_v6,reconstructed,BOS,MIN,70,71,0,0,4.953,0.70039,BOS,0.70039,,,,,-380.0,300.0,-440.0,340.0,0.78191,dk,92.0,102.0,0.0,-10.5,-110.0,-110.0,,,,,,,,,,,,,,,,,,-660.0,-660.0,-430.0,331.0,0.78713
401810891,2026-03-22,2026,2026-03-23T01:00Z,,fourfactors_hl25_b2b_carry25_phase_luck_talent_ft_avail_v6,reconstructed,PHO,TOR,71,69,1,0,-5.578,0.30027,TOR,0.69973,,,,,-105.0,-115.0,150.0,-180.0,0.38356,dk,120.0,98.0,1.0,4.5,-110.0,-110.0,,,,,,,,,,,,,,,,,,-112.0,-161.0,146.0,-183.0,0.38119
401810893,2026-03-23,2026,2026-03-23T23:00Z,,fourfactors_hl25_b2b_carry25_phase_luck_talent_ft_avail_v6,reconstructed,DET,LAL,70,71,0,0,8.82,0.46089,LAL,0.53911,,,,,105.0,-125.0,105.0,-125.0,0.46753,dk,113.0,110.0,1.0,1.5,-108.0,-112.0,,,,,,,,,,,,,,,,,,-131.0,-161.0,101.0,-121.0,0.475
401810894,2026-03-23,2026,2026-03-23T23:00Z,,fourfactors_hl25_b2b_carry25_phase_luck_talent_ft_avail_v6,reconstructed,ORL,IND,70,71,0,0,23.584,0.69258,ORL,0.69258,,,,,-700.0,500.0,-535.0,400.0,0.80816,dk,126.0,128.0,0.0,-10.5,-110.0,-110.0,,,,,,,,,,,,,,,,,,-719.0,280.0,-525.0,425.0,0.825
401810895,2026-03-23,2026,2026-03-23T23:00Z,,fourfactors_hl25_b2b_carry25_phase_luck_talent_ft_avail_v6,reconstructed,PHI,OKC,71,71,0,0,-28.861,0.11733,OKC,0.88267,,,,,600.0,-900.0,750.0,-1200.0,0.11304,dk,103.0,123.0,0.0,16.5,-118.0,-102.0,,,,,,,,,,,,,,,,,,756.0,-1087.0,945.0,-1236.0,0.085
401810896,2026-03-23,2026,2026-03-23T23:00Z,,fourfactors_hl25_b2b_carry25_phase_luck_talent_ft_avail_v6,reconstructed,MIA,SAS,71,71,0,0,-15.156,0.45836,SAS,0.54164,,,,,185.0,-225.0,130.0,-155.0,0.41701,dk,111.0,136.0,0.0,3.5,-118.0,-102.0,,,,,,,,,,,,,,,,,,218.0,-239.0,140.0,-168.0,0.395
401810892,2026-03-23,2026,2026-03-23T23:30Z,,fourfactors_hl25_b2b_carry25_phase_luck_talent_ft_avail_v6,reconstructed,ATL,MEM,71,70,0,0,20.158,0.75118,ATL,0.75118,,,,,-700.0,500.0,-900.0,600.0,0.86301,dk,146.0,107.0,1.0,-13.5,-110.0,-110.0,,,,,,,,,,,,,,,,,,-719.0,398.0,-869.0,685.0,0.885
401810897,2026-03-23,2026,2026-03-24T00:00Z,,fourfactors_hl25_b2b_carry25_phase_luck_talent_ft_avail_v6,reconstructed,CHI,HOU,70,70,0,0,-15.489,0.31092,HOU,0.68908,,,,,275.0,-345.0,295.0,-375.0,0.24281,dk,132.0,124.0,1.0,8.5,-102.0,-118.0,,,,,,,,,,,,,,,,,,280.0,-360.0,313.0,-381.0,0.225
401810898,2026-03-23,2026,2026-03-24T01:00Z,,fourfactors_hl25_b2b_carry25_phase_luck_talent_ft_avail_v6,reconstructed,UTA,TOR,71,70,0,1,-26.23,0.38212,TOR,0.61788,,,,,525.0,-750.0,310.0,-395.0,0.2341,dk,127.0,143.0,0.0,8.5,-112.0,-108.0,,,,,,,,,,,,,,,,,,456.0,-719.0,398.0,-489.0,0.185
401810899,2026-03-23,2026,2026-03-24T01:30Z,,fourfactors_hl25_b2b_carry25_phase_luck_talent_ft_avail_v6,reconstructed,DAL,GSW,71,71,0,0,-14.097,0.48494,GSW,0.51506,,,,,114.0,-135.0,114.0,-135.0,0.44856,dk,131.0,137.0,0.0,3.5,-120.0,100.0,,,,,,,,,,,,,,,,,,114.0,-148.0,119.0,-142.0,0.435
401810900,2026-03-23,2026,2026-03-24T02:00Z,,fourfactors_hl25_b2b_carry25_phase_luck_talent_ft_avail_v6,reconstructed,POR,BRK,72,71,1,1,27.764,0.8382,POR,0.8382,,,,,-900.0,600.0,-1100.0,700.0,0.88,dk,134.0,99.0,1.0,-15.5,-112.0,-108.0,,,,,,,,,,,,,,,,,,-719.0,529.0,-1087.0,841.0,0.905
401810901,2026-03-23,2026,2026-03-24T02:30Z,,fourfactors_hl25_b2b_carry25_phase_luck_talent_ft_avail_v6,reconstructed,LAC,MIL,71,70,0,0,22.421,0.83199,LAC,0.83199,,,,,-575.0,425.0,-900.0,600.0,0.86301,dk,129.0,96.0,1.0,-13.5,-118.0,-102.0,,,,,,,,,,,,,,,,,,-719.0,280.0,-788.0,625.0,0.875
401810902,2026-03-24,2026,2026-03-24T23:00Z,,fourfactors_hl25_b2b_carry25_phase_luck_talent_ft_avail_v6,reconstructed,CHO,SAC,71,72,0,0,36.906,0.85264,CHO,0.85264,,,,,-1350.0,800.0,-1800.0,1000.0,0.91244,dk,134.0,90.0,1.0,-18.5,-105.0,-115.0,,,,,,,,,,,,,,,,,,-719.0,280.0,-1684.0,1241.0,0.935
401810903,2026-03-24,2026,2026-03-24T23:30Z,,fourfactors_hl25_b2b_carry25_phase_luck_talent_ft_avail_v6,reconstructed,NYK,NOP,72,72,0,0,24.626,0.80371,NYK,0.80371,,,,,-375.0,295.0,-355.0,280.0,0.74778,dk,121.0,116.0,1.0,-8.5,-105.0,-115.0,,,,,,,,,,,,,,,,,,-340.0,240.0,-360.0,296.0,0.765
401810904,2026-03-24,2026,2026-03-25T00:00Z,,fourfactors_hl25_b2b_carry25_phase_luck_talent_ft_avail_v6,reconstructed,CLE,ORL,71,71,0,1,20.402,0.87423,CLE,0.87423,,,,,-455.0,350.0,-455.0,350.0,0.78674,dk,136.0,131.0,1.0,-10.5,-112.0,-108.0,,,,,,,,,,,,,,,,,,-239.0,229.0,-458.0,351.0,0.79703
401810905,2026-03-24,2026,2026-03-25T03:00Z,,fourfactors_hl25_b2b_carry25_phase_luck_talent_ft_avail_v6,reconstructed,PHO,DEN,72,72,0,0,-6.906,0.30183,DEN,0.69817,,,,,180.0,-218.0,185.0,-225.0,0.33635,dk,123.0,125.0,0.0,5.5,-105.0,-115.0,,,,,,,,,,,,,,,,,,159.0,-199.0,189.0,-239.0,0.32178
401810906,2026-03-25,2026,2026-03-25T23:00Z,,fourfactors_hl25_b2b_carry25_phase_luck_talent_ft_avail_v6,reconstructed,DET,ATL,71,72,0,0,9.524,0.59044,DET,0.59044,,,,,-142.0,120.0,-148.0,124.0,0.57206,dk,129.0,130.0,0.0,-2.5,-112.0,-108.0,,,,,,,,,,,,,,,,,,-660.0,-660.0,-142.0,119.0,0.565
401810907,2026-03-25,2026,2026-03-25T23:00Z,,fourfactors_hl25_b2b_carry25_phase_luck_talent_ft_avail_v6,reconstructed,IND,LAL,72,72,0,0,-37.456,0.22644,LAL,0.77356,,,,,490.0,-675.0,330.0,-425.0,0.22317,dk,130.0,137.0,0.0,8.5,-108.0,-112.0,,,,,,,,,,,,,,,,,,-660.0,-660.0,331.0,-404.0,0.215
401810908,2026-03-25,2026,2026-03-25T23:00Z,,fourfactors_hl25_b2b_carry25_phase_luck_talent_ft_avail_v6,reconstructed,PHI,CHI,72,71,0,0,5.585,0.53977,PHI,0.53977,,,,,-230.0,190.0,-245.0,200.0,0.68056,dk,157.0,137.0,1.0,-6.5,-105.0,-115.0,,,,,,,,,,,,,,,,,,-660.0,-660.0,-263.0,198.0,0.69118
401810909,2026-03-25,2026,2026-03-25T23:30Z,,fourfactors_hl25_b2b_carry25_phase_luck_talent_ft_avail_v6,reconstructed,BOS,OKC,71,72,0,0,-9.753,0.28559,OKC,0.71441,,,,,124.0,-148.0,110.0,-130.0,0.45726,dk,119.0,109.0,1.0,2.5,-115.0,-105.0,,,,,,,,,,,,,,,,,,105.0,-161.0,114.0,-137.0,0.445
401810910,2026-03-25,2026,2026-03-25T23:30Z,,fourfactors_hl25_b2b_carry25_phase_luck_talent_ft_avail_v6,reconstructed,CLE,MIA,72,72,1,0,9.847,0.60573,CLE,0.60573,,,,,-162.0,136.0,-148.0,124.0,0.57206,dk,103.0,120.0,0.0,-2.5,-115.0,-105.0,,,,,,,,,,,,,,,,,,-322.0,109.0,-142.0,119.0,0.565
401810911,2026-03-25,2026,2026-03-26T00:00Z,,fourfactors_hl25_b2b_carry25_phase_luck_talent_ft_avail_v6,reconstructed,MEM,SAS,71,72,0,0,-41.781,0.15573,SAS,0.84427,,,,,750.0,-1200.0,1000.0,-1800.0,0.08756,dk,98.0,123.0,0.0,16.5,-102.0,-118.0,,,,,,,,,,,,,,,,,,841.0,-967.0,1074.0,-1428.0,0.075
401810912,2026-03-25,2026,2026-03-26T01:00Z,,fourfactors_hl25_b2b_carry25_phase_luck_talent_ft_avail_v6,reconstructed,UTA,WAS,72,71,0,0,5.968,0.65815,UTA,0.65815,,,,,-185.0,154.0,-155.0,130.0,0.58299,dk,110.0,133.0,0.0,-3.5,-105.0,-115.0,,,,,,,,,,,,,,,,,,-228.0,-126.0,-161.0,134.0,0.595
401810913,2026-03-25,2026,2026-03-26T01:42Z,,fourfactors_hl25_b2b_carry25_phase_luck_talent_ft_avail_v6,reconstructed,MIN,HOU,72,71,0,0,10.653,0.53224,MIN,0.53224,,,,,-110.0,-110.0,110.0,-130.0,0.45726,dk,110.0,108.0,1.0,1.5,-105.0,-115.0,,,,,,,,,,,,,,,,,,-154.0,-161.0,109.0,-137.0,0.4505
401810914,2026-03-25,2026,2026-03-26T02:00Z,,fourfactors_hl25_b2b_carry25_phase_luck_talent_ft_avail_v6,reconstructed,DEN,DAL,73,72,1,0,26.101,0.82737,DEN,0.82737,,,,,-900.0,600.0,-650.0,470.0,0.83165,dk,142.0,135.0,1.0,-10.5,-112.0,-108.0,,,,,,,,,,,,,,,,,,-660.0,159.0,-609.0,456.0,0.83663
401810915,2026-03-25,2026,2026-03-26T02:00Z,,fourfactors_hl25_b2b_carry25_phase_luck_talent_ft_avail_v6,reconstructed,GSW,BRK,72,72,0,0,31.279,0.81539,GSW,0.81539,,,,,-550.0,410.0,-625.0,455.0,0.82712,dk,109.0,106.0,1.0,-12.5,-108.0,-112.0,,,,,,,,,,,,,,,,,,-489.0,373.0,-660.0,490.0,0.84653
401810916,2026-03-25,2026,2026-03-26T02:00Z,,fourfactors_hl25_b2b_carry25_phase_luck_talent_ft_avail_v6,reconstructed,POR,MIL,73,71,0,0,15.185,0.74119,POR,0.74119,,,,,-625.0,455.0,-1050.0,675.0,0.87618,dk,130.0,99.0,1.0,-15.5,-110.0,-110.0,,,,,,,,,,,,,,,,,,-564.0,-107.0,-967.0,756.0,0.895
401810917,2026-03-25,2026,2026-03-26T02:30Z,,fourfactors_hl25_b2b_carry25_phase_luck_talent_ft_avail_v6,reconstructed,LAC,TOR,72,71,0,0,3.876,0.67097,LAC,0.67097,,,,,-155.0,130.0,-180.0,150.0,0.61644,dk,119.0,94.0,1.0,-3.5,-118.0,-102.0,,,,,,,,,,,,,,,,,,-154.0,-131.0,-175.0,140.0,0.60891
401810918,2026-03-26,2026,2026-03-26T23:00Z,,fourfactors_hl25_b2b_carry25_phase_luck_talent_ft_avail_v6,reconstructed,CHO,NYK,72,73,0,0,-4.602,0.42747,NYK,0.57253,,,,,-108.0,-112.0,-130.0,110.0,0.54274,dk,114.0,103.0,1.0,-2.5,-105.0,-115.0,,,,,,,,,,,,,,,,,,-660.0,-126.0,-137.0,114.0,0.555
401810919,2026-03-26,2026,2026-03-26T23:00Z,,fourfactors_hl25_b2b_carry25_phase_luck_talent_ft_avail_v6,reconstructed,DET,NOP,72,73,1,0,23.891,0.61694,DET,0.61694,,,,,-218.0,180.0,-225.0,185.0,0.66365,dk,129.0,108.0,1.0,-4.5,-115.0,-105.0,,,,,,,,,,,,,,,,,,-290.0,-404.0,-218.0,181.0,0.665
401810920,2026-03-26,2026,2026-03-26T23:00Z,,fourfactors_hl25_b2b_carry25_phase_luck_talent_ft_avail_v6,reconstructed,ORL,SAC,72,73,0,0,21.358,0.76969,ORL,0.76969,,,,,-1200.0,750.0,-1350.0,800.0,0.89338,dk,121.0,117.0,1.0,-15.5,-112.0,-108.0,,,,,,,,,,,,,,,,,,-719.0,529.0,-1087.0,841.0,0.905
401810921,2026-03-27,2026,2026-03-27T23:00Z,,fourfactors_hl25_b2b_carry25_phase_luck_talent_ft_avail_v6,reconstructed,IND,LAC,73,73,0,0,-35.681,0.25009,LAC,0.74991,,,,,340.0,-440.0,300.0,-380.0,0.24,dk,113.0,114.0,0.0,8.5,-102.0,-118.0,,,,,,,,,,,,,,,,,,105.0,-660.0,331.0,-404.0,0.215
401810922,2026-03-27,2026,2026-03-27T23:30Z,,fourfactors_hl25_b2b_carry25_phase_luck_talent_ft_avail_v6,reconstructed,BOS,ATL,72,73,0,0,3.728,0.67445,BOS,0.67445,,,,,-278.0,225.0,-218.0,180.0,0.65748,dk,109.0,102.0,1.0,-4.5,-115.0,-105.0,,,,,,,,,,,,,,,,,,-564.0,101.0,-218.0,181.0,0.665
401810923,2026-03-27,2026,2026-03-27T23:30Z,,fourfactors_hl25_b2b_carry25_phase_luck_talent_ft_avail_v6,reconstructed,CLE,MIA,73,73,0,0,6.74,0.67301,CLE,0.67301,,,,,-180.0,150.0,-218.0,180.0,0.65748,dk,149.0,128.0,1.0,-5.5,-110.0,-110.0,,,,,,,,,,,,,,,,,,-306.0,109.0,-208.0,181.0,0.66162
401810924,2026-03-27,2026,2026-03-28T00:00Z,,fourfactors_hl25_b2b_carry25_phase_luck_talent_ft_avail_v6,reconstructed,MEM,HOU,72,72,0,0,-20.079,0.18946,HOU,0.81054,,,,,500.0,-700.0,625.0,-950.0,0.13228,dk,109.0,119.0,0.0,13.5,-102.0,-118.0,,,,,,,,,,,,,,,,,,456.0,-660.0,685.0,-869.0,0.115
401810925,2026-03-27,2026,2026-03-28T00:00Z,,fourfactors_hl25_b2b_carry25_phase_luck_talent_ft_avail_v6,reconstructed,OKC,CHI,73,72,0,0,37.987,0.93523,OKC,0.93523,,,,,-2800.0,1300.0,-2100.0,1100.0,0.91971,dk,131.0,113.0,1.0,-18.5,-115.0,-105.0,,,,,,,,,,,,,,,,,,-967.0,685.0,-2042.0,1464.0,0.945
401810926,2026-03-27,2026,2026-03-28T00:30Z,,fourfactors_hl25_b2b_carry25_phase_luck_talent_ft_avail_v6,reconstructed,TOR,NOP,72,74,0,1,7.479,0.74433,TOR,0.74433,,,,,-278.0,225.0,-325.0,260.0,0.73354,dk,119.0,106.0,1.0,-8.5,-110.0,-110.0,,,,,,,,,,,,,,,,,,-228.0,114.0,-340.0,280.0,0.755
401810927,2026-03-27,2026,2026-03-28T01:00Z,,fourfactors_hl25_b2b_carry25_phase_luck_talent_ft_avail_v6,reconstructed,DEN,UTA,74,73,0,0,33.938,0.88957,DEN,0.88957,,,,,-2800.0,1300.0,-2100.0,1100.0,0.91971,dk,135.0,129.0,1.0,-19.5,-115.0,-105.0,,,,,,,,,,,,,,,,,,-719.0,574.0,-2580.0,1464.0,0.94554
401810928,2026-03-27,2026,2026-03-28T02:00Z,,fourfactors_hl25_b2b_carry25_phase_luck_talent_ft_avail_v6,reconstructed,GSW,WAS,73,72,0,0,22.777,0.77384,GSW,0.77384,,,,,-800.0,550.0,-750.0,525.0,0.8465,dk,131.0,126.0,1.0,-12.5,-105.0,-115.0,,,,,,,,,,,,,,,,,,-660.0,152.0,-719.0,574.0,0.865
401810929,2026-03-27,2026,2026-03-28T02:00Z,,fourfactors_hl25_b2b_carry25_phase_luck_talent_ft_avail_v6,reconstructed,POR,DAL,74,73,0,0,17.414,0.77251,POR,0.77251,,,,,-410.0,320.0,-500.0,380.0,0.8,dk,93.0,100.0,0.0,-10.5,-112.0,-108.0,,,,,,,,,,,,,,,,,,-719.0,296.0,-489.0,398.0,0.815
401810930,2026-03-27,2026,2026-03-28T02:30Z,,fourfactors_hl25_b2b_carry25_phase_luck_talent_ft_avail_v6,reconstructed,LAL,BRK,73,73,0,0,48.307,0.92073,LAL,0.92073,,,,,-1600.0,900.0,-2100.0,1100.0,0.91971,dk,116.0,99.0,1.0,-18.5,-105.0,-115.0,,,,,,,,,,,,,,,,,,-788.0,529.0,-2042.0,1464.0,0.945
401810931,2026-03-28,2026,2026-03-28T19:00Z,,fourfactors_hl25_b2b_carry25_phase_luck_talent_ft_avail_v6,reconstructed,MIL,SAS,72,73,0,0,-47.372,0.17401,SAS,0.82599,,,,,1000.0,-1800.0,1000.0,-1800.0,0.08756,dk,95.0,127.0,0.0,17.5,-112.0,-108.0,,,,,,,,,,,,,,,,,,252.0,-967.0,1241.0,-1684.0,0.065
401810935,2026-03-28,2026,2026-03-28T21:30Z,,fourfactors_hl25_b2b_carry25_phase_luck_talent_ft_avail_v6,reconstructed,MIN,DET,73,73,0,0,-8.993,0.54693,MIN,0.54693,,,,,-130.0,110.0,110.0,-130.0,0.45726,dk,87.0,109.0,0.0,2.5,-118.0,-102.0,,,,,,,,,,,,,,,,,,-239.0,-251.0,109.0,-131.0,0.455
401810932,2026-03-28,2026,2026-03-28T22:00Z,,fourfactors_hl25_b2b_carry25_phase_luck_talent_ft_avail_v6,reconstructed,CHO,PHI,73,73,0,0,20.743,0.68949,CHO,0.68949,,,,,-205.0,170.0,-250.0,205.0,0.68539,dk,114.0,118.0,0.0,-6.5,-110.0,-110.0,,,,,,,,,,,,,,,,,,-609.0,-161.0,-251.0,198.0,0.68812
401810933,2026-03-28,2026,2026-03-28T23:30Z,,fourfactors_hl25_b2b_carry25_phase_luck_talent_ft_avail_v6,reconstructed,ATL,SAC,74,74,1,0,36.361,0.756,ATL,0.756,,,,,-900.0,600.0,-800.0,550.0,0.85246,dk,123.0,113.0,1.0,-13.5,-108.0,-112.0,,,,,,,,,,,,,,,,,,-660.0,529.0,-719.0,574.0,0.865
401810934,2026-03-28,2026,2026-03-29T00:00Z,,fourfactors_hl25_b2b_carry25_phase_luck_talent_ft_avail_v6,reconstructed,MEM,CHI,73,73,1,1,-3.607,0.48806,CHI,0.51194,,,,,136.0,-162.0,170.0,-205.0,0.35527,dk,125.0,124.0,1.0,5.5,-115.0,-105.0,,,,,,,,,,,,,,,,,,-126.0,-306.0,166.0,-208.0,0.35149
401810936,2026-03-28,2026,2026-03-29T02:00Z,,fourfactors_hl25_b2b_carry25_phase_luck_talent_ft_avail_v6,reconstructed,PHO,UTA,73,74,0,1,24.94,0.81433,PHO,0.81433,,,,,-1350.0,800.0,-1650.0,950.0,0.90826,dk,134.0,109.0,1.0,-17.5,-108.0,-112.0,,,,,,,,,,,,,,,,,,-719.0,456.0,-1428.0,1074.0,0.925
401810937,2026-03-29,2026,2026-03-29T19:30Z,,fourfactors_hl25_b2b_carry25_phase_luck_talent_ft_avail_v6,reconstructed,MIL,LAC,73,74,1,0,-33.714,0.11658,LAC,0.88342,,,,,550.0,-800.0,800.0,-1350.0,0.10662,dk,113.0,127.0,0.0,17.5,-112.0,-108.0,,,,,,,,,,,,,,,,,,173.0,-564.0,945.0,-1236.0,0.085
401810938,2026-03-29,2026,2026-03-29T21:00Z,,fourfactors_hl25_b2b_carry25_phase_luck_talent_ft_avail_v6,reconstructed,IND,MIA,74,74,0,0,-29.913,0.26824,MIA,0.73176,,,,,310.0,-395.0,280.0,-355.0,0.25222,dk,135.0,118.0,1.0,8.5,-110.0,-110.0,,,,,,,,,,,,,,,,,,313.0,-430.0,296.0,-360.0,0.235
401810939,2026-03-29,2026,2026-03-29T22:00Z,,fourfactors_hl25_b2b_carry25_phase_luck_talent_ft_avail_v6,reconstructed,BRK,SAC,74,75,0,1,-11.576,0.57963,BRK,0.57963,,,,,-120.0,100.0,-120.0,100.0,0.52174,dk,116.0,99.0,1.0,-1.5,-112.0,-108.0,,,,,,,,,,,,,,,,,,105.0,-131.0,-131.0,109.0,0.545
401810940,2026-03-29,2026,2026-03-29T22:00Z,,fourfactors_hl25_b2b_carry25_phase_luck_talent_ft_avail_v6,reconstructed,CHO,BOS,74,73,1,0,0.581,0.46058,BOS,0.53942,,,,,-130.0,110.0,-135.0,114.0,0.55144,dk,99.0,114.0,0.0,-2.5,-108.0,-112.0,,,,,,,,,,,,,,,,,,105.0,-137.0,-137.0,114.0,0.555
401810941,2026-03-29,2026,2026-03-29T22:00Z,,fourfactors_hl25_b2b_carry25_phase_luck_talent_ft_avail_v6,reconstructed,TOR,ORL,73,73,0,0,8.622,0.59777,TOR,0.59777,,,,,-142.0,120.0,-122.0,102.0,0.52609,dk,139.0,87.0,1.0,-1.5,-110.0,-110.0,,,,,,,,,,,,,,,,,,-137.0,124.0,-121.0,101.0,0.525
401810942,2026-03-29,2026,2026-03-29T22:00Z,,fourfactors_hl25_b2b_carry25_phase_luck_talent_ft_avail_v6,reconstructed,POR,WAS,75,73,0,0,25.944,0.83156,POR,0.83156,,,,,-1100.0,700.0,-1650.0,950.0,0.90826,dk,123.0,88.0,1.0,-16.5,-112.0,-108.0,,,,,,,,,,,,,,,,,,-719.0,574.0,-1428.0,1074.0,0.925
401810943,2026-03-29,2026,2026-03-29T23:00Z,,fourfactors_hl25_b2b_carry25_phase_luck_talent_ft_avail_v6,reconstructed,NOP,HOU,75,73,0,0,-8.313,0.32609,HOU,0.67391,,,,,195.0,-238.0,205.0,-250.0,0.31461,dk,102.0,134.0,0.0,5.5,-108.0,-112.0,,,,,,,,,,,,,,,,,,-126.0,-191.0,198.0,-239.0,0.315
401810944,2026-03-29,2026,2026-03-29T23:30Z,,fourfactors_hl25_b2b_carry25_phase_luck_talent_ft_avail_v6,reconstructed,OKC,NYK,74,74,0,0,5.56,0.74759,OKC,0.74759,,,,,-345.0,275.0,-360.0,285.0,0.75081,dk,111.0,100.0,1.0,-7.5,-115.0,-105.0,,,,,,,,,,,,,,,,,,-489.0,-525.0,-340.0,280.0,0.755
401810945,2026-03-29,2026,2026-03-30T02:00Z,,fourfactors_hl25_b2b_carry25_phase_luck_talent_ft_avail_v6,reconstructed,DEN,GSW,75,74,0,0,12.108,0.80103,DEN,0.80103,,,,,-575.0,425.0,-625.0,455.0,0.82712,dk,116.0,93.0,1.0,-11.5,-115.0,-105.0,,,,,,,,,,,,,,,,,,-660.0,351.0,-564.0,456.0,0.835
401810946,2026-03-30,2026,2026-03-30T23:00Z,,fourfactors_hl25_b2b_carry25_phase_luck_talent_ft_avail_v6,reconstructed,MIA,PHI,75,74,1,0,8.717,0.52894,MIA,0.52894,,,,,102.0,-122.0,120.0,-142.0,0.43651,dk,119.0,109.0,1.0,2.5,-110.0,-110.0,,,,,,,,,,,,,,,,,,-116.0,-107.0,114.0,-137.0,0.445
401810947,2026-03-30,2026,2026-03-30T23:30Z,,fourfactors_hl25_b2b_carry25_phase_luck_talent_ft_avail_v6,reconstructed,ATL,BOS,75,74,0,1,-4.622,0.58265,ATL,0.58265,,,,,-118.0,-102.0,-142.0,120.0,0.56349,dk,112.0,102.0,1.0,-2.5,-110.0,-110.0,,,,,,,,,,,,,,,,,,-103.0,-126.0,-148.0,124.0,0.575
401810948,2026-03-30,2026,2026-03-31T00:00Z,,fourfactors_hl25_b2b_carry25_phase_luck_talent_ft_avail_v6,reconstructed,MEM,PHO,74,74,0,0,-21.638,0.31625,PHO,0.68375,,,,,575.0,-850.0,500.0,-700.0,0.16,dk,105.0,131.0,0.0,12.5,-115.0,-105.0,,,,,,,,,,,,,,,,,,351.0,-564.0,574.0,-719.0,0.135
401810949,2026-03-30,2026,2026-03-31T00:00Z,,fourfactors_hl25_b2b_carry25_phase_luck_talent_ft_avail_v6,reconstructed,SAS,CHI,74,74,0,0,43.227,0.87679,SAS,0.87679,,,,,-1800.0,1000.0,-2100.0,1100.0,0.91971,dk,129.0,114.0,1.0,-17.5,-115.0,-105.0,,,,,,,,,,,,,,,,,,-1684.0,1074.0,-2042.0,1464.0,0.945
401810950,2026-03-30,2026,2026-03-31T00:30Z,,fourfactors_hl25_b2b_carry25_phase_luck_talent_ft_avail_v6,reconstructed,DAL,MIN,74,74,0,0,-26.497,0.24413,MIN,0.75587,,,,,215.0,-265.0,280.0,-355.0,0.25222,dk,94.0,124.0,0.0,8.5,-108.0,-112.0,,,,,,,,,,,,,,,,,,173.0,-381.0,280.0,-340.0,0.245
401810951,2026-03-30,2026,2026-03-31T01:00Z,,fourfactors_hl25_b2b_carry25_phase_luck_talent_ft_avail_v6,reconstructed,UTA,CLE,75,74,0,0,-41.22,0.13121,CLE,0.86879,,,,,950.0,-1650.0,900.0,-1600.0,0.09605,dk,113.0,122.0,0.0,16.5,-110.0,-110.0,,,,,,,,,,,,,,,,,,351.0,-660.0,1074.0,-1428.0,0.075
401810952,2026-03-30,2026,2026-03-31T01:30Z,,fourfactors_hl25_b2b_carry25_phase_luck_talent_ft_avail_v6,reconstructed,OKC,DET,75,74,1,0,2.45,0.8267,OKC,0.8267,,,,,-750.0,525.0,-650.0,470.0,0.83165,dk,114.0,110.0,1.0,-11.5,-118.0,-102.0,,,,,,,,,,,,,,,,,,-360.0,229.0,-609.0,490.0,0.845
401810953,2026-03-30,2026,2026-03-31T02:00Z,,fourfactors_hl25_b2b_carry25_phase_luck_talent_ft_avail_v6,reconstructed,LAL,WAS,74,74,0,1,44.766,0.93666,LAL,0.93666,,,,,-1450.0,850.0,-1450.0,850.0,0.89886,dk,120.0,101.0,1.0,-15.5,-112.0,-108.0,,,,,,,,,,,,,,,,,,-609.0,574.0,-1236.0,945.0,0.915
401810954,2026-03-31,2026,2026-03-31T23:00Z,,fourfactors_hl25_b2b_carry25_phase_luck_talent_ft_avail_v6,reconstructed,ORL,PHO,74,75,0,1,-14.099,0.60311,ORL,0.60311,,,,,-135.0,114.0,-130.0,110.0,0.54274,dk,115.0,111.0,1.0,-2.5,-105.0,-115.0,,,,,,,,,,,,,,,,,,-175.0,109.0,-131.0,109.0,0.545
401810955,2026-03-31,2026,2026-03-31T23:30Z,,fourfactors_hl25_b2b_carry25_phase_luck_talent_ft_avail_v6,reconstructed,BRK,CHO,75,75,0,0,-47.795,0.16502,CHO,0.83498,,,,,800.0,-1350.0,1100.0,-2100.0,0.08029,dk,86.0,117.0,0.0,18.5,-115.0,-105.0,,,,,,,,,,,,,,,,,,625.0,-1087.0,1241.0,-1684.0,0.065
401810956,2026-03-31,2026,2026-04-01T00:00Z,,fourfactors_hl25_b2b_carry25_phase_luck_talent_ft_avail_v6,reconstructed,DET,TOR,75,74,1,0,12.454,0.50416,DET,0.50416,,,,,-135.0,114.0,-155.0,130.0,0.58299,dk,127.0,116.0,1.0,-3.5,-110.0,-110.0,,,,,,,,,,,,,,,,,,-154.0,109.0,-161.0,129.0,0.59
401810957,2026-03-31,2026,2026-04-01T00:00Z,,fourfactors_hl25_b2b_carry25_phase_luck_talent_ft_avail_v6,reconstructed,HOU,NYK,74,75,0,0,-12.621,0.45457,NYK,0.54543,,,,,-108.0,-112.0,-105.0,-115.0,0.48917,dk,111.0,94.0,1.0,1.5,-115.0,-105.0,,,,,,,,,,,,,,,,,,-121.0,-142.0,-103.0,-116.0,0.485
401858694,2026-03-31,2026,2026-04-01T00:00Z,,fourfactors_hl25_b2b_carry25_phase_luck_talent_ft_avail_v6,reconstructed,MIL,DAL,74,75,0,1,-4.286,0.58324,MIL,0.58324,,,,,-102.0,-118.0,120.0,-142.0,0.43651,dk,123.0,99.0,1.0,2.5,-108.0,-112.0,,,,,,,,,,,,,,,,,,-660.0,-609.0,119.0,-142.0,0.435
401810958,2026-03-31,2026,2026-04-01T02:30Z,,fourfactors_hl25_b2b_carry25_phase_luck_talent_ft_avail_v6,reconstructed,LAL,CLE,75,75,1,1,0.368,0.53649,LAL,0.53649,,,,,-125.0,105.0,-130.0,110.0,0.54274,dk,127.0,113.0,1.0,-2.5,-105.0,-115.0,,,,,,,,,,,,,,,,,,-126.0,-660.0,-137.0,114.0,0.555
401810959,2026-03-31,2026,2026-04-01T03:00Z,,fourfactors_hl25_b2b_carry25_phase_luck_talent_ft_avail_v6,reconstructed,LAC,POR,75,76,0,0,10.475,0.71606,LAC,0.71606,,,,,-198.0,164.0,-198.0,164.0,0.6369,dk,104.0,114.0,0.0,-4.5,-115.0,-105.0,,,,,,,,,,,,,,,,,,-228.0,-660.0,-199.0,166.0,0.645
401810960,2026-04-01,2026,2026-04-01T23:00Z,,fourfactors_hl25_b2b_carry25_phase_luck_talent_ft_avail_v6,reconstructed,WAS,PHI,75,75,0,0,-26.507,0.23872,PHI,0.76128,,,,,750.0,-1200.0,750.0,-1200.0,0.11304,dk,131.0,153.0,0.0,14.5,-115.0,-105.0,,,,,,,,,,,,,,,,,,574.0,-719.0,841.0,-967.0,0.09596
401810962,2026-04-01,2026,2026-04-01T23:00Z,,fourfactors_hl25_b2b_carry25_phase_luck_talent_ft_avail_v6,reconstructed,ORL,ATL,75,76,1,0,-20.534,0.35078,ATL,0.64922,,,,,145.0,-175.0,120.0,-142.0,0.43651,dk,101.0,130.0,0.0,2.5,-110.0,-110.0,,,,,,,,,,,,,,,,,,-660.0,-660.0,119.0,-142.0,0.435
401810961,2026-04-01,2026,2026-04-01T23:30Z,,fourfactors_hl25_b2b_carry25_phase_luck_talent_ft_avail_v6,reconstructed,MIA,BOS,76,75,0,0,-7.958,0.54555,MIA,0.54555,,,,,164.0,-198.0,164.0,-198.0,0.3631,dk,129.0,147.0,0.0,4.5,-108.0,-112.0,,,,,,,,,,,,,,,,,,140.0,-191.0,159.0,-191.0,0.365
401810858,2026-04-01,2026,2026-04-02T00:00Z,,fourfactors_hl25_b2b_carry25_phase_luck_talent_ft_avail_v6,reconstructed,MEM,NYK,75,76,0,1,-35.8,0.1977,NYK,0.8023,,,,,650.0,-1000.0,600.0,-900.0,0.13699,dk,119.0,130.0,0.0,13.5,-108.0,-112.0,,,,,,,,,,,,,,,,,,574.0,-719.0,625.0,-788.0,0.125
401810963,2026-04-01,2026,2026-04-02T00:00Z,,fourfactors_hl25_b2b_carry25_phase_luck_talent_ft_avail_v6,reconstructed,TOR,SAC,75,76,1,0,34.537,0.78917,TOR,0.78917,,,,,-1000.0,650.0,-750.0,525.0,0.8465,dk,115.0,123.0,0.0,-12.5,-115.0,-105.0,,,,,,,,,,,,,,,,,,-660.0,574.0,-660.0,529.0,0.855
401810964,2026-04-01,2026,2026-04-02T00:00Z,,fourfactors_hl25_b2b_carry25_phase_luck_talent_ft_avail_v6,reconstructed,CHI,IND,75,75,0,0,6.349,0.58974,CHI,0.58974,,,,,-192.0,160.0,-170.0,142.0,0.60376,dk,126.0,145.0,0.0,-3.5,-115.0,-105.0,,,,,,,,,,,,,,,,,,-218.0,134.0,-168.0,140.0,0.605
401810965,2026-04-01,2026,2026-04-02T00:00Z,,fourfactors_hl25_b2b_carry25_phase_luck_talent_ft_avail_v6,reconstructed,HOU,MIL,75,75,1,1,27.753,0.90597,HOU,0.90597,,,,,-1600.0,900.0,-2400.0,1200.0,0.92582,dk,119.0,113.0,1.0,-19.5,-105.0,-115.0,,,,,,,,,,,,,,,,,,-660.0,574.0,-2042.0,1464.0,0.945
401810967,2026-04-01,2026,2026-04-02T01:00Z,,fourfactors_hl25_b2b_carry25_phase_luck_talent_ft_avail_v6,reconstructed,UTA,DEN,76,76,0,0,-34.378,0.1461,DEN,0.8539,,,,,1000.0,-1800.0,1000.0,-1800.0,0.08756,dk,117.0,130.0,0.0,17.5,-115.0,-105.0,,,,,,,,,,,,,,,,,,574.0,-719.0,1074.0,-1428.0,0.075
401810968,2026-04-01,2026,2026-04-02T02:00Z,,fourfactors_hl25_b2b_carry25_phase_luck_talent_ft_avail_v6,reconstructed,GSW,SAS,75,75,0,0,-35.064,0.19467,SAS,0.80533,,,,,440.0,-600.0,700.0,-1100.0,0.12,dk,113.0,127.0,0.0,14.5,-108.0,-112.0,,,,,,,,,,,,,,,,,,425.0,-609.0,756.0,-967.0,0.105
401810969,2026-04-02,2026,2026-04-02T23:00Z,,fourfactors_hl25_b2b_carry25_phase_luck_talent_ft_avail_v6,reconstructed,CHO,PHO,76,76,0,0,10.211,0.60774,CHO,0.60774,,,,,-205.0,170.0,-230.0,190.0,0.66901,dk,127.0,107.0,1.0,-5.5,-112.0,-108.0,,,,,,,,,,,,,,,,,,-228.0,146.0,-218.0,181.0,0.665
401810970,2026-04-02,2026,2026-04-02T23:00Z,,fourfactors_hl25_b2b_carry25_phase_luck_talent_ft_avail_v6,reconstructed,DET,MIN,76,75,0,0,10.056,0.56202,DET,0.56202,,,,,-130.0,110.0,-205.0,170.0,0.64473,dk,113.0,108.0,1.0,-5.5,-110.0,-110.0,,,,,,,,,,,,,,,,,,-131.0,105.0,-218.0,173.0,0.65842
401810971,2026-04-02,2026,2026-04-03T01:30Z,,fourfactors_hl25_b2b_carry25_phase_luck_talent_ft_avail_v6,reconstructed,OKC,LAL,76,76,0,0,6.855,0.66856,OKC,0.66856,,,,,-298.0,240.0,-380.0,300.0,0.76,dk,139.0,96.0,1.0,-9.5,-108.0,-112.0,,,,,,,,,,,,,,,,,,-564.0,152.0,-360.0,296.0,0.765
401810972,2026-04-02,2026,2026-04-03T02:00Z,,fourfactors_hl25_b2b_carry25_phase_luck_talent_ft_avail_v6,reconstructed,GSW,CLE,76,76,1,0,-20.249,0.12606,CLE,0.87394,,,,,340.0,-440.0,370.0,-485.0,0.20422,dk,111.0,118.0,0.0,10.5,-112.0,-108.0,,,,,,,,,,,,,,,,,,-161.0,-322.0,351.0,-430.0,0.205
401810973,2026-04-02,2026,2026-04-03T02:00Z,,fourfactors_hl25_b2b_carry25_phase_luck_talent_ft_avail_v6,reconstructed,POR,NOP,77,76,0,0,9.354,0.68383,POR,0.68383,,,,,-238.0,195.0,-245.0,200.0,0.68056,dk,118.0,106.0,1.0,-5.5,-118.0,-102.0,,,,,,,,,,,,,,,,,,-381.0,-107.0,-228.0,189.0,0.675
401810974,2026-04-02,2026,2026-04-03T02:30Z,,fourfactors_hl25_b2b_carry25_phase_luck_talent_ft_avail_v6,reconstructed,LAC,SAS,76,76,0,1,-17.426,0.63383,LAC,0.63383,,,,,142.0,-170.0,-142.0,120.0,0.56349,dk,99.0,118.0,0.0,-2.5,-110.0,-110.0,,,,,,,,,,,,,,,,,,-175.0,-430.0,-142.0,119.0,0.565
401810975,2026-04-03,2026,2026-04-03T23:00Z,,fourfactors_hl25_b2b_carry25_phase_luck_talent_ft_avail_v6,reconstructed,CHO,IND,77,76,1,0,34.784,0.776,CHO,0.776,,,,,-1350.0,800.0,-1600.0,900.0,0.90395,dk,129.0,108.0,1.0,-15.5,-110.0,-110.0,,,,,,,,,,,,,,,,,,-719.0,490.0,-1236.0,945.0,0.915
401810976,2026-04-03,2026,2026-04-03T23:00Z,,fourfactors_hl25_b2b_carry25_phase_luck_talent_ft_avail_v6,reconstructed,PHI,MIN,76,76,0,1,-12.968,0.51648,PHI,0.51648,,,,,-135.0,114.0,-170.0,142.0,0.60376,dk,115.0,103.0,1.0,-3.5,-115.0,-105.0,,,,,,,,,,,,,,,,,,-199.0,-107.0,-168.0,134.0,0.60199
401810977,2026-04-03,2026,2026-04-03T23:30Z,,fourfactors_hl25_b2b_carry25_phase_luck_talent_ft_avail_v6,reconstructed,BRK,ATL,76,77,0,0,-50.072,0.14858,ATL,0.85142,,,,,800.0,-1350.0,1000.0,-1800.0,0.08756,dk,107.0,141.0,0.0,16.5,-105.0,-115.0,,,,,,,,,,,,,,,,,,-107.0,-1087.0,1074.0,-1428.0,0.075
401810978,2026-04-03,2026,2026-04-03T23:30Z,,fourfactors_hl25_b2b_carry25_phase_luck_talent_ft_avail_v6,reconstructed,NYK,CHI,77,76,0,0,32.314,0.78248,NYK,0.78248,,,,,-1350.0,800.0,-1200.0,750.0,0.88696,dk,136.0,96.0,1.0,-13.5,-108.0,-112.0,,,,,,,,,,,,,,,,,,-489.0,109.0,-967.0,685.0,0.88614
401810979,2026-04-03,2026,2026-04-04T00:00Z,,fourfactors_hl25_b2b_carry25_phase_luck_talent_ft_avail_v6,reconstructed,HOU,UTA,76,77,0,0,32.13,0.88527,HOU,0.88527,,,,,-1600.0,900.0,-2100.0,1100.0,0.91971,dk,140.0,106.0,1.0,-18.5,-112.0,-108.0,,,,,,,,,,,,,,,,,,-719.0,296.0,-1684.0,1241.0,0.935
401810980,2026-04-03,2026,2026-04-04T00:00Z,,fourfactors_hl25_b2b_carry25_phase_luck_talent_ft_avail_v6,reconstructed,MEM,TOR,76,76,0,0,-28.6,0.26345,TOR,0.73655,,,,,550.0,-800.0,700.0,-1100.0,0.12,dk,96.0,128.0,0.0,14.5,-105.0,-115.0,,,,,,,,,,,,,,,,,,159.0,-609.0,756.0,-967.0,0.105
401810981,2026-04-03,2026,2026-04-04T00:00Z,,fourfactors_hl25_b2b_carry25_phase_luck_talent_ft_avail_v6,reconstructed,MIL,BOS,76,76,0,0,-36.57,0.11961,BOS,0.88039,,,,,1000.0,-1800.0,1200.0,-2400.0,0.07418,dk,101.0,133.0,0.0,17.5,-105.0,-115.0,,,,,,,,,,,,,,,,,,252.0,-609.0,1241.0,-1684.0,0.065
401810982,2026-04-03,2026,2026-04-04T00:30Z,,fourfactors_hl25_b2b_carry25_phase_luck_talent_ft_avail_v6,reconstructed,DAL,ORL,76,76,0,0,-8.894,0.33082,ORL,0.66918,,,,,240.0,-298.0,220.0,-270.0,0.29984,dk,127.0,138.0,0.0,6.5,-108.0,-112.0,,,,,,,,,,,,,,,,,,105.0,-322.0,218.0,-276.0,0.29208
401810983,2026-04-03,2026,2026-04-04T02:00Z,,fourfactors_hl25_b2b_carry25_phase_luck_talent_ft_avail_v6,reconstructed,SAC,NOP,77,77,0,1,-17.393,0.45657,NOP,0.54343,,,,,180.0,-218.0,200.0,-245.0,0.31944,dk,117.0,113.0,1.0,6.5,-105.0,-115.0,,,,,,,,,,,,,,,,,,134.0,-276.0,198.0,-239.0,0.315
401810984,2026-04-04,2026,2026-04-04T19:00Z,,fourfactors_hl25_b2b_carry25_phase_luck_talent_ft_avail_v6,reconstructed,MIA,WAS,77,76,0,0,37.202,0.89968,MIA,0.89968,,,,,-1800.0,1000.0,-2400.0,1200.0,0.92582,dk,152.0,136.0,1.0,-18.5,-108.0,-112.0,,,,,,,,,,,,,,,,,,-719.0,625.0,-2042.0,1464.0,0.945
401810985,2026-04-04,2026,2026-04-04T19:00Z,,fourfactors_hl25_b2b_carry25_phase_luck_talent_ft_avail_v6,reconstructed,DEN,SAS,77,77,0,0,-20.084,0.6106,DEN,0.6106,,,,,110.0,-130.0,105.0,-125.0,0.46753,dk,136.0,134.0,1.0,1.5,-108.0,-112.0,,,,,,,,,,,,,,,,,,-126.0,-121.0,109.0,-131.0,0.455
401810986,2026-04-04,2026,2026-04-04T23:00Z,,fourfactors_hl25_b2b_carry25_phase_luck_talent_ft_avail_v6,reconstructed,PHI,DET,77,77,1,0,-22.548,0.36107,DET,0.63893,,,,,-118.0,-102.0,142.0,-170.0,0.39624,dk,93.0,116.0,0.0,3.5,-108.0,-112.0,,,,,,,,,,,,,,,,,,105.0,-175.0,140.0,-175.0,0.39109
401810987,2026-04-05,2026,2026-04-05T19:30Z,,fourfactors_hl25_b2b_carry25_phase_luck_talent_ft_avail_v6,reconstructed,BOS,TOR,77,77,0,0,7.092,0.75018,BOS,0.75018,,,,,-395.0,310.0,-425.0,330.0,0.77683,dk,115.0,101.0,1.0,-9.5,-102.0,-118.0,,,,,,,,,,,,,,,,,,-458.0,280.0,-430.0,351.0,0.795
401810988,2026-04-05,2026,2026-04-05T19:30Z,,fourfactors_hl25_b2b_carry25_phase_luck_talent_ft_avail_v6,reconstructed,BRK,WAS,77,77,0,1,-6.152,0.64471,BRK,0.64471,,,,,-185.0,154.0,-162.0,136.0,0.59337,dk,121.0,115.0,1.0,-3.5,-108.0,-112.0,,,,,,,,,,,,,,,,,,-218.0,109.0,-161.0,129.0,0.58911
401810989,2026-04-05,2026,2026-04-05T19:30Z,,fourfactors_hl25_b2b_carry25_phase_luck_talent_ft_avail_v6,reconstructed,CHI,PHO,77,77,0,0,-21.919,0.27392,PHO,0.72608,,,,,360.0,-470.0,455.0,-625.0,0.17288,dk,110.0,120.0,0.0,11.5,-112.0,-108.0,,,,,,,,,,,,,,,,,,331.0,-564.0,425.0,-564.0,0.17327
401810990,2026-04-05,2026,2026-04-05T19:30Z,,fourfactors_hl25_b2b_carry25_phase_luck_talent_ft_avail_v6,reconstructed,MIL,MEM,77,77,0,0,0.126,0.61572,MIL,0.61572,,,,,-225.0,185.0,-278.0,225.0,0.70503,dk,131.0,115.0,1.0,-7.5,-108.0,-112.0,,,,,,,,,,,,,,,,,,-218.0,140.0,-276.0,240.0,0.72222
401810991,2026-04-05,2026,2026-04-05T22:00Z,,fourfactors_hl25_b2b_carry25_phase_luck_talent_ft_avail_v6,reconstructed,CLE,IND,77,77,0,0,35.154,0.89036,CLE,0.89036,,,,,-1600.0,900.0,-1800.0,1000.0,0.91244,dk,117.0,108.0,1.0,-16.5,-112.0,-108.0,,,,,,,,,,,,,,,,,,-719.0,-719.0,-1428.0,945.0,0.91584
401810992,2026-04-05,2026,2026-04-05T23:00Z,,fourfactors_hl25_b2b_carry25_phase_luck_talent_ft_avail_v6,reconstructed,MIN,CHO,77,78,0,0,-8.289,0.5209,MIN,0.5209,,,,,-115.0,-105.0,154.0,-185.0,0.37753,dk,108.0,122.0,0.0,4.5,-105.0,-115.0,,,,,,,,,,,,,,,,,,-719.0,-719.0,152.0,-191.0,0.37313
401810993,2026-04-05,2026,2026-04-05T23:00Z,,fourfactors_hl25_b2b_carry25_phase_luck_talent_ft_avail_v6,reconstructed,NOP,ORL,78,77,0,0,1.631,0.47591,ORL,0.52409,,,,,136.0,-162.0,205.0,-250.0,0.31461,dk,108.0,112.0,0.0,6.5,-110.0,-110.0,,,,,,,,,,,,,,,,,,-719.0,-719.0,208.0,-251.0,0.305
401810994,2026-04-05,2026,2026-04-05T23:00Z,,fourfactors_hl25_b2b_carry25_phase_luck_talent_ft_avail_v6,reconstructed,OKC,UTA,77,78,0,0,52.336,0.96567,OKC,0.96567,,,,,-4500.0,1700.0,-9000.0,2500.0,0.96257,dk,146.0,111.0,1.0,-24.5,-115.0,-105.0,,,,,,,,,,,,,,,,,,-1684.0,756.0,-5268.0,3021.0,0.975
401810995,2026-04-05,2026,2026-04-05T23:30Z,,fourfactors_hl25_b2b_carry25_phase_luck_talent_ft_avail_v6,reconstructed,DAL,LAL,77,77,0,0,-33.739,0.27008,LAL,0.72992,,,,,205.0,-250.0,105.0,-125.0,0.46753,dk,134.0,128.0,1.0,1.5,-102.0,-118.0,,,,,,,,,,,,,,,,,,-525.0,-719.0,-103.0,-116.0,0.485
401810996,2026-04-05,2026,2026-04-06T01:00Z,,fourfactors_hl25_b2b_carry25_phase_luck_talent_ft_avail_v6,reconstructed,SAC,LAC,78,77,0,0,-34.751,0.18998,LAC,0.81002,,,,,455.0,-625.0,600.0,-900.0,0.13699,dk,109.0,138.0,0.0,13.5,-112.0,-108.0,,,,,,,,,,,,,,,,,,456.0,-719.0,574.0,-719.0,0.135
401810997,2026-04-05,2026,2026-04-06T02:00Z,,fourfactors_hl25_b2b_carry25_phase_luck_talent_ft_avail_v6,reconstructed,GSW,HOU,77,77,0,0,-16.603,0.29541,HOU,0.70459,,,,,130.0,-155.0,150.0,-180.0,0.38356,dk,116.0,117.0,0.0,3.5,-108.0,-112.0,,,,,,,,,,,,,,,,,,114.0,-191.0,146.0,-175.0,0.385
401810998,2026-04-06,2026,2026-04-06T23:00Z,,fourfactors_hl25_b2b_carry25_phase_luck_talent_ft_avail_v6,reconstructed,ATL,NYK,78,78,0,0,-2.0,0.4503,NYK,0.5497,,,,,-110.0,-110.0,-122.0,102.0,0.52609,dk,105.0,108.0,0.0,-1.5,-110.0,-110.0,,,,,,,,,,,,,,,,,,-126.0,-126.0,-116.0,-103.0,0.515
401810999,2026-04-06,2026,2026-04-06T23:00Z,,fourfactors_hl25_b2b_carry25_phase_luck_talent_ft_avail_v6,reconstructed,ORL,DET,78,78,1,0,-32.259,0.36426,DET,0.63574,,,,,124.0,-148.0,-102.0,-118.0,0.48264,dk,123.0,107.0,1.0,1.5,-115.0,-105.0,,,,,,,,,,,,,,,,,,134.0,-208.0,-107.0,-116.0,0.4901
401811000,2026-04-06,2026,2026-04-07T00:00Z,,fourfactors_hl25_b2b_carry25_phase_luck_talent_ft_avail_v6,reconstructed,MEM,CLE,78,78,1,1,-39.356,0.2598,CLE,0.7402,,,,,625.0,-950.0,700.0,-1100.0,0.12,dk,126.0,142.0,0.0,13.5,-112.0,-108.0,,,,,,,,,,,,,,,,,,114.0,-1087.0,685.0,-869.0,0.115
401811001,2026-04-06,2026,2026-04-07T00:00Z,,fourfactors_hl25_b2b_carry25_phase_luck_talent_ft_avail_v6,reconstructed,SAS,PHI,78,78,0,0,31.36,0.81861,SAS,0.81861,,,,,-340.0,270.0,-375.0,295.0,0.75719,dk,115.0,102.0,1.0,-8.5,-112.0,-108.0,,,,,,,,,,,,,,,,,,-564.0,159.0,-360.0,296.0,0.765
401811002,2026-04-06,2026,2026-04-07T01:00Z,,fourfactors_hl25_b2b_carry25_phase_luck_talent_ft_avail_v6,reconstructed,DEN,POR,78,78,0,0,7.691,0.76221,DEN,0.76221,,,,,-395.0,310.0,-290.0,235.0,0.71355,dk,137.0,132.0,1.0,-6.5,-115.0,-105.0,,,,,,,,,,,,,,,,,,-525.0,140.0,-290.0,240.0,0.725
401811003,2026-04-07,2026,2026-04-07T23:00Z,,fourfactors_hl25_b2b_carry25_phase_luck_talent_ft_avail_v6,reconstructed,WAS,CHI,78,78,0,0,-12.418,0.46518,CHI,0.53482,,,,,180.0,-218.0,185.0,-225.0,0.33635,dk,98.0,129.0,0.0,5.5,-105.0,-115.0,,,,,,,,,,,,,,,,,,-660.0,-360.0,198.0,-239.0,0.315
401811007,2026-04-07,2026,2026-04-07T23:00Z,,fourfactors_hl25_b2b_carry25_phase_luck_talent_ft_avail_v6,reconstructed,IND,MIN,78,78,0,0,-26.816,0.27489,MIN,0.72511,,,,,470.0,-650.0,525.0,-750.0,0.1535,dk,104.0,124.0,0.0,12.5,-105.0,-115.0,,,,,,,,,,,,,,,,,,218.0,-525.0,574.0,-719.0,0.135
401811005,2026-04-07,2026,2026-04-07T23:30Z,,fourfactors_hl25_b2b_carry25_phase_luck_talent_ft_avail_v6,reconstructed,BRK,MIL,78,78,0,0,-16.733,0.42072,MIL,0.57928,,,,,110.0,-130.0,100.0,-120.0,0.47826,dk,96.0,90.0,1.0,1.5,-110.0,-110.0,,,,,,,,,,,,,,,,,,-112.0,-161.0,105.0,-121.0,0.4697
401811006,2026-04-07,2026,2026-04-07T23:30Z,,fourfactors_hl25_b2b_carry25_phase_luck_talent_ft_avail_v6,reconstructed,TOR,MIA,78,78,0,0,3.353,0.56963,TOR,0.56963,,,,,102.0,-122.0,-142.0,120.0,0.56349,dk,121.0,95.0,1.0,-2.5,-112.0,-108.0,,,,,,,,,,,,,,,,,,101.0,-131.0,-142.0,119.0,0.565
401811004,2026-04-07,2026,2026-04-08T00:00Z,,fourfactors_hl25_b2b_carry25_phase_luck_talent_ft_avail_v6,reconstructed,BOS,CHO,78,79,0,0,0.647,0.72616,BOS,0.72616,,,,,-230.0,190.0,-198.0,164.0,0.6369,dk,113.0,102.0,1.0,-4.5,-105.0,-115.0,,,,,,,,,,,,,,,,,,-322.0,173.0,-191.0,159.0,0.635
401811008,2026-04-07,2026,2026-04-08T00:00Z,,fourfactors_hl25_b2b_carry25_phase_luck_talent_ft_avail_v6,reconstructed,NOP,UTA,79,79,0,0,19.106,0.69228,NOP,0.69228,,,,,-600.0,440.0,-245.0,200.0,0.68056,dk,156.0,137.0,1.0,-6.5,-102.0,-118.0,,,,,,,,,,,,,,,,,,-719.0,189.0,-251.0,208.0,0.695
401811009,2026-04-07,2026,2026-04-08T02:00Z,,fourfactors_hl25_b2b_carry25_phase_luck_talent_ft_avail_v6,reconstructed,GSW,SAC,78,79,0,0,18.277,0.82238,GSW,0.82238,,,,,-1100.0,700.0,-1100.0,700.0,0.88,dk,110.0,105.0,1.0,-14.5,-112.0,-108.0,,,,,,,,,,,,,,,,,,-719.0,146.0,-967.0,756.0,0.895
401811010,2026-04-07,2026,2026-04-08T02:30Z,,fourfactors_hl25_b2b_carry25_phase_luck_talent_ft_avail_v6,reconstructed,LAL,OKC,78,78,0,0,-16.921,0.10965,OKC,0.89035,,,,,750.0,-1200.0,1100.0,-2100.0,0.08029,dk,87.0,123.0,0.0,17.5,-108.0,-112.0,,,,,,,,,,,,,,,,,,625.0,-1236.0,1464.0,-2042.0,0.055
401811011,2026-04-07,2026,2026-04-08T02:30Z,,fourfactors_hl25_b2b_carry25_phase_luck_talent_ft_avail_v6,reconstructed,LAC,DAL,78,78,0,0,30.2,0.85413,LAC,0.85413,,,,,-535.0,400.0,-650.0,470.0,0.83165,dk,116.0,103.0,1.0,-11.5,-118.0,-102.0,,,,,,,,,,,,,,,,,,-660.0,398.0,-609.0,490.0,0.845
401811012,2026-04-07,2026,2026-04-08T03:00Z,,fourfactors_hl25_b2b_carry25_phase_luck_talent_ft_avail_v6,reconstructed,PHO,HOU,78,78,0,0,-5.37,0.45004,HOU,0.54996,,,,,105.0,-125.0,-102.0,-118.0,0.48264,dk,105.0,119.0,0.0,1.5,-110.0,-110.0,,,,,,,,,,,,,,,,,,-116.0,-148.0,101.0,-121.0,0.475
401811013,2026-04-08,2026,2026-04-08T23:00Z,,fourfactors_hl25_b2b_carry25_phase_luck_talent_ft_avail_v6,reconstructed,CLE,ATL,79,79,0,0,1.234,0.62231,CLE,0.62231,,,,,-135.0,114.0,-175.0,145.0,0.60924,dk,122.0,116.0,1.0,-4.5,-105.0,-115.0,,,,,,,,,,,,,,,,,,-199.0,-183.0,-175.0,146.0,0.615
401811014,2026-04-08,2026,2026-04-08T23:00Z,,fourfactors_hl25_b2b_carry25_phase_luck_talent_ft_avail_v6,reconstructed,ORL,MIN,79,79,0,1,-16.594,0.61478,ORL,0.61478,,,,,-230.0,190.0,-470.0,360.0,0.79136,dk,132.0,120.0,1.0,-11.5,-112.0,-108.0,,,,,,,,,,,,,,,,,,-251.0,-168.0,-489.0,398.0,0.815
401811015,2026-04-08,2026,2026-04-08T23:00Z,,fourfactors_hl25_b2b_carry25_phase_luck_talent_ft_avail_v6,reconstructed,DET,MIL,79,79,0,1,40.115,0.91064,DET,0.91064,,,,,-2100.0,1100.0,-3200.0,1400.0,0.93567,dk,137.0,111.0,1.0,-22.5,-105.0,-115.0,,,,,,,,,,,,,,,,,,-660.0,181.0,-2580.0,1775.0,0.955
401811017,2026-04-08,2026,2026-04-09T01:00Z,,fourfactors_hl25_b2b_carry25_phase_luck_talent_ft_avail_v6,reconstructed,DEN,MEM,79,79,0,0,34.812,0.92358,DEN,0.92358,,,,,-4000.0,1600.0,-5000.0,1800.0,0.94905,dk,136.0,119.0,1.0,-23.5,-110.0,-110.0,,,,,,,,,,,,,,,,,,-1428.0,685.0,-5268.0,3021.0,0.975
401811016,2026-04-08,2026,2026-04-09T01:30Z,,fourfactors_hl25_b2b_carry25_phase_luck_talent_ft_avail_v6,reconstructed,SAS,POR,79,79,0,0,26.212,0.71898,SAS,0.71898,,,,,-162.0,136.0,-155.0,130.0,0.58299,dk,112.0,101.0,1.0,-2.5,-118.0,-102.0,,,,,,,,,,,,,,,,,,-609.0,166.0,-161.0,129.0,0.58911
401811018,2026-04-08,2026,2026-04-09T02:00Z,,fourfactors_hl25_b2b_carry25_phase_luck_talent_ft_avail_v6,reconstructed,LAC,OKC,79,79,1,1,-17.456,0.2245,OKC,0.7755,,,,,210.0,-258.0,295.0,-375.0,0.24281,dk,110.0,128.0,0.0,8.5,-105.0,-115.0,,,,,,,,,,,,,,,,,,-107.0,-609.0,280.0,-360.0,0.24257
401811019,2026-04-08,2026,2026-04-09T02:00Z,,fourfactors_hl25_b2b_carry25_phase_luck_talent_ft_avail_v6,reconstructed,PHO,DAL,79,79,1,1,23.576,0.80853,PHO,0.80853,,,,,-500.0,380.0,-700.0,500.0,0.84,dk,112.0,107.0,1.0,-12.5,-110.0,-110.0,,,,,,,,,,,,,,,,,,-564.0,240.0,-660.0,529.0,0.855
401811020,2026-04-09,2026,2026-04-09T23:00Z,,fourfactors_hl25_b2b_carry25_phase_luck_talent_ft_avail_v6,reconstructed,TOR,MIA,79,79,0,0,8.472,0.5904,TOR,0.5904,,,,,-192.0,160.0,-170.0,142.0,0.60376,dk,128.0,114.0,1.0,-4.5,-105.0,-115.0,,,,,,,,,,,,,,,,,,-131.0,-121.0,-175.0,140.0,0.60891
401811021,2026-04-09,2026,2026-04-09T23:00Z,,fourfactors_hl25_b2b_carry25_phase_luck_talent_ft_avail_v6,reconstructed,WAS,CHI,79,79,0,0,-16.321,0.45534,CHI,0.54466,,,,,180.0,-218.0,230.0,-285.0,0.29046,dk,108.0,119.0,0.0,6.5,-102.0,-118.0,,,,,,,,,,,,,,,,,,166.0,-251.0,229.0,-276.0,0.285
401811022,2026-04-09,2026,2026-04-09T23:30Z,,fourfactors_hl25_b2b_carry25_phase_luck_talent_ft_avail_v6,reconstructed,BRK,IND,79,79,0,0,-15.056,0.42435,IND,0.57565,,,,,102.0,-122.0,136.0,-162.0,0.40663,dk,94.0,123.0,0.0,3.5,-115.0,-105.0,,,,,,,,,,,,,,,,,,-112.0,-142.0,134.0,-168.0,0.40099
401811023,2026-04-09,2026,2026-04-09T23:30Z,,fourfactors_hl25_b2b_carry25_phase_luck_talent_ft_avail_v6,reconstructed,NYK,BOS,79,79,0,0,-0.302,0.53832,NYK,0.53832,,,,,-155.0,130.0,-162.0,136.0,0.59337,dk,112.0,106.0,1.0,-3.5,-112.0,-108.0,,,,,,,,,,,,,,,,,,109.0,-199.0,-168.0,140.0,0.605
401811024,2026-04-09,2026,2026-04-10T00:00Z,,fourfactors_hl25_b2b_carry25_phase_luck_talent_ft_avail_v6,reconstructed,HOU,PHI,79,79,0,0,14.351,0.76154,HOU,0.76154,,,,,-162.0,136.0,-258.0,210.0,0.69079,dk,113.0,102.0,1.0,-6.5,-108.0,-112.0,,,,,,,,,,,,,,,,,,-430.0,-161.0,-251.0,208.0,0.695
401811025,2026-04-09,2026,2026-04-10T02:00Z,,fourfactors_hl25_b2b_carry25_phase_luck_talent_ft_avail_v6,reconstructed,GSW,LAL,79,79,0,0,-15.794,0.59804,GSW,0.59804,,,,,-205.0,170.0,-118.0,-102.0,0.51736,dk,103.0,119.0,0.0,-1.5,-108.0,-112.0,,,,,,,,,,,,,,,,,,-360.0,-107.0,-121.0,101.0,0.525
401811026,2026-04-10,2026,2026-04-10T23:00Z,,fourfactors_hl25_b2b_carry25_phase_luck_talent_ft_avail_v6,reconstructed,CHO,DET,80,80,0,0,-6.267,0.41383,DET,0.58617,,,,,-135.0,114.0,-218.0,180.0,0.65748,dk,100.0,118.0,0.0,-6.5,-105.0,-115.0,,,,,,,,,,,,,,,,,,-199.0,146.0,-208.0,166.0,0.64851
401811027,2026-04-10,2026,2026-04-10T23:00Z,,fourfactors_hl25_b2b_carry25_phase_luck_talent_ft_avail_v6,reconstructed,WAS,MIA,80,80,1,1,-34.82,0.20936,MIA,0.79064,,,,,1000.0,-1800.0,900.0,-1600.0,0.09605,dk,117.0,140.0,0.0,15.5,-105.0,-115.0,,,,,,,,,,,,,,,,,,574.0,-1684.0,945.0,-1236.0,0.085
401811028,2026-04-10,2026,2026-04-10T23:00Z,,fourfactors_hl25_b2b_carry25_phase_luck_talent_ft_avail_v6,reconstructed,ATL,CLE,80,80,0,0,-2.441,0.42819,CLE,0.57181,,,,,-245.0,200.0,-355.0,280.0,0.74778,dk,124.0,102.0,1.0,-8.5,-105.0,-115.0,,,,,,,,,,,,,,,,,,-218.0,-107.0,-340.0,280.0,0.755
401811029,2026-04-10,2026,2026-04-10T23:30Z,,fourfactors_hl25_b2b_carry25_phase_luck_talent_ft_avail_v6,reconstructed,BOS,NOP,80,80,1,0,24.748,0.88667,BOS,0.88667,,,,,-1350.0,800.0,-2100.0,1100.0,0.91971,dk,144.0,118.0,1.0,-18.5,-105.0,-115.0,,,,,,,,,,,,,,,,,,-660.0,296.0,-1684.0,1464.0,0.94444
401811030,2026-04-10,2026,2026-04-10T23:30Z,,fourfactors_hl25_b2b_carry25_phase_luck_talent_ft_avail_v6,reconstructed,IND,PHI,80,80,1,1,-13.222,0.39296,PHI,0.60704,,,,,700.0,-1100.0,700.0,-1100.0,0.12,dk,94.0,105.0,0.0,14.5,-105.0,-115.0,,,,,,,,,,,,,,,,,,280.0,-660.0,685.0,-967.0,0.11386
401811031,2026-04-10,2026,2026-04-10T23:30Z,,fourfactors_hl25_b2b_carry25_phase_luck_talent_ft_avail_v6,reconstructed,NYK,TOR,80,80,1,1,6.473,0.72391,NYK,0.72391,,,,,-198.0,164.0,-270.0,220.0,0.70016,dk,112.0,95.0,1.0,-6.5,-108.0,-112.0,,,,,,,,,,,,,,,,,,-251.0,-154.0,-263.0,218.0,0.705
401811032,2026-04-10,2026,2026-04-11T00:00Z,,fourfactors_hl25_b2b_carry25_phase_luck_talent_ft_avail_v6,reconstructed,CHI,ORL,80,80,1,0,-8.481,0.21548,ORL,0.78452,,,,,675.0,-1050.0,800.0,-1350.0,0.10662,dk,103.0,127.0,0.0,16.5,-115.0,-105.0,,,,,,,,,,,,,,,,,,208.0,-660.0,841.0,-1087.0,0.095
401811034,2026-04-10,2026,2026-04-11T00:00Z,,fourfactors_hl25_b2b_carry25_phase_luck_talent_ft_avail_v6,reconstructed,MIL,BRK,80,80,0,1,15.315,0.7374,MIL,0.7374,,,,,-360.0,285.0,-500.0,380.0,0.8,dk,125.0,108.0,1.0,-10.5,-102.0,-118.0,,,,,,,,,,,,,,,,,,-525.0,-131.0,-458.0,373.0,0.805
401811035,2026-04-10,2026,2026-04-11T00:00Z,,fourfactors_hl25_b2b_carry25_phase_luck_talent_ft_avail_v6,reconstructed,SAS,DAL,80,80,0,0,49.076,0.90904,SAS,0.90904,,,,,-1450.0,850.0,-2100.0,1100.0,0.91971,dk,139.0,120.0,1.0,-18.5,-105.0,-115.0,,,,,,,,,,,,,,,,,,-660.0,266.0,-1684.0,1241.0,0.935
401811037,2026-04-10,2026,2026-04-11T01:00Z,,fourfactors_hl25_b2b_carry25_phase_luck_talent_ft_avail_v6,reconstructed,DEN,OKC,80,80,0,0,-18.544,0.13961,OKC,0.86039,,,,,-440.0,340.0,-142.0,120.0,0.56349,dk,127.0,107.0,1.0,-2.5,-108.0,-112.0,,,,,,,,,,,,,,,,,,-290.0,229.0,-137.0,119.0,0.56061
401811033,2026-04-10,2026,2026-04-11T01:30Z,,fourfactors_hl25_b2b_carry25_phase_luck_talent_ft_avail_v6,reconstructed,HOU,MIN,80,80,1,0,3.694,0.65586,HOU,0.65586,,,,,-375.0,295.0,-485.0,370.0,0.79578,dk,132.0,136.0,0.0,-9.5,-112.0,-108.0,,,,,,,,,,,,,,,,,,-290.0,-103.0,-458.0,373.0,0.805
401811036,2026-04-10,2026,2026-04-11T01:30Z,,fourfactors_hl25_b2b_carry25_phase_luck_talent_ft_avail_v6,reconstructed,UTA,MEM,80,80,0,0,-4.337,0.55773,UTA,0.55773,,,,,-155.0,130.0,-180.0,150.0,0.61644,dk,147.0,101.0,1.0,-4.5,-115.0,-105.0,,,,,,,,,,,,,,,,,,-218.0,-218.0,-191.0,159.0,0.635
401811038,2026-04-10,2026,2026-04-11T02:00Z,,fourfactors_hl25_b2b_carry25_phase_luck_talent_ft_avail_v6,reconstructed,POR,LAC,80,80,0,0,-8.983,0.5175,POR,0.5175,,,,,-122.0,102.0,-122.0,102.0,0.52609,dk,116.0,97.0,1.0,-1.5,-115.0,-105.0,,,,,,,,,,,,,,,,,,-251.0,-322.0,-126.0,105.0,0.535
401811039,2026-04-10,2026,2026-04-11T02:00Z,,fourfactors_hl25_b2b_carry25_phase_luck_talent_ft_avail_v6,reconstructed,SAC,GSW,80,80,0,1,-17.223,0.40711,GSW,0.59289,,,,,380.0,-500.0,380.0,-500.0,0.2,dk,124.0,118.0,1.0,10.5,-102.0,-118.0,,,,,,,,,,,,,,,,,,124.0,-458.0,398.0,-489.0,0.185
401811040,2026-04-10,2026,2026-04-11T02:30Z,,fourfactors_hl25_b2b_carry25_phase_luck_talent_ft_avail_v6,reconstructed,LAL,PHO,80,80,1,0,6.323,0.53973,LAL,0.53973,,,,,105.0,-125.0,110.0,-130.0,0.45726,dk,101.0,73.0,1.0,2.5,-115.0,-105.0,,,,,,,,,,,,,,,,,,101.0,-609.0,114.0,-137.0,0.445
401811041,2026-04-12,2026,2026-04-12T22:00Z,,fourfactors_hl25_b2b_carry25_phase_luck_talent_ft_avail_v6,reconstructed,BOS,ORL,81,81,0,0,23.733,0.6978,BOS,0.6978,,,,,136.0,-162.0,525.0,-750.0,0.1535,dk,113.0,108.0,1.0,12.5,-102.0,-118.0,,,,,,,,,,,,,,,,,,-404.0,105.0,529.0,-660.0,0.145
401811042,2026-04-12,2026,2026-04-12T22:00Z,,fourfactors_hl25_b2b_carry25_phase_luck_talent_ft_avail_v6,reconstructed,CLE,WAS,81,81,0,0,47.363,0.85698,CLE,0.85698,,,,,-1650.0,950.0,-500.0,380.0,0.8,dk,130.0,117.0,1.0,-10.5,-115.0,-105.0,,,,,,,,,,,,,,,,,,-660.0,189.0,-458.0,373.0,0.805
401811043,2026-04-12,2026,2026-04-12T22:00Z,,fourfactors_hl25_b2b_carry25_phase_luck_talent_ft_avail_v6,reconstructed,IND,DET,81,81,0,0,-41.745,0.15514,DET,0.84486,,,,,575.0,-850.0,750.0,-1200.0,0.11304,dk,121.0,133.0,0.0,16.5,-112.0,-108.0,,,,,,,,,,,,,,,,,,296.0,-719.0,841.0,-1087.0,0.095
401811044,2026-04-12,2026,2026-04-12T22:00Z,,fourfactors_hl25_b2b_carry25_phase_luck_talent_ft_avail_v6,reconstructed,MIA,ATL,81,81,0,0,-11.768,0.65353,MIA,0.65353,,,,,200.0,-245.0,-470.0,360.0,0.79136,dk,143.0,117.0,1.0,-10.5,-112.0,-108.0,,,,,,,,,,,,,,,,,,166.0,-381.0,-430.0,331.0,0.78713
401811045,2026-04-12,2026,2026-04-12T22:00Z,,fourfactors_hl25_b2b_carry25_phase_luck_talent_ft_avail_v6,reconstructed,NYK,CHO,81,81,0,0,5.177,0.53705,NYK,0.53705,,,,,270.0,-340.0,600.0,-900.0,0.13699,dk,96.0,110.0,0.0,14.5,-112.0,-108.0,,,,,,,,,,,,,,,,,,-154.0,-112.0,625.0,-869.0,0.12376
401811046,2026-04-12,2026,2026-04-12T22:00Z,,fourfactors_hl25_b2b_carry25_phase_luck_talent_ft_avail_v6,reconstructed,PHI,MIL,81,81,0,0,16.519,0.76998,PHI,0.76998,,,,,-1100.0,700.0,-1350.0,800.0,0.89338,dk,126.0,106.0,1.0,-16.5,-108.0,-112.0,,,,,,,,,,,,,,,,,,-869.0,240.0,-1236.0,1074.0,0.92424
401811047,2026-04-12,2026,2026-04-12T22:00Z,,fourfactors_hl25_b2b_carry25_phase_luck_talent_ft_avail_v6,reconstructed,TOR,BRK,81,81,0,0,47.94,0.9024,TOR,0.9024,,,,,-2800.0,1300.0,-5000.0,1800.0,0.94905,dk,136.0,101.0,1.0,-23.5,-115.0,-105.0,,,,,,,,,,,,,,,,,,-2042.0,574.0,-5268.0,3021.0,0.975
401811048,2026-04-12,2026,2026-04-13T00:30Z,,fourfactors_hl25_b2b_carry25_phase_luck_talent_ft_avail_v6,reconstructed,DAL,CHI,81,81,0,0,-3.923,0.52959,DAL,0.52959,,,,,-290.0,235.0,-205.0,170.0,0.64473,dk,149.0,128.0,1.0,-5.5,-105.0,-115.0,,,,,,,,,,,,,,,,,,-609.0,-161.0,-199.0,166.0,0.645
401811049,2026-04-12,2026,2026-04-13T00:30Z,,fourfactors_hl25_b2b_carry25_phase_luck_talent_ft_avail_v6,reconstructed,HOU,MEM,81,81,0,0,37.859,0.90325,HOU,0.90325,,,,,-1350.0,800.0,-1100.0,700.0,0.88,dk,132.0,101.0,1.0,-14.5,-115.0,-105.0,,,,,,,,,,,,,,,,,,-869.0,296.0,-967.0,756.0,0.895
401811050,2026-04-12,2026,2026-04-13T00:30Z,,fourfactors_hl25_b2b_carry25_phase_luck_talent_ft_avail_v6,reconstructed,MIN,NOP,81,81,0,0,16.639,0.69324,MIN,0.69324,,,,,-470.0,360.0,-180.0,150.0,0.61644,dk,132.0,126.0,1.0,-3.5,-112.0,-108.0,,,,,,,,,,,,,,,,,,-719.0,159.0,-168.0,140.0,0.605
401811051,2026-04-12,2026,2026-04-13T00:30Z,,fourfactors_hl25_b2b_carry25_phase_luck_talent_ft_avail_v6,reconstructed,OKC,PHO,81,81,0,0,26.518,0.68145,OKC,0.68145,,,,,-225.0,185.0,-310.0,250.0,0.72575,dk,103.0,135.0,0.0,-7.5,-105.0,-115.0,,,,,,,,,,,,,,,,,,-183.0,140.0,-306.0,240.0,0.72772
401811052,2026-04-12,2026,2026-04-13T00:30Z,,fourfactors_hl25_b2b_carry25_phase_luck_talent_ft_avail_v6,reconstructed,SAS,DEN,81,81,0,0,16.199,0.80726,SAS,0.80726,,,,,114.0,-135.0,-440.0,340.0,0.78191,dk,118.0,128.0,0.0,-9.5,-112.0,-108.0,,,,,,,,,,,,,,,,,,-381.0,-208.0,-404.0,351.0,0.79293
401811053,2026-04-12,2026,2026-04-13T00:30Z,,fourfactors_hl25_b2b_carry25_phase_luck_talent_ft_avail_v6,reconstructed,LAL,UTA,81,81,0,0,35.776,0.79812,LAL,0.79812,,,,,-1650.0,950.0,-1100.0,700.0,0.88,dk,131.0,107.0,1.0,-14.5,-110.0,-110.0,,,,,,,,,,,,,,,,,,-719.0,129.0,-1087.0,841.0,0.905
401811054,2026-04-12,2026,2026-04-13T00:30Z,,fourfactors_hl25_b2b_carry25_phase_luck_talent_ft_avail_v6,reconstructed,LAC,GSW,81,81,0,0,17.289,0.61292,LAC,0.61292,,,,,-360.0,285.0,-162.0,136.0,0.59337,dk,115.0,110.0,1.0,-3.5,-112.0,-108.0,,,,,,,,,,,,,,,,,,-430.0,146.0,-161.0,134.0,0.595
401811055,2026-04-12,2026,2026-04-13T00:30Z,,fourfactors_hl25_b2b_carry25_phase_luck_talent_ft_avail_v6,reconstructed,POR,SAC,81,81,0,0,26.02,0.80365,POR,0.80365,,,,,-1450.0,850.0,-2400.0,1200.0,0.92582,dk,122.0,110.0,1.0,-18.5,-110.0,-110.0,,,,,,,,,,,,,,,,,,-719.0,218.0,-2042.0,1464.0,0.945
