game_id,slate_date,season,tip_utc,home,away,home_won,p_home,close_book,close_home_ml,close_away_ml,close_q_home,open_home_ml,open_away_ml,kalshi_event,k_close_home_ml,k_close_away_ml,k_close_q_home,k_close_min_before,k_open_home_ml,k_open_away_ml,k_open_q_home,k_open_min_before
401809946,2025-10-24,2026,2025-10-24T22:30Z,TOR,MIL,0.0,0.49308,espnbet,-130.0,110.0,0.54274,-125.0,105.0,KXNBAGAME-25OCT24MILTOR,-131.0,109.0,0.545,0.0,-121.0,-121.0,0.44382,2190.0
401809943,2025-10-24,2026,2025-10-24T23:00Z,ORL,ATL,0.0,0.62268,espnbet,-215.0,180.0,0.65649,-230.0,195.0,KXNBAGAME-25OCT24ATLORL,-218.0,189.0,0.67172,0.0,-251.0,166.0,0.665,2220.0
401809944,2025-10-24,2026,2025-10-24T23:30Z,BRK,CLE,0.0,0.22709,espnbet,475.0,-750.0,0.16465,550.0,-900.0,KXNBAGAME-25OCT24CLEBKN,490.0,-609.0,0.155,0.0,266.0,-719.0,0.24057,2250.0
401809945,2025-10-24,2026,2025-10-24T23:30Z,NYK,BOS,1.0,0.44767,espnbet,-170.0,145.0,0.6067,-270.0,220.0,KXNBAGAME-25OCT24BOSNYK,-175.0,146.0,0.615,0.0,-306.0,208.0,0.71212,2250.0
401809947,2025-10-24,2026,2025-10-25T00:00Z,HOU,DET,0.0,0.58532,espnbet,-270.0,220.0,0.70016,-240.0,200.0,KXNBAGAME-25OCT24DETHOU,-263.0,218.0,0.705,0.0,-306.0,208.0,0.71212,2280.0
401809948,2025-10-24,2026,2025-10-25T00:00Z,MEM,MIA,0.0,0.63683,espnbet,-150.0,130.0,0.57983,-200.0,170.0,KXNBAGAME-25OCT24MIAMEM,-154.0,129.0,0.585,0.0,-191.0,-103.0,0.56477,2280.0
401809949,2025-10-24,2026,2025-10-25T00:00Z,NOP,SAS,0.0,0.37111,espnbet,140.0,-165.0,0.40091,130.0,-150.0,KXNBAGAME-25OCT24SASNOP,152.0,-183.0,0.375,0.0,124.0,-154.0,0.42,2280.0
401809950,2025-10-24,2026,2025-10-25T00:30Z,DAL,WAS,0.0,0.67244,espnbet,-425.0,320.0,0.77273,-1400.0,750.0,KXNBAGAME-25OCT24WASDAL,-458.0,373.0,0.805,0.0,-719.0,266.0,0.75943,2310.0
401809951,2025-10-24,2026,2025-10-25T02:00Z,LAL,MIN,1.0,0.48439,espnbet,105.0,-125.0,0.46753,100.0,-120.0,KXNBAGAME-25OCT24MINLAL,105.0,-131.0,0.4604,0.0,-137.0,-121.0,0.51759,2400.0
401809952,2025-10-24,2026,2025-10-25T02:00Z,POR,GSW,1.0,0.55678,espnbet,130.0,-150.0,0.42017,105.0,-125.0,KXNBAGAME-25OCT24GSWPOR,134.0,-161.0,0.405,0.0,101.0,-137.0,0.4505,2400.0
401809953,2025-10-24,2026,2025-10-25T02:00Z,SAC,UTA,1.0,0.73001,espnbet,-225.0,190.0,0.66752,-170.0,145.0,KXNBAGAME-25OCT24UTASAC,-218.0,173.0,0.65842,0.0,-168.0,114.0,0.58081,2400.0
401809954,2025-10-24,2026,2025-10-25T02:30Z,LAC,PHO,1.0,0.72785,espnbet,-450.0,340.0,0.78261,-450.0,340.0,KXNBAGAME-25OCT24PHXLAC,-381.0,313.0,0.775,0.0,-404.0,266.0,0.75,2430.0
401809955,2025-10-25,2026,2025-10-25T23:00Z,ORL,CHI,0.0,0.47074,espnbet,-240.0,200.0,0.67925,-210.0,175.0,KXNBAGAME-25OCT25CHIORL,-239.0,198.0,0.685,0.0,-719.0,-719.0,0.5,2460.0
401809956,2025-10-25,2026,2025-10-25T23:30Z,ATL,OKC,0.0,0.25947,espnbet,260.0,-320.0,0.26718,230.0,-280.0,KXNBAGAME-25OCT25OKCATL,280.0,-340.0,0.245,0.0,-719.0,574.0,0.78906,2490.0
401809957,2025-10-25,2026,2025-10-25T23:30Z,PHI,CHO,1.0,0.65689,espnbet,-190.0,160.0,0.6301,-270.0,220.0,KXNBAGAME-25OCT25CHAPHI,-191.0,159.0,0.635,0.0,-719.0,-112.0,0.68,2490.0
401809958,2025-10-25,2026,2025-10-26T00:00Z,MEM,IND,1.0,0.40317,espnbet,-135.0,115.0,0.55259,120.0,-140.0,KXNBAGAME-25OCT25INDMEM,-126.0,105.0,0.535,0.0,-719.0,-719.0,0.5,2520.0
401809959,2025-10-25,2026,2025-10-26T01:00Z,DEN,PHO,1.0,0.83169,espnbet,-900.0,550.0,0.85401,-900.0,550.0,KXNBAGAME-25OCT25PHXDEN,-660.0,529.0,0.855,0.0,-719.0,-719.0,0.5,2580.0
401809960,2025-10-26,2026,2025-10-26T18:00Z,SAS,BRK,1.0,0.82712,espnbet,-550.0,380.0,0.80243,-650.0,425.0,KXNBAGAME-25OCT26BKNSAS,-458.0,373.0,0.805,0.0,-360.0,266.0,0.66667,3240.0
401809961,2025-10-26,2026,2025-10-26T19:30Z,DET,BOS,1.0,0.52135,espnbet,-135.0,115.0,0.55259,-165.0,140.0,KXNBAGAME-25OCT26BOSDET,-137.0,114.0,0.555,0.0,-137.0,-103.0,0.52258,2970.0
401809962,2025-10-26,2026,2025-10-26T22:00Z,CLE,MIL,1.0,0.67342,espnbet,-240.0,200.0,0.67925,-275.0,225.0,KXNBAGAME-25OCT26MILCLE,-239.0,198.0,0.685,0.0,-660.0,-660.0,0.5,3120.0
401809963,2025-10-26,2026,2025-10-26T22:00Z,MIA,NYK,1.0,0.65459,espnbet,125.0,-145.0,0.42888,120.0,-140.0,KXNBAGAME-25OCT26NYKMIA,129.0,-161.0,0.41089,0.0,-660.0,-660.0,0.5,3120.0
401809964,2025-10-26,2026,2025-10-26T22:00Z,WAS,CHO,0.0,0.68498,espnbet,-125.0,105.0,0.53247,-125.0,105.0,KXNBAGAME-25OCT26CHAWAS,-131.0,114.0,0.55051,0.0,-660.0,-660.0,0.5,3120.0
401809965,2025-10-26,2026,2025-10-26T23:00Z,MIN,IND,1.0,0.75185,espnbet,-550.0,380.0,0.80243,-500.0,360.0,KXNBAGAME-25OCT26INDMIN,-564.0,398.0,0.81863,0.0,-660.0,-660.0,0.5,3180.0
401809966,2025-10-26,2026,2025-10-26T23:30Z,DAL,TOR,1.0,0.4293,espnbet,-105.0,-115.0,0.48917,-125.0,105.0,KXNBAGAME-25OCT26TORDAL,-107.0,-107.0,0.5,0.0,-660.0,-660.0,0.5,3210.0
401809967,2025-10-26,2026,2025-10-27T01:00Z,LAC,POR,1.0,0.73619,espnbet,-320.0,260.0,0.73282,-300.0,250.0,KXNBAGAME-25OCT26PORLAC,-306.0,252.0,0.735,0.0,-660.0,-660.0,0.5,3300.0
401809968,2025-10-26,2026,2025-10-27T01:00Z,SAC,LAL,0.0,0.51475,espnbet,-140.0,120.0,0.56204,100.0,-120.0,KXNBAGAME-25OCT26LALSAC,-168.0,140.0,0.605,0.0,-660.0,-660.0,0.5,3300.0
401809245,2025-10-27,2026,2025-10-27T23:00Z,DET,CLE,0.0,0.50486,espnbet,110.0,-130.0,0.45726,105.0,-125.0,KXNBAGAME-25OCT27CLEDET,105.0,-131.0,0.4604,0.0,-489.0,-660.0,0.48858,3000.0
401809969,2025-10-27,2026,2025-10-27T23:00Z,PHI,ORL,1.0,0.53122,espnbet,200.0,-240.0,0.32075,165.0,-195.0,KXNBAGAME-25OCT27ORLPHI,189.0,-228.0,0.325,0.0,-660.0,-660.0,0.49776,3000.0
401809970,2025-10-27,2026,2025-10-28T00:00Z,CHI,ATL,1.0,0.68419,espnbet,115.0,-135.0,0.44741,105.0,-125.0,KXNBAGAME-25OCT27ATLCHI,114.0,-137.0,0.445,0.0,-660.0,-660.0,0.5,3060.0
401809971,2025-10-27,2026,2025-10-28T00:00Z,HOU,BRK,1.0,0.87629,espnbet,-1600.0,800.0,0.89441,-2000.0,1000.0,KXNBAGAME-25OCT27BKNHOU,-869.0,685.0,0.885,0.0,-660.0,-660.0,0.50446,3060.0
401809972,2025-10-27,2026,2025-10-28T00:00Z,NOP,BOS,0.0,0.37601,espnbet,155.0,-185.0,0.37661,-140.0,120.0,KXNBAGAME-25OCT27BOSNOP,166.0,-199.0,0.355,0.0,-660.0,-660.0,0.5,3060.0
401809973,2025-10-27,2026,2025-10-28T00:00Z,SAS,TOR,1.0,0.70616,espnbet,-185.0,155.0,0.62339,-185.0,155.0,KXNBAGAME-25OCT27TORSAS,-183.0,159.0,0.63131,0.0,-660.0,-660.0,0.50885,3060.0
401809974,2025-10-27,2026,2025-10-28T00:30Z,DAL,OKC,0.0,0.19145,espnbet,300.0,-400.0,0.2381,280.0,-360.0,KXNBAGAME-25OCT27OKCDAL,280.0,-340.0,0.245,0.0,-660.0,-660.0,0.49554,3090.0
401809975,2025-10-27,2026,2025-10-28T01:00Z,UTA,PHO,1.0,0.56957,espnbet,-125.0,105.0,0.53247,100.0,-120.0,KXNBAGAME-25OCT27PHXUTA,-126.0,105.0,0.535,0.0,-660.0,-660.0,0.5,3120.0
401809246,2025-10-27,2026,2025-10-28T01:30Z,MIN,DEN,0.0,0.51907,espnbet,195.0,-230.0,0.32722,-125.0,105.0,KXNBAGAME-25OCT27DENMIN,189.0,-239.0,0.32178,0.0,-660.0,-660.0,0.5,3150.0
401809976,2025-10-27,2026,2025-10-28T02:00Z,GSW,MEM,1.0,0.62757,espnbet,-340.0,270.0,0.74087,-380.0,290.0,KXNBAGAME-25OCT27MEMGSW,-306.0,252.0,0.735,0.0,-609.0,-564.0,0.52093,3180.0
401809977,2025-10-27,2026,2025-10-28T02:30Z,LAL,POR,0.0,0.70817,espnbet,125.0,-145.0,0.42888,105.0,-125.0,KXNBAGAME-25OCT27PORLAL,124.0,-148.0,0.425,0.0,-660.0,-660.0,0.5,3210.0
401809978,2025-10-28,2026,2025-10-28T23:00Z,WAS,PHI,0.0,0.57722,espnbet,165.0,-195.0,0.36341,165.0,-195.0,KXNBAGAME-25OCT28PHIWAS,166.0,-199.0,0.355,0.0,146.0,-263.0,0.4,3180.0
401809979,2025-10-28,2026,2025-10-28T23:30Z,MIA,CHO,1.0,0.78094,espnbet,-175.0,150.0,0.61404,-230.0,195.0,KXNBAGAME-25OCT28CHAMIA,-183.0,152.0,0.625,0.0,-168.0,114.0,0.55128,3210.0
401809980,2025-10-28,2026,2025-10-29T00:00Z,MIL,NYK,1.0,0.70172,espnbet,115.0,-135.0,0.44741,105.0,-125.0,KXNBAGAME-25OCT28NYKMIL,109.0,-131.0,0.455,0.0,114.0,-199.0,0.4375,3240.0
401809981,2025-10-28,2026,2025-10-29T00:00Z,OKC,SAC,1.0,0.73016,espnbet,-425.0,320.0,0.77273,-650.0,425.0,KXNBAGAME-25OCT28SACOKC,-404.0,313.0,0.77723,0.0,-430.0,266.0,0.67308,3240.0
401809982,2025-10-28,2026,2025-10-29T03:00Z,GSW,LAC,1.0,0.43227,espnbet,-105.0,-115.0,0.48917,-125.0,105.0,KXNBAGAME-25OCT28LACGSW,-103.0,-116.0,0.485,0.0,-161.0,-609.0,0.4359,3240.0
401809986,2025-10-29,2026,2025-10-29T22:30Z,TOR,HOU,0.0,0.43888,espnbet,180.0,-215.0,0.34351,165.0,-195.0,KXNBAGAME-25OCT29HOUTOR,189.0,-239.0,0.32178,0.0,114.0,-199.0,0.42424,3150.0
401809983,2025-10-29,2026,2025-10-29T23:00Z,BOS,CLE,1.0,0.62054,espnbet,140.0,-165.0,0.40091,150.0,-175.0,KXNBAGAME-25OCT29CLEBOS,140.0,-168.0,0.395,0.0,134.0,-218.0,0.40244,3180.0
401809984,2025-10-29,2026,2025-10-29T23:00Z,DET,ORL,1.0,0.6551,espnbet,110.0,-130.0,0.45726,-115.0,-105.0,KXNBAGAME-25OCT29ORLDET,101.0,-121.0,0.475,0.0,-228.0,134.0,0.58491,3180.0
401809985,2025-10-29,2026,2025-10-29T23:30Z,BRK,ATL,0.0,0.37661,espnbet,260.0,-320.0,0.26718,280.0,-360.0,KXNBAGAME-25OCT29ATLBKN,252.0,-322.0,0.26238,0.0,266.0,-381.0,0.31788,3210.0
401809987,2025-10-29,2026,2025-10-30T00:00Z,CHI,SAC,1.0,0.75332,espnbet,-175.0,150.0,0.61404,-190.0,160.0,KXNBAGAME-25OCT29SACCHI,-183.0,146.0,0.61881,0.0,-251.0,134.0,0.59006,3240.0
401809988,2025-10-29,2026,2025-10-30T00:30Z,DAL,IND,1.0,0.45776,espnbet,-225.0,190.0,0.66752,-380.0,290.0,KXNBAGAME-25OCT29INDDAL,-239.0,198.0,0.685,0.0,-154.0,-121.0,0.51852,3270.0
401809989,2025-10-29,2026,2025-10-30T01:00Z,DEN,NOP,1.0,0.86616,espnbet,-650.0,425.0,0.81982,-1000.0,600.0,KXNBAGAME-25OCT29NOPDEN,-660.0,490.0,0.84653,0.0,-208.0,119.0,0.56875,3300.0
401809990,2025-10-29,2026,2025-10-30T01:00Z,UTA,POR,0.0,0.44255,espnbet,130.0,-150.0,0.42017,120.0,-140.0,KXNBAGAME-25OCT29PORUTA,119.0,-142.0,0.435,0.0,129.0,-228.0,0.41875,3300.0
401809991,2025-10-29,2026,2025-10-30T01:30Z,MIN,LAL,0.0,0.62267,espnbet,-290.0,240.0,0.71657,-240.0,200.0,KXNBAGAME-25OCT29LALMIN,-276.0,229.0,0.715,0.0,-191.0,105.0,0.55152,3150.0
401809992,2025-10-29,2026,2025-10-30T02:00Z,PHO,MEM,0.0,0.4977,espnbet,110.0,-130.0,0.45726,105.0,-125.0,KXNBAGAME-25OCT29MEMPHX,114.0,-137.0,0.445,0.0,173.0,-322.0,0.37805,3180.0
401809993,2025-10-30,2026,2025-10-30T23:00Z,CHO,ORL,0.0,0.60139,espnbet,140.0,-165.0,0.40091,135.0,-155.0,KXNBAGAME-25OCT30ORLCHA,124.0,-154.0,0.42289,0.0,124.0,-175.0,0.42593,3180.0
401809994,2025-10-30,2026,2025-10-31T00:00Z,MIL,GSW,1.0,0.62745,espnbet,240.0,-290.0,0.28343,125.0,-145.0,KXNBAGAME-25OCT30GSWMIL,240.0,-290.0,0.27136,0.0,140.0,-199.0,0.42604,3240.0
401809995,2025-10-30,2026,2025-10-31T00:00Z,OKC,WAS,1.0,0.89444,espnbet,-1400.0,750.0,0.88806,-1800.0,900.0,KXNBAGAME-25OCT30WASOKC,-967.0,756.0,0.895,0.0,-564.0,266.0,0.74242,3240.0
401809996,2025-10-30,2026,2025-10-31T00:30Z,SAS,MIA,1.0,0.5636,espnbet,-225.0,190.0,0.66752,-200.0,170.0,KXNBAGAME-25OCT30MIASAS,-239.0,189.0,0.68,0.0,-322.0,208.0,0.6973,3270.0
401809502,2025-10-31,2026,2025-10-31T23:00Z,IND,ATL,0.0,0.61231,espnbet,115.0,-135.0,0.44741,115.0,-135.0,KXNBAGAME-25OCT31ATLIND,114.0,-137.0,0.445,0.0,140.0,-199.0,0.41667,3180.0
401809503,2025-10-31,2026,2025-10-31T23:00Z,PHI,BOS,0.0,0.30996,espnbet,105.0,-125.0,0.46753,-140.0,120.0,KXNBAGAME-25OCT31BOSPHI,101.0,-121.0,0.475,0.0,-154.0,119.0,0.54902,3180.0
401809504,2025-10-31,2026,2025-10-31T23:30Z,CLE,TOR,0.0,0.79005,espnbet,-190.0,160.0,0.6301,-290.0,240.0,KXNBAGAME-25OCT31TORCLE,-191.0,166.0,0.64467,0.0,-263.0,189.0,0.62581,3210.0
401809505,2025-10-31,2026,2025-11-01T00:00Z,CHI,NYK,1.0,0.66333,espnbet,165.0,-195.0,0.36341,120.0,-140.0,KXNBAGAME-25OCT31NYKCHI,152.0,-191.0,0.37129,0.0,134.0,-175.0,0.43137,3240.0
401809506,2025-10-31,2026,2025-11-01T01:30Z,MEM,LAL,0.0,0.52518,espnbet,110.0,-135.0,0.45323,-200.0,170.0,KXNBAGAME-25OCT31LALMEM,101.0,-121.0,0.475,0.0,-208.0,140.0,0.64481,3210.0
401809507,2025-10-31,2026,2025-11-01T02:00Z,PHO,UTA,1.0,0.63281,espnbet,-150.0,130.0,0.57983,-165.0,140.0,KXNBAGAME-25OCT31UTAPHX,-148.0,124.0,0.575,0.0,-148.0,105.0,0.53548,3240.0
401809508,2025-10-31,2026,2025-11-01T02:00Z,POR,DEN,1.0,0.42801,espnbet,195.0,-230.0,0.32722,215.0,-260.0,KXNBAGAME-25OCT31DENPOR,181.0,-228.0,0.33168,0.0,166.0,-218.0,0.38608,3240.0
401809509,2025-10-31,2026,2025-11-01T02:30Z,LAC,NOP,1.0,0.86699,espnbet,-650.0,425.0,0.81982,-500.0,360.0,KXNBAGAME-25OCT31NOPLAC,-525.0,373.0,0.80882,0.0,-251.0,189.0,0.63291,3270.0
401809997,2025-11-01,2026,2025-11-01T21:00Z,MIL,SAC,0.0,0.76572,espnbet,-240.0,200.0,0.67925,-225.0,190.0,KXNBAGAME-25NOV01SACMIL,-251.0,208.0,0.695,0.0,-199.0,146.0,0.61688,3240.0
401809998,2025-11-01,2026,2025-11-01T22:00Z,CHO,MIN,0.0,0.37383,espnbet,160.0,-190.0,0.3699,175.0,-210.0,KXNBAGAME-25NOV01MINCHA,146.0,-175.0,0.385,0.0,124.0,-175.0,0.425,3300.0
401809999,2025-11-01,2026,2025-11-01T23:00Z,IND,GSW,1.0,0.38596,espnbet,380.0,-550.0,0.19757,380.0,-550.0,KXNBAGAME-25NOV01GSWIND,373.0,-489.0,0.19307,0.0,240.0,-340.0,0.24103,3180.0
401810000,2025-11-01,2026,2025-11-01T23:00Z,WAS,ORL,0.0,0.38334,espnbet,290.0,-380.0,0.24465,270.0,-340.0,KXNBAGAME-25NOV01ORLWAS,296.0,-360.0,0.235,0.0,166.0,-239.0,0.3617,3180.0
401810001,2025-11-01,2026,2025-11-02T00:00Z,BOS,HOU,0.0,0.61762,espnbet,165.0,-195.0,0.36341,165.0,-195.0,KXNBAGAME-25NOV01HOUBOS,152.0,-191.0,0.37313,0.0,166.0,-276.0,0.34641,3240.0
401810003,2025-11-02,2026,2025-11-02T20:30Z,OKC,NOP,1.0,0.91648,espnbet,-800.0,500.0,0.84211,-600.0,400.0,KXNBAGAME-25NOV02NOPOKC,-719.0,529.0,0.85644,0.0,-660.0,425.0,0.81383,3210.0
401810004,2025-11-02,2026,2025-11-02T23:00Z,BRK,PHI,0.0,0.4087,espnbet,165.0,-195.0,0.36341,175.0,-210.0,KXNBAGAME-25NOV02PHIBKN,166.0,-199.0,0.355,0.0,189.0,-430.0,0.35583,3180.0
401810005,2025-11-02,2026,2025-11-02T23:00Z,CHO,UTA,1.0,0.4909,espnbet,110.0,-130.0,0.45726,-155.0,135.0,KXNBAGAME-25NOV02UTACHA,101.0,-121.0,0.475,0.0,-306.0,-154.0,0.54098,3180.0
401810006,2025-11-02,2026,2025-11-02T23:00Z,CLE,ATL,1.0,0.66453,espnbet,-240.0,200.0,0.67925,-200.0,170.0,KXNBAGAME-25NOV02ATLCLE,-239.0,198.0,0.685,0.0,-239.0,159.0,0.60256,3180.0
401810007,2025-11-02,2026,2025-11-02T23:00Z,TOR,MEM,1.0,0.55101,espnbet,-190.0,160.0,0.6301,-200.0,170.0,KXNBAGAME-25NOV02MEMTOR,-175.0,146.0,0.615,0.0,124.0,129.0,0.50725,3180.0
401810008,2025-11-02,2026,2025-11-03T00:00Z,NYK,CHI,1.0,0.50782,espnbet,-290.0,240.0,0.71657,-270.0,220.0,KXNBAGAME-25NOV02CHINYK,-263.0,218.0,0.705,0.0,-360.0,-360.0,0.5,3240.0
401810009,2025-11-02,2026,2025-11-03T01:00Z,PHO,SAS,1.0,0.39526,espnbet,195.0,-230.0,0.32722,195.0,-230.0,KXNBAGAME-25NOV02SASPHX,189.0,-228.0,0.325,0.0,240.0,-340.0,0.2663,3300.0
401810010,2025-11-02,2026,2025-11-03T02:30Z,LAL,MIA,1.0,0.54525,espnbet,-195.0,165.0,0.63659,-190.0,160.0,KXNBAGAME-25NOV02MIALAL,-208.0,166.0,0.64851,0.0,-609.0,-609.0,0.5,3210.0
401810011,2025-11-03,2026,2025-11-04T00:00Z,BRK,MIN,0.0,0.18116,espnbet,340.0,-450.0,0.21739,290.0,-380.0,KXNBAGAME-25NOV03MINBKN,331.0,-404.0,0.215,0.0,208.0,-609.0,0.33735,3240.0
401810012,2025-11-03,2026,2025-11-04T00:00Z,IND,MIL,0.0,0.40335,espnbet,210.0,-250.0,0.31111,200.0,-240.0,KXNBAGAME-25NOV03MILIND,189.0,-239.0,0.32178,0.0,159.0,-381.0,0.37576,3240.0
401810013,2025-11-03,2026,2025-11-04T00:30Z,BOS,UTA,0.0,0.89843,espnbet,-550.0,380.0,0.80243,-550.0,380.0,KXNBAGAME-25NOV03UTABOS,-458.0,373.0,0.805,0.0,-276.0,166.0,0.69036,3270.0
401810014,2025-11-03,2026,2025-11-04T00:30Z,NYK,WAS,1.0,0.73329,espnbet,-800.0,500.0,0.84211,-700.0,450.0,KXNBAGAME-25NOV03WASNYK,-660.0,529.0,0.855,0.0,-404.0,166.0,0.70098,3270.0
401810015,2025-11-03,2026,2025-11-04T01:00Z,HOU,DAL,1.0,0.82951,espnbet,-800.0,500.0,0.84211,-750.0,475.0,KXNBAGAME-25NOV03DALHOU,-609.0,490.0,0.845,0.0,-276.0,166.0,0.68229,3300.0
401810016,2025-11-03,2026,2025-11-04T01:00Z,MEM,DET,0.0,0.4016,espnbet,155.0,-185.0,0.37661,140.0,-165.0,KXNBAGAME-25NOV03DETMEM,152.0,-183.0,0.375,0.0,124.0,-175.0,0.43871,3300.0
401810017,2025-11-03,2026,2025-11-04T02:00Z,DEN,SAC,1.0,0.77619,espnbet,-700.0,450.0,0.82796,-750.0,475.0,KXNBAGAME-25NOV03SACDEN,-525.0,398.0,0.81683,0.0,-340.0,181.0,0.65294,3180.0
401810018,2025-11-03,2026,2025-11-04T03:00Z,POR,LAL,0.0,0.63614,espnbet,-400.0,300.0,0.7619,-155.0,135.0,KXNBAGAME-25NOV03LALPOR,-360.0,296.0,0.765,0.0,-458.0,-564.0,0.49315,3240.0
401810019,2025-11-03,2026,2025-11-04T03:30Z,LAC,MIA,0.0,0.67098,espnbet,-280.0,230.0,0.70859,-290.0,240.0,KXNBAGAME-25NOV03MIALAC,-306.0,252.0,0.735,0.0,-489.0,-609.0,0.50667,3270.0
401810020,2025-11-04,2026,2025-11-05T00:30Z,TOR,MIL,1.0,0.48477,espnbet,-130.0,110.0,0.54274,-155.0,135.0,KXNBAGAME-25NOV04MILTOR,-126.0,105.0,0.535,0.0,146.0,-208.0,0.4129,3150.0
401810021,2025-11-04,2026,2025-11-05T01:00Z,ATL,ORL,1.0,0.59866,espnbet,140.0,-165.0,0.40091,120.0,-140.0,KXNBAGAME-25NOV04ORLATL,146.0,-175.0,0.385,0.0,-154.0,-154.0,0.5,3180.0
401810022,2025-11-04,2026,2025-11-05T01:00Z,CHI,PHI,1.0,0.66922,espnbet,-130.0,110.0,0.54274,-120.0,100.0,KXNBAGAME-25NOV04PHICHI,-131.0,101.0,0.53431,0.0,-107.0,-137.0,0.48077,3180.0
401810023,2025-11-04,2026,2025-11-05T01:00Z,NOP,CHO,1.0,0.47821,espnbet,-155.0,135.0,0.58821,-125.0,105.0,KXNBAGAME-25NOV04CHANOP,-148.0,119.0,0.56931,0.0,-131.0,-154.0,0.4878,3180.0
401810024,2025-11-04,2026,2025-11-05T03:00Z,GSW,PHO,1.0,0.68848,espnbet,-500.0,360.0,0.7931,-450.0,340.0,KXNBAGAME-25NOV04PHXGSW,-404.0,331.0,0.785,0.0,-381.0,218.0,0.65409,3120.0
401810025,2025-11-04,2026,2025-11-05T04:00Z,LAC,OKC,0.0,0.32336,espnbet,270.0,-340.0,0.25913,165.0,-195.0,KXNBAGAME-25NOV04OKCLAC,252.0,-306.0,0.26131,0.0,-660.0,-660.0,0.5,3180.0
401810026,2025-11-05,2026,2025-11-06T00:00Z,CLE,PHI,1.0,0.78313,espnbet,-550.0,380.0,0.80243,-380.0,290.0,KXNBAGAME-25NOV05PHICLE,-458.0,373.0,0.805,0.0,-218.0,124.0,0.575,3120.0
401810027,2025-11-05,2026,2025-11-06T00:00Z,DET,UTA,1.0,0.8111,espnbet,-425.0,320.0,0.77273,-550.0,380.0,KXNBAGAME-25NOV05UTADET,-404.0,331.0,0.785,0.0,-404.0,266.0,0.67097,3120.0
401810028,2025-11-05,2026,2025-11-06T00:00Z,IND,BRK,0.0,0.80964,espnbet,-250.0,210.0,0.68889,-250.0,210.0,KXNBAGAME-25NOV05BKNIND,-251.0,198.0,0.68812,0.0,-228.0,140.0,0.58861,3120.0
401810029,2025-11-05,2026,2025-11-06T00:30Z,BOS,WAS,1.0,0.87825,espnbet,-900.0,550.0,0.85401,-550.0,380.0,KXNBAGAME-25NOV05WASBOS,-609.0,490.0,0.845,0.0,-340.0,181.0,0.63125,3150.0
401810030,2025-11-05,2026,2025-11-06T00:30Z,NYK,MIN,1.0,0.4895,espnbet,-150.0,130.0,0.57983,-200.0,170.0,KXNBAGAME-25NOV05MINNYK,-161.0,140.0,0.60101,0.0,-168.0,109.0,0.54777,3150.0
401810031,2025-11-05,2026,2025-11-06T01:00Z,MEM,HOU,0.0,0.38233,espnbet,240.0,-290.0,0.28343,225.0,-275.0,KXNBAGAME-25NOV05HOUMEM,240.0,-306.0,0.27228,0.0,166.0,-276.0,0.38608,3180.0
401810032,2025-11-05,2026,2025-11-06T01:30Z,DAL,NOP,0.0,0.76904,espnbet,-300.0,250.0,0.72414,-250.0,210.0,KXNBAGAME-25NOV05NOPDAL,-306.0,252.0,0.735,0.0,-228.0,119.0,0.57407,3210.0
401810033,2025-11-05,2026,2025-11-06T02:00Z,DEN,MIA,1.0,0.6439,espnbet,-380.0,290.0,0.75535,-290.0,240.0,KXNBAGAME-25NOV05MIADEN,-381.0,296.0,0.76733,0.0,-290.0,189.0,0.62821,3240.0
401810034,2025-11-05,2026,2025-11-06T03:00Z,LAL,SAS,1.0,0.57351,espnbet,105.0,-125.0,0.46753,-135.0,115.0,KXNBAGAME-25NOV05SASLAL,101.0,-121.0,0.47236,0.0,-609.0,-609.0,0.5,3120.0
401810035,2025-11-05,2026,2025-11-06T03:00Z,POR,OKC,1.0,0.41166,espnbet,140.0,-165.0,0.40091,180.0,-215.0,KXNBAGAME-25NOV05OKCPOR,146.0,-175.0,0.385,0.0,189.0,-306.0,0.31868,3120.0
401810036,2025-11-05,2026,2025-11-06T03:00Z,SAC,GSW,1.0,0.55655,espnbet,-140.0,120.0,0.56204,-145.0,125.0,KXNBAGAME-25NOV05GSWSAC,-142.0,114.0,0.55941,0.0,181.0,-290.0,0.3758,3120.0
401810037,2025-11-06,2026,2025-11-07T02:00Z,PHO,LAC,1.0,0.51505,espnbet,-145.0,125.0,0.57112,-140.0,120.0,KXNBAGAME-25NOV06LACPHX,-148.0,124.0,0.575,0.0,173.0,-306.0,0.37736,3240.0
401809510,2025-11-07,2026,2025-11-08T00:00Z,ORL,BOS,1.0,0.43108,espnbet,-165.0,140.0,0.59909,-190.0,160.0,KXNBAGAME-25NOV07BOSORL,-168.0,134.0,0.59901,0.0,-251.0,-251.0,0.5,2400.0
401809511,2025-11-07,2026,2025-11-08T00:00Z,WAS,CLE,0.0,0.24005,espnbet,500.0,-800.0,0.15789,425.0,-650.0,KXNBAGAME-25NOV07CLEWAS,625.0,-788.0,0.125,0.0,229.0,-609.0,0.23902,2400.0
401809512,2025-11-07,2026,2025-11-08T00:30Z,ATL,TOR,0.0,0.65897,espnbet,-125.0,105.0,0.53247,115.0,-135.0,KXNBAGAME-25NOV07TORATL,-131.0,109.0,0.545,0.0,-660.0,-660.0,0.5,2430.0
401809773,2025-11-07,2026,2025-11-08T00:30Z,BRK,DET,0.0,0.26083,espnbet,300.0,-400.0,0.2381,260.0,-320.0,KXNBAGAME-25NOV07DETBKN,373.0,-489.0,0.19307,0.0,218.0,-719.0,0.31928,2430.0
401809774,2025-11-07,2026,2025-11-08T00:30Z,SAS,HOU,1.0,0.52178,espnbet,145.0,-170.0,0.3933,115.0,-135.0,KXNBAGAME-25NOV07HOUSAS,140.0,-168.0,0.395,0.0,-660.0,-199.0,0.5307,2430.0
401809775,2025-11-07,2026,2025-11-08T01:00Z,MIA,CHO,1.0,0.79696,espnbet,-250.0,210.0,0.68889,-240.0,200.0,KXNBAGAME-25NOV07CHAMIA,-276.0,229.0,0.715,0.0,-719.0,-660.0,0.50224,2460.0
401809776,2025-11-07,2026,2025-11-08T01:00Z,MEM,DAL,1.0,0.65254,espnbet,-175.0,150.0,0.61404,-155.0,135.0,KXNBAGAME-25NOV07DALMEM,-183.0,152.0,0.625,0.0,-660.0,-660.0,0.5,2460.0
401809777,2025-11-07,2026,2025-11-08T01:00Z,MIL,CHI,1.0,0.64043,espnbet,-170.0,145.0,0.6067,-190.0,160.0,KXNBAGAME-25NOV07CHIMIL,-175.0,146.0,0.615,0.0,-660.0,-660.0,0.5,2460.0
401809778,2025-11-07,2026,2025-11-08T01:00Z,MIN,UTA,1.0,0.82901,espnbet,-750.0,475.0,0.83535,-1200.0,700.0,KXNBAGAME-25NOV07UTAMIN,-564.0,456.0,0.835,0.0,-660.0,-660.0,0.5,2460.0
401809779,2025-11-07,2026,2025-11-08T03:00Z,DEN,GSW,1.0,0.68661,espnbet,-450.0,340.0,0.78261,-195.0,165.0,KXNBAGAME-25NOV07GSWDEN,-430.0,351.0,0.795,0.0,-290.0,-564.0,0.55242,2580.0
401809780,2025-11-07,2026,2025-11-08T03:00Z,SAC,OKC,0.0,0.29723,espnbet,450.0,-700.0,0.17204,300.0,-400.0,KXNBAGAME-25NOV07OKCSAC,425.0,-564.0,0.17327,0.0,-381.0,-660.0,0.48131,2580.0
401810038,2025-11-08,2026,2025-11-09T00:00Z,WAS,DAL,0.0,0.44088,espnbet,155.0,-185.0,0.37661,145.0,-170.0,KXNBAGAME-25NOV08DALWAS,140.0,-175.0,0.39109,0.0,-564.0,-489.0,0.50691,3300.0
401810039,2025-11-08,2026,2025-11-09T00:30Z,PHI,TOR,1.0,0.63367,espnbet,-195.0,165.0,0.63659,-195.0,165.0,KXNBAGAME-25NOV08TORPHI,-199.0,159.0,0.64179,0.0,-660.0,-660.0,0.5,3330.0
401810040,2025-11-08,2026,2025-11-09T01:00Z,ATL,LAL,1.0,0.46649,espnbet,190.0,-225.0,0.33248,140.0,-165.0,KXNBAGAME-25NOV08LALATL,189.0,-228.0,0.325,0.0,-381.0,-564.0,0.48357,3360.0
401810041,2025-11-08,2026,2025-11-09T01:00Z,CLE,CHI,1.0,0.68492,espnbet,-380.0,290.0,0.75535,-300.0,250.0,KXNBAGAME-25NOV08CHICLE,-360.0,266.0,0.75,0.0,-660.0,-660.0,0.5,3360.0
401810042,2025-11-08,2026,2025-11-09T01:00Z,MIA,POR,1.0,0.62972,espnbet,140.0,-165.0,0.40091,130.0,-150.0,KXNBAGAME-25NOV08PORMIA,140.0,-168.0,0.395,0.0,-660.0,-564.0,0.50455,3360.0
401810043,2025-11-08,2026,2025-11-09T01:00Z,SAS,NOP,1.0,0.78163,espnbet,-650.0,425.0,0.81982,-600.0,400.0,KXNBAGAME-25NOV08NOPSAS,-564.0,456.0,0.835,0.0,-430.0,-660.0,0.536,3360.0
401810044,2025-11-08,2026,2025-11-09T02:00Z,DEN,IND,1.0,0.72056,espnbet,-450.0,340.0,0.78261,-650.0,425.0,KXNBAGAME-25NOV08INDDEN,-458.0,373.0,0.805,0.0,-660.0,-322.0,0.56585,3240.0
401810045,2025-11-08,2026,2025-11-09T03:30Z,LAC,PHO,0.0,0.65691,espnbet,-190.0,160.0,0.6301,-165.0,140.0,KXNBAGAME-25NOV08PHXLAC,-183.0,152.0,0.625,0.0,-660.0,-609.0,0.51942,3330.0
401810046,2025-11-09,2026,2025-11-09T20:30Z,MIL,HOU,0.0,0.57636,espnbet,150.0,-175.0,0.38596,130.0,-150.0,KXNBAGAME-25NOV09HOUMIL,134.0,-168.0,0.40099,0.0,-609.0,-660.0,0.49774,3270.0
401810047,2025-11-09,2026,2025-11-09T23:00Z,NYK,BRK,1.0,0.85297,espnbet,-1400.0,750.0,0.88806,-1800.0,900.0,KXNBAGAME-25NOV09BKNNYK,-1087.0,841.0,0.905,0.0,-660.0,-239.0,0.54106,3240.0
401810048,2025-11-09,2026,2025-11-09T23:00Z,ORL,BOS,0.0,0.49492,espnbet,-155.0,135.0,0.58821,-165.0,140.0,KXNBAGAME-25NOV09BOSORL,-161.0,134.0,0.595,0.0,-660.0,-609.0,0.50224,3240.0
401810049,2025-11-09,2026,2025-11-09T23:00Z,MEM,OKC,0.0,0.16792,espnbet,360.0,-500.0,0.2069,380.0,-550.0,KXNBAGAME-25NOV09OKCMEM,398.0,-489.0,0.185,0.0,-660.0,-660.0,0.49776,3240.0
401810050,2025-11-09,2026,2025-11-10T00:30Z,PHI,DET,0.0,0.3458,espnbet,165.0,-195.0,0.36341,120.0,-140.0,KXNBAGAME-25NOV09DETPHI,146.0,-183.0,0.38119,0.0,-660.0,-660.0,0.5,3330.0
401810051,2025-11-09,2026,2025-11-10T01:30Z,GSW,IND,1.0,0.74828,espnbet,-650.0,425.0,0.81982,-800.0,500.0,KXNBAGAME-25NOV09INDGSW,-609.0,456.0,0.8408,0.0,-660.0,-660.0,0.5,3210.0
401810052,2025-11-09,2026,2025-11-10T02:00Z,SAC,MIN,0.0,0.36148,espnbet,165.0,-195.0,0.36341,190.0,-225.0,KXNBAGAME-25NOV09MINSAC,166.0,-199.0,0.355,0.0,-660.0,-660.0,0.5,3240.0
401810053,2025-11-10,2026,2025-11-11T00:00Z,CHO,LAL,0.0,0.39187,espnbet,270.0,-340.0,0.25913,225.0,-275.0,KXNBAGAME-25NOV10LALCHA,296.0,-360.0,0.23618,0.0,-306.0,-489.0,0.48058,3300.0
401810054,2025-11-10,2026,2025-11-11T00:00Z,DET,WAS,1.0,0.83763,espnbet,-600.0,400.0,0.81081,-1200.0,700.0,KXNBAGAME-25NOV10WASDET,-489.0,398.0,0.8191,0.0,-660.0,-381.0,0.62642,3300.0
401810055,2025-11-10,2026,2025-11-11T00:00Z,ORL,POR,1.0,0.54098,espnbet,-125.0,105.0,0.53247,-135.0,115.0,KXNBAGAME-25NOV10PORORL,-131.0,105.0,0.5396,0.0,-458.0,-660.0,0.48848,3300.0
401810056,2025-11-10,2026,2025-11-11T00:30Z,MIA,CLE,1.0,0.41324,espnbet,250.0,-300.0,0.27586,200.0,-240.0,KXNBAGAME-25NOV10CLEMIA,240.0,-306.0,0.27228,0.0,-660.0,-404.0,0.51628,3330.0
401810057,2025-11-10,2026,2025-11-11T01:00Z,CHI,SAS,0.0,0.52979,espnbet,170.0,-200.0,0.35714,140.0,-165.0,KXNBAGAME-25NOV10SASCHI,166.0,-199.0,0.355,0.0,-660.0,-660.0,0.5,3360.0
401810058,2025-11-10,2026,2025-11-11T01:30Z,DAL,MIL,0.0,0.36532,espnbet,140.0,-165.0,0.40091,115.0,-135.0,KXNBAGAME-25NOV10MILDAL,140.0,-168.0,0.395,0.0,105.0,-564.0,0.39779,3210.0
401810059,2025-11-10,2026,2025-11-11T02:00Z,PHO,NOP,1.0,0.75284,espnbet,-360.0,280.0,0.74836,-230.0,195.0,KXNBAGAME-25NOV10NOPPHX,-340.0,280.0,0.755,0.0,-660.0,-609.0,0.50226,3240.0
401810060,2025-11-10,2026,2025-11-11T02:00Z,UTA,MIN,0.0,0.29024,espnbet,240.0,-290.0,0.28343,250.0,-300.0,KXNBAGAME-25NOV10MINUTA,240.0,-290.0,0.275,0.0,-609.0,-609.0,0.5,3240.0
401810061,2025-11-10,2026,2025-11-11T03:30Z,LAC,ATL,0.0,0.56933,espnbet,-185.0,155.0,0.62339,-170.0,145.0,KXNBAGAME-25NOV10ATLLAC,-191.0,159.0,0.635,0.0,-660.0,101.0,0.60326,3330.0
401810062,2025-11-11,2026,2025-11-12T00:30Z,BRK,TOR,0.0,0.30085,espnbet,360.0,-500.0,0.2069,360.0,-500.0,KXNBAGAME-25NOV11TORBKN,331.0,-404.0,0.215,0.0,-306.0,-660.0,0.47143,3330.0
401810063,2025-11-11,2026,2025-11-12T00:30Z,NYK,MEM,1.0,0.75414,espnbet,-500.0,360.0,0.7931,-425.0,320.0,KXNBAGAME-25NOV11MEMNYK,-458.0,351.0,0.801,0.0,-660.0,-660.0,0.5,3330.0
401810064,2025-11-11,2026,2025-11-12T01:00Z,PHI,BOS,1.0,0.43054,espnbet,110.0,-130.0,0.45726,-130.0,110.0,KXNBAGAME-25NOV11BOSPHI,101.0,-126.0,0.4703,0.0,-660.0,-322.0,0.52607,3360.0
401810065,2025-11-11,2026,2025-11-12T01:00Z,OKC,GSW,1.0,0.84237,espnbet,-340.0,270.0,0.74087,-320.0,260.0,KXNBAGAME-25NOV11GSWOKC,-306.0,252.0,0.735,0.0,-660.0,-489.0,0.50917,3360.0
401810066,2025-11-11,2026,2025-11-12T02:00Z,UTA,IND,1.0,0.52074,espnbet,120.0,-140.0,0.43796,110.0,-130.0,KXNBAGAME-25NOV11INDUTA,109.0,-131.0,0.455,0.0,-489.0,-489.0,0.5,3240.0
401810067,2025-11-11,2026,2025-11-12T04:00Z,SAC,DEN,0.0,0.29813,espnbet,290.0,-380.0,0.24465,225.0,-275.0,KXNBAGAME-25NOV11DENSAC,280.0,-340.0,0.245,0.0,-660.0,-430.0,0.51389,3360.0
401810068,2025-11-12,2026,2025-11-13T00:00Z,CHO,MIL,1.0,0.51242,espnbet,125.0,-145.0,0.42888,170.0,-200.0,KXNBAGAME-25NOV12MILCHA,129.0,-148.0,0.41919,0.0,173.0,-381.0,0.29703,3300.0
401810069,2025-11-12,2026,2025-11-13T00:00Z,DET,CHI,1.0,0.55025,espnbet,130.0,-150.0,0.42017,-190.0,160.0,KXNBAGAME-25NOV12CHIDET,119.0,-142.0,0.435,0.0,-525.0,124.0,0.66827,3300.0
401810070,2025-11-12,2026,2025-11-13T00:00Z,NYK,ORL,0.0,0.65116,espnbet,-185.0,155.0,0.62339,-165.0,140.0,KXNBAGAME-25NOV12ORLNYK,-183.0,146.0,0.62189,0.0,-430.0,146.0,0.68627,3300.0
401810071,2025-11-12,2026,2025-11-13T00:30Z,BOS,MEM,1.0,0.74199,espnbet,-290.0,240.0,0.71657,-240.0,200.0,KXNBAGAME-25NOV12MEMBOS,-322.0,252.0,0.73762,0.0,-218.0,-360.0,0.45771,3330.0
401810072,2025-11-12,2026,2025-11-13T00:30Z,MIA,CLE,0.0,0.50686,espnbet,-190.0,160.0,0.6301,-225.0,190.0,KXNBAGAME-25NOV12CLEMIA,-191.0,159.0,0.635,0.0,146.0,-381.0,0.31527,3330.0
401810073,2025-11-12,2026,2025-11-13T01:00Z,HOU,WAS,1.0,0.88509,espnbet,-2000.0,1000.0,0.91286,-2000.0,1000.0,KXNBAGAME-25NOV12WASHOU,-1236.0,945.0,0.915,0.0,-719.0,331.0,0.82412,3360.0
401810074,2025-11-12,2026,2025-11-13T01:00Z,NOP,POR,0.0,0.28317,espnbet,280.0,-360.0,0.25164,250.0,-300.0,KXNBAGAME-25NOV12PORNOP,280.0,-340.0,0.245,0.0,189.0,-525.0,0.27885,3360.0
401810075,2025-11-12,2026,2025-11-13T01:00Z,SAS,GSW,0.0,0.78843,espnbet,-165.0,140.0,0.59909,-185.0,155.0,KXNBAGAME-25NOV12GSWSAS,-168.0,140.0,0.605,0.0,-609.0,140.0,0.66977,3360.0
401810076,2025-11-12,2026,2025-11-13T01:30Z,DAL,PHO,0.0,0.35828,espnbet,110.0,-130.0,0.45726,-120.0,100.0,KXNBAGAME-25NOV12PHXDAL,109.0,-131.0,0.455,0.0,-360.0,-381.0,0.49756,3210.0
401810077,2025-11-12,2026,2025-11-13T02:47Z,OKC,LAL,1.0,0.71119,espnbet,-320.0,260.0,0.73282,-250.0,210.0,KXNBAGAME-25NOV12LALOKC,-322.0,252.0,0.73762,0.0,-719.0,-525.0,0.55691,3287.0
401810078,2025-11-12,2026,2025-11-13T03:00Z,SAC,ATL,0.0,0.31326,espnbet,150.0,-175.0,0.38596,140.0,-165.0,KXNBAGAME-25NOV12ATLSAC,152.0,-183.0,0.375,0.0,-404.0,-458.0,0.49763,3300.0
401810079,2025-11-12,2026,2025-11-13T03:30Z,LAC,DEN,0.0,0.43068,espnbet,165.0,-195.0,0.36341,110.0,-130.0,KXNBAGAME-25NOV12DENLAC,166.0,-199.0,0.355,0.0,-660.0,-381.0,0.49554,3330.0
401810080,2025-11-13,2026,2025-11-14T00:00Z,CLE,TOR,0.0,0.46117,espnbet,-250.0,210.0,0.68889,-270.0,220.0,KXNBAGAME-25NOV13TORCLE,-276.0,229.0,0.715,0.0,-290.0,198.0,0.68333,3300.0
401810081,2025-11-13,2026,2025-11-14T02:00Z,PHO,IND,1.0,0.71708,espnbet,-170.0,145.0,0.6067,-190.0,160.0,KXNBAGAME-25NOV13INDPHX,-175.0,146.0,0.615,0.0,-404.0,266.0,0.67097,3240.0
401810082,2025-11-13,2026,2025-11-14T02:00Z,UTA,ATL,0.0,0.34933,espnbet,110.0,-130.0,0.45726,105.0,-125.0,KXNBAGAME-25NOV13ATLUTA,105.0,-126.0,0.465,0.0,114.0,-161.0,0.45161,3240.0
401809781,2025-11-14,2026,2025-11-15T00:00Z,NYK,MIA,1.0,0.70765,espnbet,-240.0,200.0,0.67925,-185.0,155.0,KXNBAGAME-25NOV14MIANYK,-239.0,198.0,0.685,0.0,-263.0,173.0,0.64912,3300.0
401809782,2025-11-14,2026,2025-11-15T00:00Z,ORL,BRK,1.0,0.85168,espnbet,-1000.0,600.0,0.8642,-1000.0,600.0,KXNBAGAME-25NOV14BKNORL,-869.0,685.0,0.885,0.0,-489.0,266.0,0.7052,3300.0
401809783,2025-11-14,2026,2025-11-15T00:30Z,DET,PHI,1.0,0.52245,espnbet,-120.0,100.0,0.52174,-225.0,190.0,KXNBAGAME-25NOV14PHIDET,-116.0,-103.0,0.515,0.0,-263.0,181.0,0.62658,3330.0
401809784,2025-11-14,2026,2025-11-15T01:00Z,HOU,POR,1.0,0.80442,espnbet,-300.0,250.0,0.72414,-320.0,260.0,KXNBAGAME-25NOV14PORHOU,-306.0,252.0,0.735,0.0,-322.0,218.0,0.65625,3360.0
401809785,2025-11-14,2026,2025-11-15T01:00Z,MIL,CHO,1.0,0.5856,espnbet,-400.0,300.0,0.7619,-500.0,360.0,KXNBAGAME-25NOV14CHAMIL,-381.0,296.0,0.76733,0.0,-660.0,-660.0,0.52155,3360.0
401809786,2025-11-14,2026,2025-11-15T01:00Z,MIN,SAC,1.0,0.86288,espnbet,-700.0,450.0,0.82796,-700.0,450.0,KXNBAGAME-25NOV14SACMIN,-525.0,425.0,0.825,0.0,-430.0,252.0,0.68862,3360.0
401809787,2025-11-14,2026,2025-11-15T01:00Z,NOP,LAL,0.0,0.2216,espnbet,360.0,-500.0,0.2069,360.0,-500.0,KXNBAGAME-25NOV14LALNOP,373.0,-489.0,0.19307,0.0,208.0,-306.0,0.35,3360.0
401809788,2025-11-14,2026,2025-11-15T01:30Z,DAL,LAC,0.0,0.37217,espnbet,145.0,-170.0,0.3933,145.0,-170.0,KXNBAGAME-25NOV14LACDAL,134.0,-161.0,0.405,0.0,109.0,-199.0,0.42515,3210.0
401809789,2025-11-14,2026,2025-11-15T02:30Z,SAS,GSW,0.0,0.69098,espnbet,-140.0,120.0,0.56204,-140.0,120.0,KXNBAGAME-25NOV14GSWSAS,-148.0,124.0,0.575,0.0,-609.0,-609.0,0.50226,3270.0
401810083,2025-11-15,2026,2025-11-15T22:00Z,CLE,MEM,1.0,0.85356,espnbet,-550.0,380.0,0.80243,-425.0,320.0,KXNBAGAME-25NOV15MEMCLE,-458.0,398.0,0.81313,0.0,-404.0,266.0,0.67097,3360.0
401810084,2025-11-15,2026,2025-11-16T00:00Z,CHO,OKC,0.0,0.11749,espnbet,1100.0,-2500.0,0.07975,900.0,-1800.0,KXNBAGAME-25NOV15OKCCHA,945.0,-1236.0,0.085,0.0,490.0,-609.0,0.19018,3300.0
401810085,2025-11-15,2026,2025-11-16T00:00Z,IND,TOR,0.0,0.24712,espnbet,200.0,-240.0,0.32075,195.0,-230.0,KXNBAGAME-25NOV15TORIND,218.0,-263.0,0.295,0.0,146.0,-199.0,0.41558,3300.0
401810086,2025-11-15,2026,2025-11-16T01:00Z,MIL,LAL,0.0,0.5683,espnbet,-125.0,105.0,0.53247,-105.0,-115.0,KXNBAGAME-25NOV15LALMIL,-131.0,105.0,0.5396,0.0,105.0,-154.0,0.48148,3360.0
401810087,2025-11-15,2026,2025-11-16T01:00Z,MIN,DEN,0.0,0.50124,espnbet,100.0,-120.0,0.47826,-120.0,100.0,KXNBAGAME-25NOV15DENMIN,-112.0,-121.0,0.48529,0.0,119.0,-161.0,0.44872,3360.0
401810088,2025-11-16,2026,2025-11-16T20:30Z,BOS,LAC,1.0,0.67379,espnbet,-215.0,180.0,0.65649,-195.0,165.0,KXNBAGAME-25NOV16LACBOS,-218.0,181.0,0.665,0.0,-239.0,159.0,0.66845,3270.0
401810089,2025-11-16,2026,2025-11-16T21:00Z,SAS,SAC,1.0,0.84659,espnbet,-240.0,200.0,0.67925,-225.0,190.0,KXNBAGAME-25NOV16SACSAS,-239.0,208.0,0.69192,0.0,-430.0,266.0,0.74752,3300.0
401810090,2025-11-16,2026,2025-11-16T23:00Z,WAS,BRK,0.0,0.5398,espnbet,-135.0,115.0,0.55259,-170.0,145.0,KXNBAGAME-25NOV16BKNWAS,-148.0,119.0,0.56931,0.0,-161.0,109.0,0.57754,3240.0
401810091,2025-11-16,2026,2025-11-17T00:00Z,HOU,ORL,1.0,0.79116,espnbet,-300.0,250.0,0.72414,-320.0,260.0,KXNBAGAME-25NOV16ORLHOU,-340.0,266.0,0.74752,0.0,-306.0,208.0,0.70984,3300.0
401810092,2025-11-16,2026,2025-11-17T00:00Z,NOP,GSW,0.0,0.18126,espnbet,380.0,-550.0,0.19757,360.0,-500.0,KXNBAGAME-25NOV16GSWNOP,425.0,-525.0,0.175,0.0,266.0,-489.0,0.24757,3300.0
401810093,2025-11-16,2026,2025-11-17T00:30Z,DAL,POR,1.0,0.47138,espnbet,130.0,-150.0,0.42017,145.0,-170.0,KXNBAGAME-25NOV16PORDAL,129.0,-161.0,0.41089,0.0,119.0,-228.0,0.42331,3330.0
401810094,2025-11-16,2026,2025-11-17T01:00Z,PHO,ATL,0.0,0.51425,espnbet,-120.0,100.0,0.52174,105.0,-125.0,KXNBAGAME-25NOV16ATLPHX,-121.0,-103.0,0.51741,0.0,-126.0,-112.0,0.55814,3360.0
401810095,2025-11-16,2026,2025-11-17T01:00Z,UTA,CHI,1.0,0.37598,espnbet,165.0,-195.0,0.36341,170.0,-200.0,KXNBAGAME-25NOV16CHIUTA,152.0,-199.0,0.36946,0.0,129.0,-228.0,0.36022,3360.0
401810096,2025-11-17,2026,2025-11-18T00:00Z,CLE,MIL,1.0,0.68945,espnbet,-240.0,200.0,0.67925,-270.0,220.0,KXNBAGAME-25NOV17MILCLE,-239.0,198.0,0.685,0.0,-381.0,198.0,0.71212,3300.0
401810097,2025-11-17,2026,2025-11-18T00:00Z,DET,IND,1.0,0.82461,espnbet,-340.0,270.0,0.74087,-380.0,290.0,KXNBAGAME-25NOV17INDDET,-322.0,266.0,0.745,0.0,-489.0,296.0,0.76733,3300.0
401810098,2025-11-17,2026,2025-11-18T00:00Z,PHI,LAC,1.0,0.59454,espnbet,-200.0,170.0,0.64286,-190.0,160.0,KXNBAGAME-25NOV17LACPHI,-199.0,166.0,0.645,0.0,-218.0,152.0,0.65079,3300.0
401810099,2025-11-17,2026,2025-11-18T00:30Z,MIA,NYK,1.0,0.44315,espnbet,-110.0,-110.0,0.5,-125.0,105.0,KXNBAGAME-25NOV17NYKMIA,-116.0,-107.0,0.51244,0.0,-126.0,-121.0,0.50794,3330.0
401810100,2025-11-17,2026,2025-11-18T00:30Z,TOR,CHO,1.0,0.7235,espnbet,-320.0,260.0,0.73282,-290.0,240.0,KXNBAGAME-25NOV17CHATOR,-360.0,280.0,0.75743,0.0,-458.0,266.0,0.74627,3330.0
401810101,2025-11-17,2026,2025-11-18T01:00Z,MIN,DAL,1.0,0.87891,espnbet,-900.0,550.0,0.85401,-1000.0,600.0,KXNBAGAME-25NOV17DALMIN,-869.0,625.0,0.87624,0.0,-564.0,351.0,0.79397,3360.0
401810102,2025-11-17,2026,2025-11-18T01:00Z,NOP,OKC,0.0,0.04992,espnbet,1300.0,-4000.0,0.06822,1200.0,-3000.0,KXNBAGAME-25NOV17OKCNOP,1241.0,-1684.0,0.065,0.0,574.0,-719.0,0.13776,3360.0
401810103,2025-11-17,2026,2025-11-18T02:00Z,DEN,CHI,0.0,0.80412,espnbet,-750.0,475.0,0.83535,-800.0,500.0,KXNBAGAME-25NOV17CHIDEN,-788.0,625.0,0.875,0.0,-430.0,266.0,0.745,3240.0
401810104,2025-11-18,2026,2025-11-19T00:00Z,ORL,GSW,1.0,0.43625,espnbet,115.0,-135.0,0.44741,125.0,-145.0,KXNBAGAME-25NOV18GSWORL,119.0,-148.0,0.42786,0.0,124.0,-191.0,0.43396,3300.0
401810105,2025-11-18,2026,2025-11-19T00:30Z,BRK,BOS,0.0,0.20827,espnbet,425.0,-650.0,0.18018,380.0,-550.0,KXNBAGAME-25NOV18BOSBKN,456.0,-609.0,0.16337,0.0,266.0,-525.0,0.31875,3330.0
401810106,2025-11-18,2026,2025-11-19T00:30Z,ATL,DET,0.0,0.59586,espnbet,100.0,-120.0,0.47826,-120.0,100.0,KXNBAGAME-25NOV18DETATL,101.0,-121.0,0.47739,0.0,124.0,-168.0,0.44231,3330.0
401810107,2025-11-18,2026,2025-11-19T01:00Z,SAS,MEM,1.0,0.80502,espnbet,-240.0,200.0,0.67925,-210.0,175.0,KXNBAGAME-25NOV18MEMSAS,-239.0,198.0,0.685,0.0,-340.0,266.0,0.66667,3360.0
401810108,2025-11-18,2026,2025-11-19T03:30Z,LAL,UTA,1.0,0.77919,espnbet,-800.0,500.0,0.84211,-800.0,500.0,KXNBAGAME-25NOV18UTALAL,-609.0,456.0,0.8408,0.0,-660.0,398.0,0.7707,3330.0
401810109,2025-11-18,2026,2025-11-19T04:00Z,POR,PHO,0.0,0.41445,espnbet,-125.0,105.0,0.53247,-170.0,145.0,KXNBAGAME-25NOV18PHXPOR,-126.0,101.0,0.52736,0.0,-175.0,124.0,0.56129,3360.0
401810110,2025-11-19,2026,2025-11-20T00:00Z,CLE,HOU,0.0,0.52456,espnbet,105.0,-125.0,0.46753,-120.0,100.0,KXNBAGAME-25NOV19HOUCLE,109.0,-131.0,0.455,0.0,109.0,-154.0,0.48592,3300.0
401810111,2025-11-19,2026,2025-11-20T00:00Z,IND,CHO,1.0,0.26045,espnbet,110.0,-130.0,0.45726,-105.0,-115.0,KXNBAGAME-25NOV19CHAIND,105.0,-131.0,0.4604,0.0,109.0,-154.0,0.45113,3300.0
401810113,2025-11-19,2026,2025-11-20T00:00Z,PHI,TOR,0.0,0.50931,espnbet,125.0,-145.0,0.42888,-125.0,105.0,KXNBAGAME-25NOV19TORPHI,119.0,-148.0,0.43069,0.0,-154.0,109.0,0.54887,3300.0
401810112,2025-11-19,2026,2025-11-20T00:30Z,MIA,GSW,1.0,0.64943,espnbet,-450.0,340.0,0.78261,-240.0,200.0,KXNBAGAME-25NOV19GSWMIA,-404.0,331.0,0.785,0.0,105.0,-148.0,0.45865,3330.0
401810114,2025-11-19,2026,2025-11-20T01:00Z,MIN,WAS,1.0,0.90913,espnbet,-2000.0,1000.0,0.91286,-1600.0,800.0,KXNBAGAME-25NOV19WASMIN,-1236.0,945.0,0.915,0.0,-719.0,456.0,0.77099,3360.0
401810115,2025-11-19,2026,2025-11-20T01:00Z,NOP,DEN,0.0,0.18835,espnbet,400.0,-600.0,0.18919,475.0,-750.0,KXNBAGAME-25NOV19DENNOP,490.0,-609.0,0.155,0.0,574.0,-525.0,0.20301,3360.0
401810116,2025-11-19,2026,2025-11-20T01:00Z,OKC,SAC,1.0,0.94357,espnbet,-4000.0,1300.0,0.93178,-4000.0,1300.0,KXNBAGAME-25NOV19SACOKC,-1684.0,1241.0,0.935,0.0,-719.0,574.0,0.80576,3360.0
401810117,2025-11-19,2026,2025-11-20T02:30Z,DAL,NYK,0.0,0.27005,espnbet,290.0,-380.0,0.24465,155.0,-185.0,KXNBAGAME-25NOV19NYKDAL,296.0,-360.0,0.235,0.0,140.0,-251.0,0.40625,3270.0
401810118,2025-11-19,2026,2025-11-20T03:00Z,POR,CHI,0.0,0.43138,espnbet,140.0,-165.0,0.40091,120.0,-140.0,KXNBAGAME-25NOV19CHIPOR,134.0,-168.0,0.40299,0.0,-137.0,-131.0,0.5,3300.0
401810119,2025-11-20,2026,2025-11-21T00:00Z,ORL,LAC,1.0,0.58995,espnbet,-240.0,200.0,0.67925,-210.0,175.0,KXNBAGAME-25NOV20LACORL,-251.0,189.0,0.68137,0.0,-199.0,129.0,0.63542,3300.0
401810120,2025-11-20,2026,2025-11-21T01:00Z,MEM,SAC,1.0,0.69558,espnbet,-145.0,125.0,0.57112,-140.0,120.0,KXNBAGAME-25NOV20SACMEM,-148.0,124.0,0.575,0.0,-142.0,-126.0,0.51872,3360.0
401810121,2025-11-20,2026,2025-11-21T01:00Z,MIL,PHI,0.0,0.59701,espnbet,110.0,-130.0,0.45726,105.0,-125.0,KXNBAGAME-25NOV20PHIMIL,105.0,-126.0,0.465,0.0,-112.0,-126.0,0.48128,3360.0
401810122,2025-11-20,2026,2025-11-21T01:00Z,SAS,ATL,1.0,0.59043,espnbet,-110.0,-110.0,0.5,-125.0,105.0,KXNBAGAME-25NOV20ATLSAS,-107.0,-112.0,0.495,0.0,-116.0,-121.0,0.49198,3360.0
401809790,2025-11-21,2026,2025-11-22T00:00Z,CLE,IND,1.0,0.8941,espnbet,-900.0,550.0,0.85401,-1200.0,700.0,KXNBAGAME-25NOV21INDCLE,-788.0,625.0,0.875,0.0,-660.0,398.0,0.81313,3300.0
401809791,2025-11-21,2026,2025-11-22T00:30Z,BOS,BRK,0.0,0.86194,espnbet,-750.0,475.0,0.83535,-1800.0,900.0,KXNBAGAME-25NOV21BKNBOS,-788.0,685.0,0.88384,0.0,-660.0,280.0,0.71676,3330.0
401809792,2025-11-21,2026,2025-11-22T00:30Z,TOR,WAS,1.0,0.86038,espnbet,-1000.0,600.0,0.8642,-1200.0,700.0,KXNBAGAME-25NOV21WASTOR,-869.0,685.0,0.885,0.0,-719.0,280.0,0.76329,3330.0
401809793,2025-11-21,2026,2025-11-22T01:00Z,CHI,MIA,0.0,0.52025,espnbet,-135.0,115.0,0.55259,-130.0,110.0,KXNBAGAME-25NOV21MIACHI,-137.0,109.0,0.5495,0.0,-142.0,-126.0,0.53409,3360.0
401809794,2025-11-21,2026,2025-11-22T01:30Z,DAL,NOP,1.0,0.57808,espnbet,-150.0,130.0,0.57983,-150.0,130.0,KXNBAGAME-25NOV21NOPDAL,-161.0,134.0,0.595,0.0,-340.0,208.0,0.67052,3210.0
401809795,2025-11-21,2026,2025-11-22T02:00Z,PHO,MIN,1.0,0.40537,espnbet,165.0,-195.0,0.36341,140.0,-165.0,KXNBAGAME-25NOV21MINPHX,152.0,-191.0,0.37,0.0,129.0,-175.0,0.41317,3240.0
401809796,2025-11-21,2026,2025-11-22T02:30Z,HOU,DEN,0.0,0.61644,espnbet,-145.0,125.0,0.57112,-125.0,105.0,KXNBAGAME-25NOV21DENHOU,-154.0,119.0,0.57143,0.0,-131.0,-107.0,0.51613,3270.0
401809797,2025-11-21,2026,2025-11-22T03:00Z,UTA,OKC,0.0,0.10019,espnbet,1000.0,-2000.0,0.08714,900.0,-1800.0,KXNBAGAME-25NOV21OKCUTA,841.0,-1087.0,0.095,0.0,529.0,-788.0,0.14216,3300.0
401809798,2025-11-21,2026,2025-11-22T03:00Z,GSW,POR,0.0,0.52166,espnbet,-425.0,320.0,0.77273,-250.0,210.0,KXNBAGAME-25NOV21PORGSW,-458.0,351.0,0.79703,0.0,-306.0,189.0,0.63057,3300.0
401810123,2025-11-22,2026,2025-11-22T18:00Z,CHO,LAC,0.0,0.55011,espnbet,-120.0,100.0,0.52174,110.0,-130.0,KXNBAGAME-25NOV22LACCHA,-112.0,-107.0,0.505,0.0,-719.0,-719.0,0.5,3300.0
401810124,2025-11-22,2026,2025-11-22T22:00Z,ORL,NYK,1.0,0.43477,espnbet,-120.0,100.0,0.52174,105.0,-125.0,KXNBAGAME-25NOV22NYKORL,-131.0,105.0,0.5396,0.0,-107.0,-148.0,0.47407,3360.0
401810125,2025-11-22,2026,2025-11-23T00:00Z,NOP,ATL,0.0,0.1922,espnbet,360.0,-500.0,0.2069,240.0,-290.0,KXNBAGAME-25NOV22ATLNOP,373.0,-458.0,0.195,0.0,296.0,-458.0,0.21429,3300.0
401810126,2025-11-22,2026,2025-11-23T01:00Z,CHI,WAS,1.0,0.82984,espnbet,-650.0,425.0,0.81982,-550.0,380.0,KXNBAGAME-25NOV22WASCHI,-660.0,529.0,0.855,0.0,-564.0,398.0,0.78667,3360.0
401810127,2025-11-22,2026,2025-11-23T01:00Z,MIL,DET,0.0,0.25039,espnbet,270.0,-340.0,0.25913,240.0,-290.0,KXNBAGAME-25NOV22DETMIL,280.0,-340.0,0.245,0.0,280.0,-306.0,0.28188,3360.0
401810128,2025-11-22,2026,2025-11-23T01:30Z,DAL,MEM,0.0,0.50662,espnbet,-105.0,-115.0,0.48917,-140.0,120.0,KXNBAGAME-25NOV22MEMDAL,-107.0,-112.0,0.495,0.0,-154.0,-103.0,0.53165,3210.0
401810129,2025-11-22,2026,2025-11-23T03:00Z,DEN,SAC,0.0,0.8504,espnbet,-650.0,425.0,0.81982,-700.0,450.0,KXNBAGAME-25NOV22SACDEN,-564.0,425.0,0.82673,0.0,-719.0,456.0,0.83516,3300.0
401810130,2025-11-23,2026,2025-11-23T18:00Z,PHI,MIA,0.0,0.5499,espnbet,-120.0,100.0,0.52174,-120.0,100.0,KXNBAGAME-25NOV23MIAPHI,-107.0,-112.0,0.495,0.0,-137.0,-107.0,0.52273,3300.0
401810131,2025-11-23,2026,2025-11-23T23:00Z,ATL,CHO,1.0,0.74095,espnbet,-290.0,240.0,0.71657,-250.0,210.0,KXNBAGAME-25NOV23CHAATL,-306.0,240.0,0.72772,0.0,-564.0,331.0,0.79121,3240.0
401810132,2025-11-23,2026,2025-11-23T23:00Z,BOS,ORL,1.0,0.70121,espnbet,-185.0,155.0,0.62339,-165.0,140.0,KXNBAGAME-25NOV23ORLBOS,-175.0,152.0,0.62121,0.0,-161.0,105.0,0.57325,3240.0
401810133,2025-11-23,2026,2025-11-23T23:00Z,CLE,LAC,1.0,0.78044,espnbet,-290.0,240.0,0.71657,-290.0,240.0,KXNBAGAME-25NOV23LACCLE,-322.0,252.0,0.74129,0.0,-489.0,266.0,0.77174,3240.0
401810134,2025-11-23,2026,2025-11-23T23:00Z,TOR,BRK,1.0,0.80955,espnbet,-700.0,450.0,0.82796,-1000.0,600.0,KXNBAGAME-25NOV23BKNTOR,-564.0,456.0,0.835,0.0,-719.0,529.0,0.8607,3240.0
401810135,2025-11-23,2026,2025-11-24T00:00Z,OKC,POR,1.0,0.92095,espnbet,-1600.0,800.0,0.89441,-1800.0,900.0,KXNBAGAME-25NOV23POROKC,-967.0,756.0,0.895,0.0,-719.0,574.0,0.865,3300.0
401810136,2025-11-23,2026,2025-11-24T01:00Z,PHO,SAS,1.0,0.4554,espnbet,-120.0,100.0,0.52174,-150.0,130.0,KXNBAGAME-25NOV23SASPHX,-131.0,105.0,0.5396,0.0,-137.0,-116.0,0.53933,3360.0
401810137,2025-11-23,2026,2025-11-24T01:00Z,UTA,LAL,0.0,0.18618,espnbet,320.0,-425.0,0.22727,270.0,-340.0,KXNBAGAME-25NOV23LALUTA,331.0,-430.0,0.21287,0.0,313.0,-489.0,0.2695,3360.0
401810138,2025-11-24,2026,2025-11-25T00:00Z,IND,DET,0.0,0.12197,espnbet,320.0,-425.0,0.22727,300.0,-400.0,KXNBAGAME-25NOV24DETIND,331.0,-430.0,0.21287,0.0,152.0,-430.0,0.31053,3300.0
401810139,2025-11-24,2026,2025-11-25T00:00Z,TOR,CLE,1.0,0.55601,espnbet,-130.0,110.0,0.54274,115.0,-135.0,KXNBAGAME-25NOV24CLETOR,-131.0,105.0,0.53731,0.0,-131.0,-112.0,0.45763,3300.0
401810140,2025-11-24,2026,2025-11-25T00:30Z,BRK,NYK,0.0,0.1852,espnbet,475.0,-750.0,0.16465,700.0,-1200.0,KXNBAGAME-25NOV24NYKBKN,529.0,-660.0,0.145,0.0,490.0,-660.0,0.16959,3330.0
401810141,2025-11-24,2026,2025-11-25T00:30Z,MIA,DAL,1.0,0.69016,espnbet,-250.0,210.0,0.68889,-270.0,220.0,KXNBAGAME-25NOV24DALMIA,-276.0,240.0,0.72222,0.0,-381.0,252.0,0.74706,3330.0
401810142,2025-11-24,2026,2025-11-25T01:00Z,MEM,DEN,0.0,0.25427,espnbet,225.0,-275.0,0.29557,240.0,-290.0,KXNBAGAME-25NOV24DENMEM,229.0,-276.0,0.285,0.0,198.0,-263.0,0.33146,3360.0
401810143,2025-11-24,2026,2025-11-25T01:00Z,MIL,POR,0.0,0.6254,espnbet,-115.0,-105.0,0.51083,-140.0,120.0,KXNBAGAME-25NOV24PORMIL,-116.0,-107.0,0.50746,0.0,-154.0,-142.0,0.51053,3360.0
401810144,2025-11-24,2026,2025-11-25T01:00Z,NOP,CHI,1.0,0.30358,espnbet,165.0,-195.0,0.36341,175.0,-210.0,KXNBAGAME-25NOV24CHINOP,166.0,-199.0,0.355,0.0,266.0,-340.0,0.28994,3360.0
401810145,2025-11-24,2026,2025-11-25T02:30Z,PHO,HOU,0.0,0.31733,espnbet,210.0,-250.0,0.31111,170.0,-200.0,KXNBAGAME-25NOV24HOUPHX,189.0,-239.0,0.32178,0.0,152.0,-218.0,0.31977,3270.0
401810146,2025-11-24,2026,2025-11-25T03:00Z,GSW,UTA,1.0,0.84154,espnbet,-900.0,550.0,0.85401,-1200.0,700.0,KXNBAGAME-25NOV24UTAGSW,-660.0,529.0,0.855,0.0,-458.0,266.0,0.77714,3300.0
401810147,2025-11-24,2026,2025-11-25T03:00Z,SAC,MIN,1.0,0.17175,espnbet,400.0,-600.0,0.18919,290.0,-380.0,KXNBAGAME-25NOV24MINSAC,373.0,-489.0,0.19307,0.0,331.0,-525.0,0.26866,3300.0
401809799,2025-11-25,2026,2025-11-26T00:00Z,WAS,ATL,1.0,0.18513,espnbet,400.0,-600.0,0.18919,290.0,-380.0,KXNBAGAME-25NOV25ATLWAS,425.0,-609.0,0.17157,0.0,252.0,-458.0,0.28671,3300.0
401809800,2025-11-25,2026,2025-11-26T01:00Z,PHI,ORL,0.0,0.52058,dk,160.0,-192.0,0.36906,114.0,-135.0,KXNBAGAME-25NOV25ORLPHI,159.0,-191.0,0.365,0.0,-142.0,-126.0,0.57558,3360.0
401809801,2025-11-25,2026,2025-11-26T04:00Z,LAL,LAC,1.0,0.70831,dk,-258.0,210.0,0.69079,-230.0,190.0,KXNBAGAME-25NOV25LACLAL,-263.0,218.0,0.705,0.0,-404.0,266.0,0.70455,3360.0
401809802,2025-11-26,2026,2025-11-26T22:00Z,BOS,DET,1.0,0.47761,dk,105.0,-125.0,0.46753,136.0,-162.0,KXNBAGAME-25NOV26DETBOS,105.0,-131.0,0.45771,0.0,119.0,-191.0,0.31351,3360.0
401809803,2025-11-26,2026,2025-11-27T00:00Z,CHO,NYK,0.0,0.29103,dk,215.0,-265.0,0.30423,240.0,-298.0,KXNBAGAME-25NOV26NYKCHA,218.0,-276.0,0.29,0.0,173.0,-340.0,0.33784,3300.0
401809804,2025-11-26,2026,2025-11-27T00:30Z,MIA,MIL,1.0,0.78877,dk,-440.0,340.0,0.78191,-360.0,285.0,KXNBAGAME-25NOV26MILMIA,-430.0,351.0,0.795,0.0,-276.0,166.0,0.64493,3330.0
401809805,2025-11-26,2026,2025-11-27T00:30Z,TOR,IND,1.0,0.85027,dk,-440.0,340.0,0.78191,-410.0,320.0,KXNBAGAME-25NOV26INDTOR,-458.0,351.0,0.801,0.0,-458.0,398.0,0.76812,3330.0
401809806,2025-11-26,2026,2025-11-27T00:30Z,OKC,MIN,1.0,0.77983,dk,-470.0,360.0,0.79136,-375.0,295.0,KXNBAGAME-25NOV26MINOKC,-458.0,373.0,0.805,0.0,-609.0,331.0,0.74101,3330.0
401809807,2025-11-26,2026,2025-11-27T01:00Z,NOP,MEM,0.0,0.49515,dk,140.0,-166.0,0.40036,114.0,-135.0,KXNBAGAME-25NOV26MEMNOP,140.0,-168.0,0.395,0.0,-107.0,-154.0,0.47101,3360.0
401809808,2025-11-26,2026,2025-11-27T03:00Z,GSW,HOU,0.0,0.53999,dk,-162.0,136.0,0.59337,-162.0,136.0,KXNBAGAME-25NOV26HOUGSW,-161.0,140.0,0.60101,0.0,-107.0,-137.0,0.47727,3300.0
401809809,2025-11-26,2026,2025-11-27T03:00Z,POR,SAS,0.0,0.35045,espnbet,100.0,-120.0,0.47826,-130.0,110.0,KXNBAGAME-25NOV26SASPOR,-107.0,-112.0,0.495,0.0,-126.0,-103.0,0.51938,3300.0
401809810,2025-11-26,2026,2025-11-27T03:00Z,SAC,PHO,0.0,0.35798,dk,154.0,-185.0,0.37753,136.0,-162.0,KXNBAGAME-25NOV26PHXSAC,159.0,-191.0,0.365,0.0,140.0,-239.0,0.38971,3300.0
401809811,2025-11-28,2026,2025-11-29T00:30Z,ATL,CLE,1.0,0.56549,dk,210.0,-258.0,0.30921,160.0,-192.0,KXNBAGAME-25NOV28CLEATL,208.0,-251.0,0.305,0.0,124.0,-175.0,0.3494,3330.0
401809812,2025-11-28,2026,2025-11-29T00:30Z,BRK,PHI,0.0,0.4298,dk,235.0,-290.0,0.28645,200.0,-245.0,KXNBAGAME-25NOV28PHIBKN,229.0,-276.0,0.285,0.0,240.0,-340.0,0.30769,3330.0
401809813,2025-11-28,2026,2025-11-29T00:30Z,CHO,CHI,1.0,0.56536,dk,120.0,-142.0,0.43651,124.0,-148.0,KXNBAGAME-25NOV28CHICHA,124.0,-148.0,0.425,0.0,119.0,-175.0,0.41958,3330.0
401809814,2025-11-28,2026,2025-11-29T00:30Z,DET,ORL,0.0,0.70074,dk,-162.0,136.0,0.59337,-205.0,170.0,KXNBAGAME-25NOV28ORLDET,-161.0,140.0,0.60101,0.0,-218.0,181.0,0.5817,3330.0
401809815,2025-11-28,2026,2025-11-29T00:30Z,IND,WAS,1.0,0.55499,dk,-258.0,210.0,0.69079,-238.0,195.0,KXNBAGAME-25NOV28WASIND,-239.0,198.0,0.685,0.0,-218.0,129.0,0.69061,3330.0
401809816,2025-11-28,2026,2025-11-29T00:30Z,NYK,MIL,1.0,0.78553,dk,-278.0,225.0,0.70503,-265.0,215.0,KXNBAGAME-25NOV28MILNYK,-276.0,229.0,0.715,0.0,-306.0,208.0,0.69595,3330.0
401809817,2025-11-28,2026,2025-11-29T02:30Z,OKC,PHO,1.0,0.8526,dk,-1050.0,675.0,0.87618,-1100.0,700.0,KXNBAGAME-25NOV28PHXOKC,-869.0,685.0,0.885,0.0,-719.0,373.0,0.83,3270.0
401809818,2025-11-28,2026,2025-11-29T02:30Z,DEN,SAS,0.0,0.60149,dk,-305.0,245.0,0.72208,-455.0,350.0,KXNBAGAME-25NOV28SASDEN,-290.0,240.0,0.725,0.0,-276.0,159.0,0.66875,3270.0
401809819,2025-11-28,2026,2025-11-29T02:30Z,UTA,SAC,1.0,0.60207,dk,-142.0,120.0,0.56349,-110.0,-110.0,KXNBAGAME-25NOV28SACUTA,-142.0,119.0,0.565,0.0,-168.0,-103.0,0.54248,3270.0
401809820,2025-11-28,2026,2025-11-29T03:00Z,LAL,DAL,1.0,0.84654,dk,-455.0,350.0,0.78674,-455.0,350.0,KXNBAGAME-25NOV28DALLAL,-458.0,373.0,0.80402,0.0,-458.0,266.0,0.80102,3300.0
401809821,2025-11-28,2026,2025-11-29T03:00Z,LAC,MEM,0.0,0.658,dk,-265.0,215.0,0.69577,-285.0,230.0,KXNBAGAME-25NOV28MEMLAC,-263.0,218.0,0.705,0.0,-251.0,166.0,0.65101,3300.0
401810148,2025-11-29,2026,2025-11-29T22:00Z,MIN,BOS,1.0,0.58023,dk,-238.0,195.0,0.67503,-250.0,200.0,KXNBAGAME-25NOV29BOSMIN,-239.0,189.0,0.68159,0.0,-208.0,140.0,0.59701,3360.0
401810149,2025-11-29,2026,2025-11-29T23:00Z,CHO,TOR,1.0,0.36164,dk,230.0,-285.0,0.29046,260.0,-325.0,KXNBAGAME-25NOV29TORCHA,240.0,-290.0,0.275,0.0,351.0,-609.0,0.25735,3240.0
401810150,2025-11-29,2026,2025-11-30T00:30Z,IND,CHI,1.0,0.37344,dk,120.0,-142.0,0.43651,160.0,-192.0,KXNBAGAME-25NOV29CHIIND,124.0,-148.0,0.425,0.0,124.0,-239.0,0.40714,3330.0
401810151,2025-11-29,2026,2025-11-30T01:00Z,MIA,DET,0.0,0.6155,dk,-166.0,140.0,0.59964,-125.0,105.0,KXNBAGAME-25NOV29DETMIA,-161.0,134.0,0.595,0.0,-142.0,-131.0,0.50714,3360.0
401810152,2025-11-29,2026,2025-11-30T01:00Z,MIL,BRK,1.0,0.79654,dk,-575.0,425.0,0.81726,-550.0,410.0,KXNBAGAME-25NOV29BKNMIL,-564.0,425.0,0.83085,0.0,-404.0,124.0,0.62,3360.0
401810153,2025-11-29,2026,2025-11-30T01:30Z,GSW,NOP,1.0,0.71691,dk,-425.0,330.0,0.77683,-325.0,260.0,KXNBAGAME-25NOV29NOPGSW,-430.0,331.0,0.78607,0.0,-276.0,166.0,0.64539,3210.0
401810154,2025-11-29,2026,2025-11-30T02:00Z,PHO,DEN,0.0,0.42338,dk,142.0,-170.0,0.39624,180.0,-225.0,KXNBAGAME-25NOV29DENPHX,146.0,-175.0,0.385,0.0,129.0,-191.0,0.32979,3240.0
401810155,2025-11-29,2026,2025-11-30T03:00Z,LAC,DAL,0.0,0.74719,dk,-380.0,300.0,0.76,-270.0,220.0,KXNBAGAME-25NOV29DALLAC,-360.0,280.0,0.75743,0.0,-430.0,218.0,0.68571,3300.0
401810156,2025-11-30,2026,2025-11-30T20:00Z,UTA,HOU,0.0,0.28154,dk,425.0,-575.0,0.18274,440.0,-600.0,KXNBAGAME-25NOV30HOUUTA,425.0,-564.0,0.16915,0.0,313.0,-660.0,0.26471,3240.0
401810157,2025-11-30,2026,2025-11-30T23:00Z,CLE,BOS,0.0,0.67737,dk,-285.0,230.0,0.70954,-305.0,245.0,KXNBAGAME-25NOV30BOSCLE,-276.0,218.0,0.71,0.0,-381.0,218.0,0.72941,3240.0
401810158,2025-11-30,2026,2025-11-30T23:00Z,NYK,TOR,1.0,0.78831,dk,-345.0,275.0,0.74407,-250.0,205.0,KXNBAGAME-25NOV30TORNYK,-340.0,266.0,0.74752,0.0,-168.0,105.0,0.59281,3240.0
401810159,2025-11-30,2026,2025-11-30T23:00Z,PHI,ATL,0.0,0.49542,dk,-142.0,120.0,0.56349,-120.0,100.0,KXNBAGAME-25NOV30ATLPHI,-148.0,124.0,0.575,0.0,-142.0,-137.0,0.48421,3240.0
401810160,2025-11-30,2026,2025-11-30T23:00Z,POR,OKC,0.0,0.12014,dk,490.0,-675.0,0.1629,525.0,-750.0,KXNBAGAME-25NOV30OKCPOR,490.0,-609.0,0.15578,0.0,529.0,-660.0,0.14894,3240.0
401810161,2025-11-30,2026,2025-12-01T00:00Z,MIN,SAS,1.0,0.52312,dk,-185.0,154.0,0.62247,-155.0,130.0,KXNBAGAME-25NOV30SASMIN,-191.0,152.0,0.63184,0.0,-168.0,101.0,0.57143,3300.0
401810162,2025-11-30,2026,2025-12-01T02:00Z,SAC,MEM,0.0,0.38994,dk,124.0,-148.0,0.42794,124.0,-148.0,KXNBAGAME-25NOV30MEMSAC,129.0,-154.0,0.41709,0.0,-148.0,-103.0,0.47701,3240.0
401810163,2025-11-30,2026,2025-12-01T02:30Z,LAL,NOP,1.0,0.90484,dk,-1450.0,850.0,0.89886,-850.0,575.0,KXNBAGAME-25NOV30NOPLAL,-1236.0,841.0,0.90594,0.0,-719.0,529.0,0.84444,3270.0
401810164,2025-12-01,2026,2025-12-02T00:00Z,DET,ATL,1.0,0.74531,dk,-410.0,320.0,0.77151,-298.0,240.0,KXNBAGAME-25DEC01ATLDET,-404.0,313.0,0.77723,0.0,-306.0,229.0,0.725,3300.0
401810165,2025-12-01,2026,2025-12-02T00:00Z,IND,CLE,0.0,0.29948,dk,160.0,-192.0,0.36906,180.0,-218.0,KXNBAGAME-25DEC01CLEIND,152.0,-183.0,0.375,0.0,181.0,-276.0,0.26667,3300.0
401810166,2025-12-01,2026,2025-12-02T00:00Z,WAS,MIL,1.0,0.23631,dk,330.0,-425.0,0.22317,330.0,-425.0,KXNBAGAME-25DEC01MILWAS,351.0,-458.0,0.199,0.0,152.0,-404.0,0.27957,3300.0
401810167,2025-12-01,2026,2025-12-02T00:30Z,BRK,CHO,1.0,0.35964,dk,154.0,-185.0,0.37753,154.0,-185.0,KXNBAGAME-25DEC01CHABKN,152.0,-191.0,0.37129,0.0,119.0,-251.0,0.42529,3330.0
401810168,2025-12-01,2026,2025-12-02T00:30Z,MIA,LAC,1.0,0.69355,dk,-245.0,200.0,0.68056,-205.0,170.0,KXNBAGAME-25DEC01LACMIA,-251.0,198.0,0.68812,0.0,-218.0,119.0,0.65497,3330.0
401810169,2025-12-01,2026,2025-12-02T00:30Z,ORL,CHI,1.0,0.72328,dk,-380.0,300.0,0.76,-290.0,235.0,KXNBAGAME-25DEC01CHIORL,-381.0,313.0,0.775,0.0,-290.0,173.0,0.69,3330.0
401810170,2025-12-01,2026,2025-12-02T02:00Z,DEN,DAL,0.0,0.86027,dk,-550.0,410.0,0.81187,-455.0,350.0,KXNBAGAME-25DEC01DALDEN,-525.0,398.0,0.81683,0.0,-660.0,351.0,0.73723,3240.0
401810171,2025-12-01,2026,2025-12-02T02:00Z,UTA,HOU,1.0,0.19983,dk,400.0,-535.0,0.19184,455.0,-625.0,KXNBAGAME-25DEC01HOUUTA,456.0,-564.0,0.165,0.0,-660.0,-719.0,0.495,3240.0
401810172,2025-12-01,2026,2025-12-02T03:00Z,LAL,PHO,0.0,0.62643,dk,-225.0,185.0,0.66365,-245.0,200.0,KXNBAGAME-25DEC01PHXLAL,-228.0,181.0,0.66832,0.0,-183.0,109.0,0.56204,3300.0
401810173,2025-12-02,2026,2025-12-03T00:00Z,PHI,WAS,1.0,0.8168,dk,-800.0,550.0,0.85246,-850.0,575.0,KXNBAGAME-25DEC02WASPHI,-719.0,574.0,0.865,0.0,-660.0,351.0,0.75362,3300.0
401810174,2025-12-02,2026,2025-12-03T00:30Z,TOR,POR,1.0,0.63996,dk,-198.0,164.0,0.6369,-218.0,180.0,KXNBAGAME-25DEC02PORTOR,-208.0,166.0,0.64851,0.0,-322.0,198.0,0.67123,3330.0
401810175,2025-12-02,2026,2025-12-03T01:00Z,BOS,NYK,1.0,0.48235,dk,-105.0,-115.0,0.48917,102.0,-122.0,KXNBAGAME-25DEC02NYKBOS,-103.0,-121.0,0.4802,0.0,129.0,-199.0,0.40714,3360.0
401810176,2025-12-02,2026,2025-12-03T01:00Z,NOP,MIN,0.0,0.14935,dk,490.0,-675.0,0.1629,260.0,-325.0,KXNBAGAME-25DEC02MINNOP,529.0,-660.0,0.145,0.0,331.0,-381.0,0.26667,3360.0
401810177,2025-12-02,2026,2025-12-03T01:00Z,SAS,MEM,1.0,0.72862,dk,-205.0,170.0,0.64473,-205.0,170.0,KXNBAGAME-25DEC02MEMSAS,-199.0,166.0,0.645,0.0,-340.0,198.0,0.66434,3360.0
401810178,2025-12-02,2026,2025-12-03T04:00Z,GSW,OKC,0.0,0.17265,dk,410.0,-550.0,0.18813,440.0,-600.0,KXNBAGAME-25DEC02OKCGSW,398.0,-489.0,0.185,0.0,373.0,-609.0,0.25,3360.0
401810179,2025-12-03,2026,2025-12-04T00:00Z,CLE,POR,0.0,0.74264,dk,-485.0,370.0,0.79578,-395.0,320.0,KXNBAGAME-25DEC03PORCLE,-489.0,373.0,0.80597,0.0,-228.0,159.0,0.62121,3300.0
401810180,2025-12-03,2026,2025-12-04T00:00Z,IND,DEN,0.0,0.19544,dk,250.0,-310.0,0.27425,-305.0,-305.0,KXNBAGAME-25DEC03DENIND,266.0,-340.0,0.25248,0.0,313.0,-360.0,0.28125,3300.0
401810181,2025-12-03,2026,2025-12-04T00:00Z,ORL,SAS,0.0,0.61815,dk,-360.0,285.0,0.75081,-258.0,210.0,KXNBAGAME-25DEC03SASORL,-322.0,252.0,0.73632,0.0,-168.0,124.0,0.57252,3300.0
401810182,2025-12-03,2026,2025-12-04T00:30Z,ATL,LAC,0.0,0.5757,dk,-125.0,105.0,0.53247,-175.0,145.0,KXNBAGAME-25DEC03LACATL,-131.0,109.0,0.545,0.0,-251.0,152.0,0.62222,3330.0
401810183,2025-12-03,2026,2025-12-04T00:30Z,NYK,CHO,1.0,0.74541,dk,-395.0,310.0,0.7659,-440.0,350.0,KXNBAGAME-25DEC03CHANYK,-404.0,313.0,0.77723,0.0,-564.0,425.0,0.81437,3330.0
401810184,2025-12-03,2026,2025-12-04T01:00Z,CHI,BRK,0.0,0.64912,dk,-325.0,260.0,0.73354,-340.0,270.0,KXNBAGAME-25DEC03BKNCHI,-340.0,266.0,0.74627,0.0,-430.0,280.0,0.71212,3360.0
401810185,2025-12-03,2026,2025-12-04T01:00Z,HOU,SAC,1.0,0.87696,dk,-1350.0,800.0,0.89338,-1350.0,750.0,KXNBAGAME-25DEC03SACHOU,-1087.0,841.0,0.905,0.0,-564.0,490.0,0.77165,3360.0
401810186,2025-12-03,2026,2025-12-04T01:00Z,MIL,DET,1.0,0.41109,dk,160.0,-192.0,0.36906,120.0,-142.0,KXNBAGAME-25DEC03DETMIL,159.0,-199.0,0.36139,0.0,152.0,-199.0,0.39231,3360.0
401810187,2025-12-03,2026,2025-12-04T01:30Z,DAL,MIA,1.0,0.30582,dk,154.0,-185.0,0.37753,142.0,-170.0,KXNBAGAME-25DEC03MIADAL,152.0,-183.0,0.375,0.0,189.0,-276.0,0.30519,3210.0
401810188,2025-12-04,2026,2025-12-05T00:00Z,PHI,GSW,1.0,0.52308,dk,-175.0,145.0,0.60924,-155.0,130.0,KXNBAGAME-25DEC04GSWPHI,-175.0,146.0,0.615,0.0,-116.0,-112.0,0.52,3300.0
401810189,2025-12-04,2026,2025-12-05T00:00Z,WAS,BOS,0.0,0.18625,dk,370.0,-485.0,0.20422,295.0,-395.0,KXNBAGAME-25DEC04BOSWAS,398.0,-489.0,0.185,0.0,280.0,-525.0,0.24074,3300.0
401810190,2025-12-04,2026,2025-12-05T00:30Z,BRK,UTA,0.0,0.50247,dk,170.0,-205.0,0.35527,145.0,-175.0,KXNBAGAME-25DEC04UTABKN,159.0,-191.0,0.365,0.0,119.0,-208.0,0.43125,3330.0
401810191,2025-12-04,2026,2025-12-05T00:30Z,TOR,LAL,0.0,0.40169,dk,-135.0,114.0,0.55144,-108.0,-112.0,KXNBAGAME-25DEC04LALTOR,-137.0,114.0,0.555,0.0,101.0,-137.0,0.45695,3330.0
401810192,2025-12-04,2026,2025-12-05T01:00Z,NOP,MIN,0.0,0.18012,dk,425.0,-575.0,0.18274,410.0,-550.0,KXNBAGAME-25DEC04MINNOP,456.0,-564.0,0.165,0.0,-564.0,-660.0,0.41079,3360.0
401810193,2025-12-05,2026,2025-12-06T00:00Z,BOS,LAL,1.0,0.70121,dk,-340.0,270.0,0.74087,-245.0,200.0,KXNBAGAME-25DEC05LALBOS,-322.0,266.0,0.745,0.0,109.0,-142.0,0.35429,3300.0
401810194,2025-12-05,2026,2025-12-06T00:00Z,ORL,MIA,1.0,0.62022,dk,-225.0,185.0,0.66365,-205.0,170.0,KXNBAGAME-25DEC05MIAORL,-228.0,189.0,0.675,0.0,-183.0,134.0,0.59296,3300.0
401810195,2025-12-05,2026,2025-12-06T00:30Z,ATL,DEN,0.0,0.40245,dk,136.0,-162.0,0.40663,245.0,-290.0,KXNBAGAME-25DEC05DENATL,134.0,-161.0,0.405,0.0,134.0,-191.0,0.32804,3330.0
401810196,2025-12-05,2026,2025-12-06T00:30Z,CLE,SAS,1.0,0.53796,dk,-192.0,160.0,0.63094,-198.0,164.0,KXNBAGAME-25DEC05SASCLE,-191.0,159.0,0.635,0.0,-218.0,146.0,0.64052,3330.0
401810197,2025-12-05,2026,2025-12-06T00:30Z,DET,POR,1.0,0.81225,dk,-340.0,270.0,0.74087,-238.0,195.0,KXNBAGAME-25DEC05PORDET,-340.0,266.0,0.74752,0.0,-404.0,266.0,0.72848,3330.0
401810198,2025-12-05,2026,2025-12-06T00:30Z,NYK,UTA,1.0,0.89812,dk,-1350.0,800.0,0.89338,-1200.0,750.0,KXNBAGAME-25DEC05UTANYK,-967.0,756.0,0.895,0.0,-564.0,351.0,0.76667,3330.0
401810199,2025-12-05,2026,2025-12-06T00:30Z,TOR,CHO,0.0,0.5599,dk,-270.0,220.0,0.70016,-360.0,285.0,KXNBAGAME-25DEC05CHATOR,-276.0,218.0,0.70792,0.0,-404.0,296.0,0.75472,3330.0
401810200,2025-12-05,2026,2025-12-06T01:00Z,CHI,IND,0.0,0.66379,dk,-192.0,160.0,0.63094,-218.0,180.0,KXNBAGAME-25DEC05INDCHI,-199.0,159.0,0.63861,0.0,-306.0,173.0,0.67308,3360.0
401810201,2025-12-05,2026,2025-12-06T01:00Z,HOU,PHO,1.0,0.68713,dk,-380.0,300.0,0.76,-535.0,400.0,KXNBAGAME-25DEC05PHXHOU,-381.0,313.0,0.77387,0.0,-306.0,240.0,0.70946,3360.0
401810202,2025-12-05,2026,2025-12-06T01:00Z,MEM,LAC,1.0,0.48678,dk,114.0,-135.0,0.44856,110.0,-130.0,KXNBAGAME-25DEC05LACMEM,109.0,-131.0,0.455,0.0,-126.0,-142.0,0.50641,3360.0
401810203,2025-12-05,2026,2025-12-06T01:00Z,MIL,PHI,0.0,0.65761,dk,-105.0,-115.0,0.48917,114.0,-135.0,KXNBAGAME-25DEC05PHIMIL,-103.0,-112.0,0.4899,0.0,-199.0,140.0,0.67568,3360.0
401810204,2025-12-05,2026,2025-12-06T02:30Z,OKC,DAL,1.0,0.89386,dk,-1200.0,750.0,0.88696,-1050.0,675.0,KXNBAGAME-25DEC05DALOKC,-967.0,756.0,0.895,0.0,-1236.0,574.0,0.83333,3270.0
401810205,2025-12-06,2026,2025-12-06T22:00Z,BRK,NOP,1.0,0.58532,dk,-166.0,140.0,0.59964,-125.0,105.0,KXNBAGAME-25DEC06NOPBKN,-168.0,140.0,0.605,0.0,-199.0,134.0,0.60284,3360.0
401810206,2025-12-06,2026,2025-12-07T00:00Z,WAS,ATL,0.0,0.2509,dk,330.0,-425.0,0.22317,260.0,-325.0,KXNBAGAME-25DEC06ATLWAS,351.0,-458.0,0.20297,0.0,296.0,-458.0,0.28244,3300.0
401810207,2025-12-06,2026,2025-12-07T00:30Z,CLE,GSW,0.0,0.65576,dk,-375.0,295.0,0.75719,-325.0,260.0,KXNBAGAME-25DEC06GSWCLE,-360.0,296.0,0.765,0.0,-251.0,173.0,0.63359,3330.0
401810208,2025-12-06,2026,2025-12-07T00:30Z,DET,MIL,1.0,0.78743,dk,-675.0,490.0,0.8371,-575.0,425.0,KXNBAGAME-25DEC06MILDET,-609.0,490.0,0.845,0.0,-430.0,280.0,0.70992,3330.0
401810209,2025-12-06,2026,2025-12-07T01:00Z,MIA,SAC,0.0,0.76149,dk,-360.0,285.0,0.75081,-285.0,230.0,KXNBAGAME-25DEC06SACMIA,-360.0,280.0,0.75622,0.0,-430.0,280.0,0.70992,3360.0
401810210,2025-12-06,2026,2025-12-07T01:00Z,MIN,LAC,1.0,0.78321,dk,-375.0,295.0,0.75719,-410.0,320.0,KXNBAGAME-25DEC06LACMIN,-360.0,280.0,0.75743,0.0,-322.0,198.0,0.66165,3360.0
401810211,2025-12-06,2026,2025-12-07T01:30Z,DAL,HOU,1.0,0.33672,dk,210.0,-258.0,0.30921,425.0,-575.0,KXNBAGAME-25DEC06HOUDAL,208.0,-251.0,0.305,0.0,240.0,-381.0,0.27097,3210.0
401810212,2025-12-07,2026,2025-12-07T17:00Z,NYK,ORL,1.0,0.6162,dk,-122.0,102.0,0.52609,-162.0,136.0,KXNBAGAME-25DEC07ORLNYK,-116.0,-103.0,0.515,0.0,-168.0,119.0,0.56489,3240.0
401810213,2025-12-07,2026,2025-12-07T20:30Z,TOR,BOS,0.0,0.31748,dk,130.0,-155.0,0.41701,114.0,-135.0,KXNBAGAME-25DEC07BOSTOR,129.0,-154.0,0.415,0.0,-142.0,101.0,0.53435,3270.0
401810214,2025-12-07,2026,2025-12-07T23:00Z,CHO,DEN,0.0,0.23884,dk,360.0,-470.0,0.20864,350.0,-455.0,KXNBAGAME-25DEC07DENCHA,373.0,-489.0,0.19403,0.0,313.0,-430.0,0.28467,3240.0
401810215,2025-12-07,2026,2025-12-07T23:00Z,MEM,POR,1.0,0.62753,dk,-125.0,105.0,0.53247,-110.0,-110.0,KXNBAGAME-25DEC07PORMEM,-137.0,109.0,0.5495,0.0,-218.0,-154.0,0.50292,3240.0
401810216,2025-12-07,2026,2025-12-08T00:00Z,CHI,GSW,0.0,0.68702,dk,-105.0,-115.0,0.48917,-110.0,-110.0,KXNBAGAME-25DEC07GSWCHI,-103.0,-116.0,0.485,0.0,-154.0,-112.0,0.53378,3300.0
401810217,2025-12-07,2026,2025-12-08T00:30Z,PHI,LAL,0.0,0.52249,dk,120.0,-142.0,0.43651,136.0,-162.0,KXNBAGAME-25DEC07LALPHI,119.0,-148.0,0.43069,0.0,134.0,-191.0,0.4,3330.0
401810218,2025-12-07,2026,2025-12-08T01:00Z,UTA,OKC,0.0,0.14748,dk,440.0,-600.0,0.17766,455.0,-625.0,KXNBAGAME-25DEC07OKCUTA,425.0,-525.0,0.175,0.0,529.0,-719.0,0.21538,3360.0
401810219,2025-12-08,2026,2025-12-09T00:00Z,IND,SAC,1.0,0.58402,dk,-162.0,136.0,0.59337,-162.0,136.0,KXNBAGAME-25DEC08SACIND,-168.0,134.0,0.59701,0.0,-199.0,105.0,0.56522,3300.0
401810220,2025-12-08,2026,2025-12-09T00:30Z,MIN,PHO,0.0,0.71727,dk,-375.0,295.0,0.75719,-395.0,310.0,KXNBAGAME-25DEC08PHXMIN,-360.0,280.0,0.75743,0.0,-322.0,218.0,0.67424,3330.0
401810221,2025-12-08,2026,2025-12-09T01:00Z,NOP,SAS,0.0,0.27025,dk,300.0,-380.0,0.24,300.0,-380.0,KXNBAGAME-25DEC08SASNOP,331.0,-430.0,0.21287,0.0,296.0,-489.0,0.27612,3360.0
401809833,2025-12-09,2026,2025-12-09T23:00Z,ORL,MIA,1.0,0.53438,dk,-118.0,-102.0,0.51736,-205.0,170.0,KXNBAGAME-25DEC09MIAORL,-121.0,-103.0,0.5198,0.0,-208.0,159.0,0.64948,3240.0
401809834,2025-12-09,2026,2025-12-10T01:30Z,TOR,NYK,0.0,0.34759,dk,210.0,-258.0,0.30921,110.0,-130.0,KXNBAGAME-25DEC09NYKTOR,198.0,-251.0,0.31188,0.0,124.0,-161.0,0.40107,3210.0
401809835,2025-12-10,2026,2025-12-11T00:30Z,OKC,PHO,1.0,0.75552,dk,-1100.0,700.0,0.88,-950.0,625.0,KXNBAGAME-25DEC10PHXOKC,-967.0,756.0,0.895,0.0,-1087.0,685.0,0.885,3330.0
401809836,2025-12-10,2026,2025-12-11T03:00Z,LAL,SAS,0.0,0.72392,dk,-285.0,230.0,0.70954,-180.0,150.0,KXNBAGAME-25DEC10SASLAL,-276.0,218.0,0.70792,0.0,-191.0,152.0,0.56329,3300.0
401836746,2025-12-11,2026,2025-12-12T01:00Z,HOU,LAC,1.0,0.62554,dk,-380.0,300.0,0.76,-345.0,275.0,KXNBAGAME-25DEC11LACHOU,-381.0,296.0,0.76733,0.0,-458.0,313.0,0.72222,3360.0
401836747,2025-12-11,2026,2025-12-12T01:00Z,MIL,BOS,1.0,0.24823,dk,320.0,-410.0,0.22849,220.0,-270.0,KXNBAGAME-25DEC11BOSMIL,331.0,-430.0,0.21287,0.0,252.0,-340.0,0.26415,3360.0
401836748,2025-12-11,2026,2025-12-12T01:00Z,NOP,POR,1.0,0.51368,dk,142.0,-170.0,0.39624,170.0,-205.0,KXNBAGAME-25DEC11PORNOP,146.0,-175.0,0.385,0.0,218.0,-251.0,0.39333,3360.0
401836749,2025-12-11,2026,2025-12-12T03:00Z,SAC,DEN,0.0,0.1718,dk,370.0,-485.0,0.20422,300.0,-380.0,KXNBAGAME-25DEC11DENSAC,398.0,-489.0,0.185,0.0,252.0,-404.0,0.24631,3300.0
401836750,2025-12-12,2026,2025-12-13T00:00Z,CHO,CHI,0.0,0.5219,dk,120.0,-142.0,0.43651,-110.0,-110.0,KXNBAGAME-25DEC12CHICHA,119.0,-142.0,0.435,0.0,-112.0,-116.0,0.50249,3300.0
401836751,2025-12-12,2026,2025-12-13T00:00Z,DET,ATL,1.0,0.67866,dk,-285.0,230.0,0.70954,-238.0,195.0,KXNBAGAME-25DEC12ATLDET,-276.0,218.0,0.70792,0.0,-276.0,208.0,0.69802,3300.0
401836752,2025-12-12,2026,2025-12-13T00:00Z,PHI,IND,1.0,0.72833,dk,-230.0,190.0,0.66901,-245.0,200.0,KXNBAGAME-25DEC12INDPHI,-228.0,189.0,0.675,0.0,-306.0,218.0,0.70792,3300.0
401836753,2025-12-12,2026,2025-12-13T00:00Z,WAS,CLE,0.0,0.1674,dk,850.0,-1450.0,0.10114,575.0,-850.0,KXNBAGAME-25DEC12CLEWAS,945.0,-1087.0,0.08586,0.0,574.0,-788.0,0.13433,3300.0
401836754,2025-12-12,2026,2025-12-13T01:00Z,MEM,UTA,0.0,0.73224,dk,-278.0,225.0,0.70503,-238.0,195.0,KXNBAGAME-25DEC12UTAMEM,-263.0,218.0,0.705,0.0,-263.0,189.0,0.69347,3360.0
401836795,2025-12-12,2026,2025-12-13T01:30Z,DAL,BRK,1.0,0.60773,dk,-290.0,235.0,0.71355,-285.0,230.0,KXNBAGAME-25DEC12BKNDAL,-290.0,252.0,0.73232,0.0,-251.0,189.0,0.74457,3210.0
401836796,2025-12-12,2026,2025-12-13T03:00Z,GSW,MIN,0.0,0.44125,dk,-192.0,160.0,0.63094,114.0,-135.0,KXNBAGAME-25DEC12MINGSW,-199.0,159.0,0.64,0.0,105.0,-126.0,0.47449,3300.0
401836797,2025-12-14,2026,2025-12-14T20:00Z,IND,WAS,0.0,0.66934,dk,-425.0,330.0,0.77683,-375.0,295.0,KXNBAGAME-25DEC14WASIND,-430.0,331.0,0.79,0.0,-719.0,-719.0,0.5,3240.0
401836799,2025-12-14,2026,2025-12-14T20:30Z,CLE,CHO,0.0,0.81368,dk,-625.0,455.0,0.82712,-535.0,400.0,KXNBAGAME-25DEC14CHACLE,-564.0,456.0,0.835,0.0,-719.0,-719.0,0.5,3270.0
401836798,2025-12-14,2026,2025-12-14T23:00Z,ATL,PHI,1.0,0.70347,dk,-175.0,145.0,0.60924,-142.0,120.0,KXNBAGAME-25DEC14PHIATL,-175.0,140.0,0.60891,0.0,-154.0,129.0,0.6763,3240.0
401836800,2025-12-14,2026,2025-12-14T23:00Z,BRK,MIL,1.0,0.50056,dk,102.0,-122.0,0.47391,100.0,-120.0,KXNBAGAME-25DEC14MILBKN,-103.0,-121.0,0.47761,0.0,-107.0,-126.0,0.48507,3240.0
401836801,2025-12-14,2026,2025-12-15T00:00Z,MIN,SAC,1.0,0.8389,dk,-410.0,320.0,0.77151,-600.0,440.0,KXNBAGAME-25DEC14SACMIN,-458.0,351.0,0.79703,0.0,-404.0,296.0,0.71212,3300.0
401836804,2025-12-14,2026,2025-12-15T00:00Z,CHI,NOP,0.0,0.62558,dk,-192.0,160.0,0.63094,-198.0,164.0,KXNBAGAME-25DEC14NOPCHI,-191.0,159.0,0.635,0.0,-276.0,208.0,0.65909,3300.0
401839699,2025-12-14,2026,2025-12-15T01:00Z,PHO,LAL,0.0,0.36043,dk,-115.0,-105.0,0.51083,114.0,-135.0,KXNBAGAME-25DEC14LALPHX,-121.0,101.0,0.525,0.0,109.0,-168.0,0.44118,3360.0
401836802,2025-12-14,2026,2025-12-15T02:00Z,POR,GSW,1.0,0.34312,dk,170.0,-205.0,0.35527,160.0,-192.0,KXNBAGAME-25DEC14GSWPOR,173.0,-218.0,0.34158,0.0,114.0,-161.0,0.42143,3240.0
401836803,2025-12-15,2026,2025-12-16T00:00Z,BOS,DET,0.0,0.56858,dk,-118.0,-102.0,0.51736,-118.0,-102.0,KXNBAGAME-25DEC15DETBOS,-121.0,-103.0,0.5198,0.0,-137.0,105.0,0.54135,3300.0
401839023,2025-12-15,2026,2025-12-16T00:30Z,MIA,TOR,0.0,0.72157,dk,-185.0,154.0,0.62247,-218.0,180.0,KXNBAGAME-25DEC15TORMIA,-183.0,152.0,0.625,0.0,-161.0,124.0,0.66474,3330.0
401836805,2025-12-15,2026,2025-12-16T02:00Z,UTA,DAL,1.0,0.48746,dk,-105.0,-115.0,0.48917,114.0,-135.0,KXNBAGAME-25DEC15DALUTA,-103.0,-121.0,0.4802,0.0,-107.0,-131.0,0.42781,3240.0
401836806,2025-12-15,2026,2025-12-16T02:30Z,DEN,HOU,1.0,0.57637,dk,-105.0,-115.0,0.48917,-115.0,-105.0,KXNBAGAME-25DEC15HOUDEN,101.0,-121.0,0.475,0.0,-142.0,-112.0,0.53234,3270.0
401836807,2025-12-15,2026,2025-12-16T03:30Z,LAC,MEM,0.0,0.59109,dk,-218.0,180.0,0.65748,-180.0,150.0,KXNBAGAME-25DEC15MEMLAC,-199.0,166.0,0.645,0.0,-148.0,105.0,0.58378,3330.0
401810222,2025-12-17,2026,2025-12-18T01:00Z,CHI,CLE,1.0,0.40649,dk,180.0,-218.0,0.34252,150.0,-180.0,KXNBAGAME-25DEC17CLECHI,173.0,-218.0,0.34328,0.0,140.0,-322.0,0.37762,3360.0
401810223,2025-12-17,2026,2025-12-18T01:00Z,MIN,MEM,0.0,0.63413,dk,-265.0,215.0,0.69577,-285.0,230.0,KXNBAGAME-25DEC17MEMMIN,-263.0,208.0,0.70149,0.0,-263.0,198.0,0.6978,3360.0
401810226,2025-12-18,2026,2025-12-19T00:00Z,CHO,ATL,1.0,0.38119,dk,154.0,-185.0,0.37753,150.0,-180.0,KXNBAGAME-25DEC18ATLCHA,152.0,-183.0,0.375,0.0,173.0,-228.0,0.37363,2580.0
401810227,2025-12-18,2026,2025-12-19T00:00Z,IND,NYK,0.0,0.16992,dk,136.0,-162.0,0.40663,164.0,-198.0,KXNBAGAME-25DEC18NYKIND,134.0,-168.0,0.40099,0.0,331.0,-489.0,0.19095,2580.0
401810228,2025-12-18,2026,2025-12-19T00:30Z,BRK,MIA,0.0,0.40215,dk,230.0,-285.0,0.29046,205.0,-250.0,KXNBAGAME-25DEC18MIABKN,229.0,-276.0,0.285,0.0,252.0,-322.0,0.26136,2610.0
401810224,2025-12-18,2026,2025-12-19T01:00Z,OKC,LAC,1.0,0.93117,dk,-1600.0,900.0,0.90395,-950.0,625.0,KXNBAGAME-25DEC18LACOKC,-1236.0,841.0,0.90594,0.0,-1087.0,625.0,0.87245,2640.0
401810225,2025-12-18,2026,2025-12-19T01:00Z,SAS,WAS,1.0,0.89295,dk,-1200.0,750.0,0.88696,-1100.0,700.0,KXNBAGAME-25DEC18WASSAS,-967.0,756.0,0.895,0.0,-869.0,529.0,0.85567,2640.0
401810229,2025-12-18,2026,2025-12-19T01:00Z,MIL,TOR,0.0,0.51326,dk,160.0,-192.0,0.36906,150.0,-180.0,KXNBAGAME-25DEC18TORMIL,152.0,-191.0,0.37313,0.0,159.0,-208.0,0.32022,2640.0
401810230,2025-12-18,2026,2025-12-19T01:00Z,NOP,HOU,1.0,0.32021,dk,320.0,-410.0,0.22849,330.0,-425.0,KXNBAGAME-25DEC18HOUNOP,313.0,-404.0,0.21891,0.0,351.0,-458.0,0.19588,2640.0
401810231,2025-12-18,2026,2025-12-19T01:30Z,DAL,DET,1.0,0.30805,dk,180.0,-218.0,0.34252,170.0,-205.0,KXNBAGAME-25DEC18DETDAL,181.0,-218.0,0.33668,0.0,198.0,-263.0,0.2948,2670.0
401810232,2025-12-18,2026,2025-12-19T02:00Z,DEN,ORL,1.0,0.75632,dk,-270.0,220.0,0.70016,-298.0,240.0,KXNBAGAME-25DEC18ORLDEN,-263.0,208.0,0.69802,0.0,-263.0,198.0,0.68235,2700.0
401810233,2025-12-18,2026,2025-12-19T02:00Z,PHO,GSW,1.0,0.44377,dk,110.0,-130.0,0.45726,100.0,-120.0,KXNBAGAME-25DEC18GSWPHX,114.0,-137.0,0.445,0.0,-112.0,-121.0,0.4593,2700.0
401810234,2025-12-18,2026,2025-12-19T02:00Z,UTA,LAL,0.0,0.23899,dk,310.0,-395.0,0.2341,200.0,-245.0,KXNBAGAME-25DEC18LALUTA,313.0,-381.0,0.225,0.0,189.0,-263.0,0.32821,2700.0
401810235,2025-12-18,2026,2025-12-19T03:00Z,POR,SAC,1.0,0.72145,dk,-340.0,270.0,0.74087,-298.0,240.0,KXNBAGAME-25DEC18SACPOR,-340.0,266.0,0.74627,0.0,-251.0,181.0,0.67456,2760.0
401810236,2025-12-19,2026,2025-12-20T00:00Z,BOS,MIA,1.0,0.80462,dk,-305.0,245.0,0.72208,-225.0,185.0,KXNBAGAME-25DEC19MIABOS,-290.0,240.0,0.725,0.0,-183.0,134.0,0.5894,3300.0
401810237,2025-12-19,2026,2025-12-20T00:00Z,NYK,PHI,0.0,0.68527,dk,-245.0,200.0,0.68056,-218.0,180.0,KXNBAGAME-25DEC19PHINYK,-251.0,198.0,0.68812,0.0,-290.0,208.0,0.67808,3300.0
401810238,2025-12-19,2026,2025-12-20T00:30Z,ATL,SAS,0.0,0.41283,dk,142.0,-170.0,0.39624,110.0,-130.0,KXNBAGAME-25DEC19SASATL,140.0,-175.0,0.39109,0.0,159.0,-239.0,0.39189,3330.0
401810239,2025-12-19,2026,2025-12-20T00:30Z,CLE,CHI,0.0,0.6658,dk,-180.0,150.0,0.61644,-265.0,215.0,KXNBAGAME-25DEC19CHICLE,-175.0,140.0,0.60891,0.0,-660.0,-609.0,0.52582,3330.0
401810240,2025-12-19,2026,2025-12-20T02:30Z,MIN,OKC,1.0,0.27564,dk,210.0,-258.0,0.30921,260.0,-325.0,KXNBAGAME-25DEC19OKCMIN,208.0,-251.0,0.305,0.0,-458.0,-660.0,0.47291,3270.0
401810241,2025-12-20,2026,2025-12-20T22:00Z,DEN,HOU,0.0,0.58659,dk,102.0,-122.0,0.47391,-120.0,100.0,KXNBAGAME-25DEC20HOUDEN,101.0,-121.0,0.475,0.0,-148.0,-103.0,0.52532,3360.0
401810242,2025-12-20,2026,2025-12-21T00:00Z,PHI,DAL,1.0,0.45055,dk,-120.0,100.0,0.52174,-135.0,114.0,KXNBAGAME-25DEC20DALPHI,-126.0,101.0,0.52736,0.0,-218.0,152.0,0.63871,3300.0
401810243,2025-12-20,2026,2025-12-21T00:00Z,TOR,BOS,0.0,0.4264,dk,-122.0,102.0,0.52609,114.0,-135.0,KXNBAGAME-25DEC20BOSTOR,-126.0,101.0,0.53,0.0,-112.0,-137.0,0.48101,3300.0
401810244,2025-12-20,2026,2025-12-21T00:00Z,NOP,IND,1.0,0.69441,dk,-130.0,110.0,0.54274,-135.0,114.0,KXNBAGAME-25DEC20INDNOP,-142.0,114.0,0.56219,0.0,-142.0,-148.0,0.5241,3300.0
401810245,2025-12-20,2026,2025-12-21T00:30Z,DET,CHO,1.0,0.78966,dk,-500.0,380.0,0.8,-395.0,310.0,KXNBAGAME-25DEC20CHADET,-458.0,351.0,0.79703,0.0,-458.0,280.0,0.80303,3330.0
401810246,2025-12-20,2026,2025-12-21T01:00Z,MEM,WAS,0.0,0.78341,dk,-600.0,440.0,0.82234,-470.0,360.0,KXNBAGAME-25DEC20WASMEM,-525.0,425.0,0.825,0.0,-404.0,266.0,0.75926,3360.0
401810247,2025-12-20,2026,2025-12-21T01:30Z,GSW,PHO,1.0,0.67287,dk,-230.0,190.0,0.66901,-198.0,164.0,KXNBAGAME-25DEC20PHXGSW,-218.0,181.0,0.665,0.0,-148.0,-404.0,0.46907,3210.0
401810248,2025-12-20,2026,2025-12-21T02:30Z,UTA,ORL,0.0,0.32236,dk,245.0,-305.0,0.27792,225.0,-278.0,KXNBAGAME-25DEC20ORLUTA,229.0,-290.0,0.28218,0.0,124.0,-239.0,0.36527,3270.0
401810249,2025-12-20,2026,2025-12-21T03:00Z,SAC,POR,0.0,0.39611,dk,145.0,-175.0,0.39076,150.0,-180.0,KXNBAGAME-25DEC20PORSAC,140.0,-168.0,0.395,0.0,-660.0,-360.0,0.50472,3300.0
401810250,2025-12-20,2026,2025-12-21T03:30Z,LAC,LAL,1.0,0.32913,dk,110.0,-130.0,0.45726,124.0,-148.0,KXNBAGAME-25DEC20LALLAC,105.0,-131.0,0.46269,0.0,152.0,-276.0,0.36478,3330.0
401810251,2025-12-21,2026,2025-12-21T20:30Z,ATL,CHI,0.0,0.56991,dk,-175.0,145.0,0.60924,-192.0,160.0,KXNBAGAME-25DEC21CHIATL,-168.0,134.0,0.60199,0.0,-228.0,146.0,0.61429,3270.0
401810252,2025-12-21,2026,2025-12-21T23:00Z,BRK,TOR,1.0,0.56794,dk,130.0,-155.0,0.41701,145.0,-175.0,KXNBAGAME-25DEC21TORBKN,134.0,-168.0,0.40099,0.0,146.0,-263.0,0.38235,3240.0
401810253,2025-12-21,2026,2025-12-21T23:00Z,NYK,MIA,1.0,0.76365,dk,-290.0,235.0,0.71355,-310.0,250.0,KXNBAGAME-25DEC21MIANYK,-276.0,229.0,0.715,0.0,-239.0,166.0,0.63158,3240.0
401810254,2025-12-21,2026,2025-12-22T00:00Z,WAS,SAS,0.0,0.11047,dk,800.0,-1350.0,0.10662,700.0,-1100.0,KXNBAGAME-25DEC21SASWAS,841.0,-1087.0,0.095,0.0,529.0,-609.0,0.21875,3300.0
401810255,2025-12-21,2026,2025-12-22T00:00Z,MIN,MIL,1.0,0.79405,dk,-625.0,455.0,0.82712,-650.0,470.0,KXNBAGAME-25DEC21MILMIN,-564.0,456.0,0.835,0.0,-306.0,189.0,0.65672,3300.0
401810256,2025-12-21,2026,2025-12-22T03:00Z,SAC,HOU,1.0,0.15589,dk,455.0,-625.0,0.17288,455.0,-625.0,KXNBAGAME-25DEC21HOUSAC,425.0,-564.0,0.17,0.0,173.0,-381.0,0.28655,3300.0
401810257,2025-12-22,2026,2025-12-23T00:00Z,CLE,CHO,1.0,0.72583,dk,-375.0,295.0,0.75719,-380.0,300.0,KXNBAGAME-25DEC22CHACLE,-340.0,280.0,0.755,0.0,-360.0,173.0,0.71649,3300.0
401810258,2025-12-22,2026,2025-12-23T00:30Z,BOS,IND,1.0,0.86352,dk,-600.0,440.0,0.82234,-395.0,310.0,KXNBAGAME-25DEC22INDBOS,-525.0,425.0,0.825,0.0,-381.0,229.0,0.76796,3330.0
401810259,2025-12-22,2026,2025-12-23T01:00Z,NOP,DAL,1.0,0.54246,dk,-108.0,-112.0,0.49567,-115.0,-105.0,KXNBAGAME-25DEC22DALNOP,-103.0,-121.0,0.48259,0.0,114.0,-228.0,0.40761,3360.0
401810260,2025-12-22,2026,2025-12-23T02:00Z,DEN,UTA,1.0,0.87841,dk,-675.0,490.0,0.8371,-1100.0,700.0,KXNBAGAME-25DEC22UTADEN,-609.0,490.0,0.845,0.0,-290.0,198.0,0.76316,3240.0
401810261,2025-12-22,2026,2025-12-23T02:30Z,OKC,MEM,1.0,0.8961,dk,-1200.0,750.0,0.88696,-1350.0,800.0,KXNBAGAME-25DEC22MEMOKC,-869.0,685.0,0.885,0.0,-609.0,456.0,0.76923,3270.0
401810262,2025-12-22,2026,2025-12-23T03:00Z,GSW,ORL,1.0,0.63406,dk,-230.0,190.0,0.66901,-175.0,145.0,KXNBAGAME-25DEC22ORLGSW,-228.0,181.0,0.66832,0.0,-183.0,134.0,0.58333,3300.0
401810263,2025-12-22,2026,2025-12-23T03:00Z,POR,DET,0.0,0.26748,dk,200.0,-245.0,0.31944,185.0,-225.0,KXNBAGAME-25DEC22DETPOR,198.0,-239.0,0.315,0.0,140.0,-228.0,0.45395,3300.0
401810264,2025-12-23,2026,2025-12-24T00:00Z,CHO,WAS,1.0,0.67135,dk,-250.0,205.0,0.68539,-218.0,180.0,KXNBAGAME-25DEC23WASCHA,-251.0,198.0,0.68657,0.0,-360.0,166.0,0.65,3300.0
401810265,2025-12-23,2026,2025-12-24T00:00Z,PHI,BRK,0.0,0.61158,dk,-395.0,310.0,0.7659,-470.0,360.0,KXNBAGAME-25DEC23BKNPHI,-381.0,296.0,0.76733,0.0,-290.0,252.0,0.67969,3300.0
401810266,2025-12-23,2026,2025-12-24T00:30Z,ATL,CHI,0.0,0.51265,dk,-148.0,124.0,0.57206,-166.0,140.0,KXNBAGAME-25DEC23CHIATL,-154.0,124.0,0.57921,0.0,-404.0,-404.0,0.5,3330.0
401810267,2025-12-23,2026,2025-12-24T00:30Z,CLE,NOP,1.0,0.73137,dk,-425.0,330.0,0.77683,-345.0,275.0,KXNBAGAME-25DEC23NOPCLE,-381.0,313.0,0.775,0.0,-340.0,181.0,0.65217,3330.0
401810268,2025-12-23,2026,2025-12-24T00:30Z,IND,MIL,0.0,0.40925,dk,-108.0,-112.0,0.49567,-112.0,-108.0,KXNBAGAME-25DEC23MILIND,-103.0,-121.0,0.48,0.0,-228.0,-107.0,0.56164,3330.0
401810269,2025-12-23,2026,2025-12-24T00:30Z,MIA,TOR,0.0,0.66299,dk,-218.0,180.0,0.65748,-175.0,145.0,KXNBAGAME-25DEC23TORMIA,-218.0,173.0,0.65672,0.0,-191.0,129.0,0.58209,3330.0
401810270,2025-12-23,2026,2025-12-24T01:00Z,DAL,DEN,1.0,0.26991,dk,200.0,-245.0,0.31944,215.0,-265.0,KXNBAGAME-25DEC23DENDAL,198.0,-239.0,0.315,0.0,140.0,-251.0,0.3913,3360.0
401810271,2025-12-23,2026,2025-12-24T01:00Z,MIN,NYK,1.0,0.57205,dk,-278.0,225.0,0.70503,-245.0,200.0,KXNBAGAME-25DEC23NYKMIN,-263.0,208.0,0.70149,0.0,-112.0,-148.0,0.47445,3360.0
401810272,2025-12-23,2026,2025-12-24T01:30Z,SAS,OKC,1.0,0.46396,dk,190.0,-230.0,0.33099,205.0,-250.0,KXNBAGAME-25DEC23OKCSAS,189.0,-239.0,0.32178,0.0,189.0,-251.0,0.35878,3210.0
401810273,2025-12-23,2026,2025-12-24T02:00Z,PHO,LAL,1.0,0.46067,dk,-148.0,124.0,0.57206,-175.0,145.0,KXNBAGAME-25DEC23LALPHX,-148.0,124.0,0.57789,0.0,-161.0,109.0,0.55224,3240.0
401810274,2025-12-23,2026,2025-12-24T02:00Z,UTA,MEM,0.0,0.38844,dk,145.0,-175.0,0.39076,114.0,-135.0,KXNBAGAME-25DEC23MEMUTA,140.0,-175.0,0.39,0.0,119.0,-228.0,0.41429,3240.0
401810275,2025-12-23,2026,2025-12-24T03:00Z,POR,ORL,0.0,0.46677,dk,102.0,-122.0,0.47391,110.0,-130.0,KXNBAGAME-25DEC23ORLPOR,-103.0,-121.0,0.47761,0.0,-251.0,-168.0,0.5283,3300.0
401810276,2025-12-23,2026,2025-12-24T03:00Z,SAC,DET,0.0,0.23769,dk,330.0,-425.0,0.22317,295.0,-375.0,KXNBAGAME-25DEC23DETSAC,351.0,-430.0,0.20603,0.0,173.0,-404.0,0.34507,3300.0
401810277,2025-12-23,2026,2025-12-24T03:30Z,LAC,HOU,1.0,0.29019,dk,235.0,-290.0,0.28645,220.0,-270.0,KXNBAGAME-25DEC23HOULAC,218.0,-276.0,0.29353,0.0,105.0,-381.0,0.39869,3330.0
401809238,2025-12-25,2026,2025-12-25T17:00Z,NYK,CLE,1.0,0.43168,dk,-180.0,150.0,0.61644,-198.0,164.0,KXNBAGAME-25DEC25CLENYK,-175.0,146.0,0.615,0.0,-239.0,173.0,0.67582,4200.0
401809239,2025-12-25,2026,2025-12-25T19:30Z,OKC,SAS,0.0,0.81546,dk,-355.0,280.0,0.74778,-535.0,400.0,KXNBAGAME-25DEC25SASOKC,-340.0,280.0,0.755,0.0,-719.0,114.0,0.71,4350.0
401809240,2025-12-25,2026,2025-12-25T22:17Z,GSW,DAL,1.0,0.72715,dk,-310.0,250.0,0.72575,-285.0,230.0,KXNBAGAME-25DEC25DALGSW,-306.0,240.0,0.72772,0.0,-322.0,159.0,0.63768,4517.0
401809241,2025-12-25,2026,2025-12-26T01:00Z,LAL,HOU,0.0,0.46174,dk,105.0,-125.0,0.46753,-102.0,-118.0,KXNBAGAME-25DEC25HOULAL,-107.0,-116.0,0.4901,0.0,-103.0,-154.0,0.46269,4680.0
401809242,2025-12-25,2026,2025-12-26T03:30Z,DEN,MIN,1.0,0.58527,dk,-105.0,-115.0,0.48917,-175.0,145.0,KXNBAGAME-25DEC25MINDEN,-112.0,-107.0,0.505,0.0,-208.0,129.0,0.58955,4830.0
401810278,2025-12-26,2026,2025-12-27T00:00Z,ATL,MIA,0.0,0.56955,dk,-148.0,124.0,0.57206,-175.0,145.0,KXNBAGAME-25DEC26MIAATL,-154.0,124.0,0.57921,0.0,-126.0,-103.0,0.52632,3300.0
401810279,2025-12-26,2026,2025-12-27T00:00Z,ORL,CHO,0.0,0.59837,dk,-230.0,190.0,0.66901,-198.0,164.0,KXNBAGAME-25DEC26CHAORL,-228.0,189.0,0.675,0.0,-263.0,208.0,0.66165,3300.0
401810280,2025-12-26,2026,2025-12-27T00:00Z,WAS,TOR,1.0,0.34424,dk,260.0,-325.0,0.26646,280.0,-355.0,KXNBAGAME-25DEC26TORWAS,252.0,-322.0,0.26,0.0,313.0,-360.0,0.2803,3300.0
401810281,2025-12-26,2026,2025-12-27T00:00Z,IND,BOS,0.0,0.19188,dk,270.0,-340.0,0.25913,200.0,-245.0,KXNBAGAME-25DEC26BOSIND,252.0,-322.0,0.26238,0.0,229.0,-381.0,0.32374,3300.0
401810282,2025-12-26,2026,2025-12-27T00:30Z,CHI,PHI,1.0,0.57457,dk,105.0,-125.0,0.46753,-118.0,-102.0,KXNBAGAME-25DEC26PHICHI,109.0,-131.0,0.455,0.0,-121.0,-126.0,0.48905,3330.0
401810283,2025-12-26,2026,2025-12-27T01:00Z,MEM,MIL,1.0,0.63634,dk,-185.0,154.0,0.62247,-185.0,154.0,KXNBAGAME-25DEC26MILMEM,-191.0,159.0,0.635,0.0,-199.0,129.0,0.58519,3360.0
401810284,2025-12-26,2026,2025-12-27T01:00Z,NOP,PHO,0.0,0.47,dk,164.0,-198.0,0.3631,130.0,-155.0,KXNBAGAME-25DEC26PHXNOP,159.0,-191.0,0.365,0.0,146.0,-199.0,0.39552,3360.0
401810285,2025-12-26,2026,2025-12-27T02:30Z,UTA,DET,1.0,0.18479,dk,320.0,-410.0,0.22849,340.0,-440.0,KXNBAGAME-25DEC26DETUTA,296.0,-404.0,0.2266,0.0,252.0,-430.0,0.28824,3270.0
401810286,2025-12-26,2026,2025-12-27T03:00Z,POR,LAC,0.0,0.47992,dk,110.0,-130.0,0.45726,102.0,-122.0,KXNBAGAME-25DEC26LACPOR,109.0,-137.0,0.44776,0.0,-142.0,-116.0,0.50932,3300.0
401810287,2025-12-27,2026,2025-12-27T22:00Z,SAC,DAL,1.0,0.40245,dk,120.0,-142.0,0.43651,120.0,-142.0,KXNBAGAME-25DEC27DALSAC,119.0,-142.0,0.435,0.0,140.0,-208.0,0.39416,3360.0
401810288,2025-12-27,2026,2025-12-28T00:00Z,ORL,DEN,1.0,0.30455,dk,142.0,-170.0,0.39624,142.0,-170.0,KXNBAGAME-25DEC27DENORL,140.0,-175.0,0.38806,0.0,124.0,-175.0,0.41327,3300.0
401810289,2025-12-27,2026,2025-12-28T00:00Z,NOP,PHO,0.0,0.50626,dk,154.0,-185.0,0.37753,170.0,-205.0,KXNBAGAME-25DEC27PHXNOP,159.0,-191.0,0.365,0.0,119.0,-322.0,0.345,3300.0
401810290,2025-12-27,2026,2025-12-28T01:00Z,ATL,NYK,0.0,0.31565,dk,185.0,-225.0,0.33635,154.0,-185.0,KXNBAGAME-25DEC27NYKATL,181.0,-228.0,0.33,0.0,146.0,-199.0,0.36649,3360.0
401810291,2025-12-27,2026,2025-12-28T01:00Z,MIA,IND,1.0,0.74578,dk,-270.0,220.0,0.70016,-340.0,270.0,KXNBAGAME-25DEC27INDMIA,-263.0,218.0,0.705,0.0,-430.0,252.0,0.77604,3360.0
401810292,2025-12-27,2026,2025-12-28T01:00Z,CHI,MIL,0.0,0.66077,dk,-125.0,105.0,0.53247,-245.0,200.0,KXNBAGAME-25DEC27MILCHI,-137.0,114.0,0.555,0.0,-251.0,166.0,0.6701,3360.0
401810293,2025-12-27,2026,2025-12-28T01:00Z,HOU,CLE,1.0,0.48887,dk,-135.0,114.0,0.55144,-218.0,180.0,KXNBAGAME-25DEC27CLEHOU,-137.0,114.0,0.555,0.0,-239.0,181.0,0.68229,3360.0
401810294,2025-12-27,2026,2025-12-28T01:00Z,MIN,BRK,0.0,0.82923,dk,-650.0,470.0,0.83165,-410.0,320.0,KXNBAGAME-25DEC27BKNMIN,-564.0,456.0,0.835,0.0,-719.0,490.0,0.85279,3360.0
401810295,2025-12-27,2026,2025-12-28T01:00Z,SAS,UTA,0.0,0.88731,dk,-800.0,550.0,0.85246,-1350.0,800.0,KXNBAGAME-25DEC27UTASAS,-660.0,529.0,0.855,0.0,-719.0,529.0,0.85787,3360.0
401810296,2025-12-28,2026,2025-12-28T20:30Z,TOR,GSW,1.0,0.36446,dk,150.0,-180.0,0.38356,136.0,-162.0,KXNBAGAME-25DEC28GSWTOR,152.0,-183.0,0.375,0.0,-116.0,-137.0,0.46497,3270.0
401810297,2025-12-28,2026,2025-12-28T20:30Z,OKC,PHI,1.0,0.90545,dk,-800.0,550.0,0.85246,-1000.0,650.0,KXNBAGAME-25DEC28PHIOKC,-719.0,529.0,0.85644,0.0,-564.0,373.0,0.7622,3270.0
401810298,2025-12-28,2026,2025-12-28T23:00Z,WAS,MEM,1.0,0.33659,dk,235.0,-290.0,0.28645,205.0,-250.0,KXNBAGAME-25DEC28MEMWAS,229.0,-276.0,0.28643,0.0,189.0,-404.0,0.33099,3240.0
401810299,2025-12-28,2026,2025-12-28T23:00Z,POR,BOS,1.0,0.25424,dk,210.0,-258.0,0.30921,180.0,-218.0,KXNBAGAME-25DEC28BOSPOR,208.0,-263.0,0.29851,0.0,129.0,-239.0,0.40288,3240.0
401810300,2025-12-28,2026,2025-12-29T02:00Z,LAC,DET,1.0,0.30612,dk,130.0,-155.0,0.41701,130.0,-155.0,KXNBAGAME-25DEC28DETLAC,140.0,-168.0,0.395,0.0,173.0,-340.0,0.28796,3240.0
401810301,2025-12-28,2026,2025-12-29T02:30Z,LAL,SAC,1.0,0.89661,dk,-500.0,380.0,0.8,-575.0,425.0,KXNBAGAME-25DEC28SACLAL,-458.0,373.0,0.805,0.0,-489.0,425.0,0.82979,3270.0
401810302,2025-12-29,2026,2025-12-30T00:00Z,CHO,MIL,0.0,0.48306,dk,124.0,-148.0,0.42794,140.0,-166.0,KXNBAGAME-25DEC29MILCHA,124.0,-154.0,0.42079,0.0,-175.0,-107.0,0.54872,3300.0
401810303,2025-12-29,2026,2025-12-30T00:00Z,WAS,PHO,0.0,0.24896,dk,330.0,-425.0,0.22317,350.0,-455.0,KXNBAGAME-25DEC29PHXWAS,331.0,-404.0,0.215,0.0,218.0,-322.0,0.26064,3300.0
401810304,2025-12-29,2026,2025-12-30T00:30Z,BRK,GSW,0.0,0.46513,dk,180.0,-218.0,0.34252,154.0,-185.0,KXNBAGAME-25DEC29GSWBKN,173.0,-208.0,0.345,0.0,266.0,-306.0,0.25263,3330.0
401810305,2025-12-29,2026,2025-12-30T00:30Z,MIA,DEN,1.0,0.47436,dk,105.0,-125.0,0.46753,145.0,-175.0,KXNBAGAME-25DEC29DENMIA,105.0,-126.0,0.465,0.0,124.0,-218.0,0.36898,3330.0
401810306,2025-12-29,2026,2025-12-30T00:30Z,TOR,ORL,1.0,0.4569,dk,102.0,-122.0,0.47391,100.0,-120.0,KXNBAGAME-25DEC29ORLTOR,-103.0,-116.0,0.485,0.0,-126.0,-112.0,0.5,3330.0
401810307,2025-12-29,2026,2025-12-30T01:00Z,CHI,MIN,0.0,0.39389,dk,180.0,-218.0,0.34252,150.0,-180.0,KXNBAGAME-25DEC29MINCHI,173.0,-218.0,0.34,0.0,146.0,-208.0,0.35638,3360.0
401810308,2025-12-29,2026,2025-12-30T01:00Z,HOU,IND,1.0,0.85126,dk,-625.0,455.0,0.82712,-800.0,550.0,KXNBAGAME-25DEC29INDHOU,-609.0,490.0,0.845,0.0,-404.0,266.0,0.78421,3360.0
401810309,2025-12-29,2026,2025-12-30T01:00Z,NOP,NYK,0.0,0.33576,dk,275.0,-345.0,0.25593,280.0,-355.0,KXNBAGAME-25DEC29NYKNOP,266.0,-322.0,0.255,0.0,198.0,-322.0,0.27128,3360.0
401810310,2025-12-29,2026,2025-12-30T01:00Z,OKC,ATL,1.0,0.8911,dk,-1100.0,700.0,0.88,-1200.0,750.0,KXNBAGAME-25DEC29ATLOKC,-1087.0,756.0,0.89604,0.0,-430.0,313.0,0.80749,3360.0
401810311,2025-12-29,2026,2025-12-30T01:00Z,SAS,CLE,0.0,0.48495,dk,-162.0,136.0,0.59337,-198.0,164.0,KXNBAGAME-25DEC29CLESAS,-161.0,134.0,0.595,0.0,-191.0,134.0,0.62234,3360.0
401810312,2025-12-29,2026,2025-12-30T03:30Z,POR,DAL,1.0,0.49424,dk,-135.0,114.0,0.55144,-120.0,100.0,KXNBAGAME-25DEC29DALPOR,-142.0,114.0,0.55941,0.0,-168.0,-112.0,0.53623,3330.0
401810313,2025-12-30,2026,2025-12-31T01:00Z,MEM,PHI,0.0,0.56914,dk,102.0,-122.0,0.47391,-115.0,-105.0,KXNBAGAME-25DEC30PHIMEM,101.0,-126.0,0.4703,0.0,114.0,-168.0,0.45946,3360.0
401810314,2025-12-30,2026,2025-12-31T02:00Z,UTA,BOS,0.0,0.21009,dk,240.0,-298.0,0.28203,240.0,-298.0,KXNBAGAME-25DEC30BOSUTA,229.0,-276.0,0.285,0.0,152.0,-218.0,0.375,3240.0
401810315,2025-12-30,2026,2025-12-31T03:30Z,LAL,DET,0.0,0.48704,dk,124.0,-148.0,0.42794,114.0,-135.0,KXNBAGAME-25DEC30DETLAL,119.0,-142.0,0.435,0.0,109.0,-142.0,0.44681,3330.0
401810316,2025-12-30,2026,2025-12-31T04:00Z,LAC,SAC,1.0,0.75612,dk,-375.0,295.0,0.75719,-395.0,310.0,KXNBAGAME-25DEC30SACLAC,-381.0,313.0,0.775,0.0,-208.0,146.0,0.61421,3360.0
401810317,2025-12-31,2026,2025-12-31T18:00Z,CHO,GSW,0.0,0.34812,dk,230.0,-285.0,0.29046,210.0,-258.0,KXNBAGAME-25DEC31GSWCHA,240.0,-290.0,0.275,0.0,129.0,-199.0,0.41481,3300.0
401810318,2025-12-31,2026,2025-12-31T20:00Z,ATL,MIN,1.0,0.29853,dk,170.0,-205.0,0.35527,130.0,-155.0,KXNBAGAME-25DEC31MINATL,173.0,-208.0,0.345,0.0,159.0,-251.0,0.37778,3240.0
401810319,2025-12-31,2026,2025-12-31T20:00Z,IND,ORL,0.0,0.36548,dk,160.0,-192.0,0.36906,130.0,-155.0,KXNBAGAME-25DEC31ORLIND,152.0,-191.0,0.37129,0.0,198.0,-263.0,0.35115,3240.0
401810320,2025-12-31,2026,2025-12-31T20:30Z,CLE,PHO,1.0,0.74961,dk,-258.0,210.0,0.69079,-205.0,170.0,KXNBAGAME-25DEC31PHXCLE,-251.0,208.0,0.695,0.0,-161.0,105.0,0.54815,3270.0
401810321,2025-12-31,2026,2026-01-01T00:00Z,CHI,NOP,1.0,0.55733,dk,-122.0,102.0,0.52609,-102.0,-118.0,KXNBAGAME-25DEC31NOPCHI,-131.0,105.0,0.54229,0.0,-251.0,159.0,0.65464,3300.0
401810322,2025-12-31,2026,2026-01-01T00:00Z,SAS,NYK,1.0,0.54743,dk,-162.0,136.0,0.59337,-135.0,114.0,KXNBAGAME-25DEC31NYKSAS,-168.0,134.0,0.60199,0.0,-168.0,124.0,0.57436,3300.0
401810323,2025-12-31,2026,2026-01-01T00:30Z,TOR,DEN,0.0,0.52094,dk,-270.0,220.0,0.70016,-250.0,205.0,KXNBAGAME-25DEC31DENTOR,-263.0,208.0,0.70149,0.0,181.0,-239.0,0.33333,3330.0
401810324,2025-12-31,2026,2026-01-01T01:00Z,MIL,WAS,0.0,0.79819,dk,-500.0,380.0,0.8,-550.0,410.0,KXNBAGAME-25DEC31WASMIL,-458.0,373.0,0.805,0.0,-263.0,208.0,0.74586,3360.0
401810325,2025-12-31,2026,2026-01-01T01:00Z,OKC,POR,1.0,0.91914,dk,-1000.0,650.0,0.87209,-1100.0,700.0,KXNBAGAME-25DEC31POROKC,-869.0,685.0,0.885,0.0,-430.0,398.0,0.80928,3360.0
401810326,2026-01-01,2026,2026-01-01T23:00Z,BRK,HOU,0.0,0.26809,dk,440.0,-600.0,0.17766,390.0,-520.0,KXNBAGAME-26JAN01HOUBKN,425.0,-525.0,0.175,0.0,252.0,-381.0,0.31111,3060.0
401810327,2026-01-01,2026,2026-01-02T00:00Z,DET,MIA,0.0,0.57241,dk,-185.0,154.0,0.62247,-192.0,160.0,KXNBAGAME-26JAN01MIADET,-191.0,152.0,0.63,0.0,-199.0,105.0,0.56429,3300.0
401810328,2026-01-01,2026,2026-01-02T01:30Z,DAL,PHI,0.0,0.43452,dk,114.0,-135.0,0.44856,-105.0,-115.0,KXNBAGAME-26JAN01PHIDAL,119.0,-142.0,0.435,0.0,114.0,-191.0,0.42958,3210.0
401810329,2026-01-01,2026,2026-01-02T03:00Z,SAC,BOS,0.0,0.16464,dk,340.0,-440.0,0.21809,295.0,-375.0,KXNBAGAME-26JAN01BOSSAC,351.0,-430.0,0.205,0.0,252.0,-322.0,0.31387,3300.0
401810330,2026-01-01,2026,2026-01-02T03:30Z,LAC,UTA,1.0,0.79652,dk,-850.0,575.0,0.85794,-425.0,330.0,KXNBAGAME-26JAN01UTALAC,-609.0,490.0,0.845,0.0,-251.0,189.0,0.73936,3330.0
401810331,2026-01-02,2026,2026-01-03T00:00Z,IND,SAS,0.0,0.24829,dk,170.0,-205.0,0.35527,160.0,-192.0,KXNBAGAME-26JAN02SASIND,173.0,-218.0,0.34,0.0,173.0,-525.0,0.25397,3300.0
401810332,2026-01-02,2026,2026-01-03T00:00Z,WAS,BRK,1.0,0.60872,dk,-148.0,124.0,0.57206,-105.0,-115.0,KXNBAGAME-26JAN02BKNWAS,-148.0,124.0,0.575,0.0,129.0,-168.0,0.39572,3300.0
401810333,2026-01-02,2026,2026-01-03T00:30Z,CLE,DEN,1.0,0.81263,dk,-850.0,575.0,0.85794,-520.0,390.0,KXNBAGAME-26JAN02DENCLE,-660.0,490.0,0.84653,0.0,-404.0,313.0,0.78534,3330.0
401810334,2026-01-02,2026,2026-01-03T00:30Z,NYK,ATL,0.0,0.65095,dk,-185.0,154.0,0.62247,-265.0,215.0,KXNBAGAME-26JAN02ATLNYK,-183.0,146.0,0.62189,0.0,-276.0,252.0,0.72928,3330.0
401810335,2026-01-02,2026,2026-01-03T01:00Z,CHI,ORL,1.0,0.43119,dk,164.0,-198.0,0.3631,145.0,-175.0,KXNBAGAME-26JAN02ORLCHI,166.0,-199.0,0.355,0.0,119.0,-161.0,0.41799,3360.0
401810336,2026-01-02,2026,2026-01-03T01:00Z,MIL,CHO,1.0,0.669,dk,-230.0,190.0,0.66901,-230.0,190.0,KXNBAGAME-26JAN02CHAMIL,-228.0,189.0,0.675,0.0,-228.0,181.0,0.67368,3360.0
401810337,2026-01-02,2026,2026-01-03T01:00Z,NOP,POR,0.0,0.59737,dk,136.0,-162.0,0.40663,100.0,-120.0,KXNBAGAME-26JAN02PORNOP,134.0,-161.0,0.405,0.0,129.0,-183.0,0.41026,3360.0
401810338,2026-01-02,2026,2026-01-03T02:00Z,PHO,SAC,1.0,0.82487,dk,-750.0,525.0,0.8465,-600.0,440.0,KXNBAGAME-26JAN02SACPHX,-660.0,529.0,0.855,0.0,-430.0,208.0,0.69014,3240.0
401810339,2026-01-02,2026,2026-01-03T03:00Z,GSW,OKC,0.0,0.21679,dk,500.0,-700.0,0.16,220.0,-270.0,KXNBAGAME-26JAN02OKCGSW,529.0,-660.0,0.145,0.0,252.0,-263.0,0.34532,3300.0
401810340,2026-01-02,2026,2026-01-03T03:30Z,LAL,MEM,1.0,0.63547,dk,-205.0,170.0,0.64473,-170.0,142.0,KXNBAGAME-26JAN02MEMLAL,-199.0,173.0,0.65152,0.0,-168.0,119.0,0.56391,3330.0
401810341,2026-01-03,2026,2026-01-03T22:00Z,MIA,MIN,0.0,0.44666,dk,120.0,-142.0,0.43651,130.0,-155.0,KXNBAGAME-26JAN03MINMIA,114.0,-137.0,0.445,0.0,-121.0,-183.0,0.46528,3360.0
401810342,2026-01-03,2026,2026-01-04T00:30Z,NYK,PHI,0.0,0.55994,dk,-175.0,145.0,0.60924,-175.0,145.0,KXNBAGAME-26JAN03PHINYK,-175.0,140.0,0.60891,0.0,-290.0,140.0,0.64072,3330.0
401810343,2026-01-03,2026,2026-01-04T00:30Z,TOR,ATL,1.0,0.61466,dk,-205.0,170.0,0.64473,-135.0,114.0,KXNBAGAME-26JAN03ATLTOR,-199.0,166.0,0.645,0.0,-175.0,105.0,0.55367,3330.0
401810344,2026-01-03,2026,2026-01-04T01:00Z,CHI,CHO,0.0,0.50734,dk,-135.0,114.0,0.55144,-122.0,102.0,KXNBAGAME-26JAN03CHACHI,-126.0,105.0,0.53769,0.0,-251.0,-126.0,0.58947,3360.0
401810345,2026-01-03,2026,2026-01-04T01:00Z,SAS,POR,0.0,0.70817,dk,-325.0,260.0,0.73354,-278.0,225.0,KXNBAGAME-26JAN03PORSAS,-322.0,266.0,0.745,0.0,-430.0,218.0,0.7513,3360.0
401810346,2026-01-03,2026,2026-01-04T01:30Z,DAL,HOU,1.0,0.26059,dk,260.0,-325.0,0.26646,230.0,-285.0,KXNBAGAME-26JAN03HOUDAL,266.0,-322.0,0.255,0.0,-103.0,-276.0,0.36842,3210.0
401810347,2026-01-03,2026,2026-01-04T03:00Z,GSW,UTA,1.0,0.61232,dk,-600.0,440.0,0.82234,-520.0,390.0,KXNBAGAME-26JAN03UTAGSW,-525.0,425.0,0.825,0.0,-306.0,173.0,0.7027,3300.0
401810348,2026-01-03,2026,2026-01-04T03:30Z,LAC,BOS,0.0,0.3996,dk,-135.0,114.0,0.55144,-105.0,-115.0,KXNBAGAME-26JAN03BOSLAC,-126.0,101.0,0.5297,0.0,-103.0,-175.0,0.37714,3330.0
401810349,2026-01-04,2026,2026-01-04T19:00Z,CLE,DET,0.0,0.64432,dk,-155.0,130.0,0.58299,-175.0,145.0,KXNBAGAME-26JAN04DETCLE,-161.0,129.0,0.59,0.0,-137.0,-154.0,0.48421,3180.0
401810350,2026-01-04,2026,2026-01-04T20:00Z,ORL,IND,1.0,0.73619,dk,-245.0,200.0,0.68056,-290.0,235.0,KXNBAGAME-26JAN04INDORL,-263.0,208.0,0.69802,0.0,-404.0,181.0,0.73298,3240.0
401810351,2026-01-04,2026,2026-01-04T20:30Z,BRK,DEN,1.0,0.44104,dk,120.0,-142.0,0.43651,120.0,-142.0,KXNBAGAME-26JAN04DENBKN,119.0,-148.0,0.43,0.0,-107.0,-131.0,0.46842,3270.0
401810352,2026-01-04,2026,2026-01-04T23:00Z,MIA,NOP,1.0,0.72316,dk,-298.0,240.0,0.71797,-250.0,205.0,KXNBAGAME-26JAN04NOPMIA,-306.0,240.0,0.72772,0.0,-430.0,198.0,0.73438,3240.0
401810353,2026-01-04,2026,2026-01-04T23:00Z,WAS,MIN,0.0,0.25841,dk,330.0,-425.0,0.22317,370.0,-485.0,KXNBAGAME-26JAN04MINWAS,331.0,-404.0,0.21608,0.0,173.0,-458.0,0.26263,3240.0
401810354,2026-01-04,2026,2026-01-05T01:00Z,PHO,OKC,1.0,0.18314,dk,310.0,-395.0,0.2341,285.0,-360.0,KXNBAGAME-26JAN04OKCPHX,313.0,-404.0,0.22277,0.0,373.0,-609.0,0.18719,3360.0
401810355,2026-01-04,2026,2026-01-05T02:00Z,SAC,MIL,0.0,0.29273,dk,195.0,-238.0,0.32497,195.0,-238.0,KXNBAGAME-26JAN04MILSAC,198.0,-251.0,0.31188,0.0,-112.0,-148.0,0.42593,3240.0
401810356,2026-01-04,2026,2026-01-05T02:30Z,LAL,MEM,1.0,0.64861,dk,-218.0,180.0,0.65748,-225.0,185.0,KXNBAGAME-26JAN04MEMLAL,-218.0,173.0,0.65842,0.0,-199.0,-660.0,0.53738,3270.0
401810357,2026-01-05,2026,2026-01-06T00:00Z,DET,NYK,1.0,0.39034,dk,105.0,-125.0,0.46753,114.0,-135.0,KXNBAGAME-26JAN05NYKDET,105.0,-121.0,0.4697,0.0,-121.0,-126.0,0.46561,3300.0
401810358,2026-01-05,2026,2026-01-06T00:30Z,BOS,CHI,1.0,0.83883,dk,-455.0,350.0,0.78674,-455.0,350.0,KXNBAGAME-26JAN05CHIBOS,-458.0,351.0,0.79602,0.0,-430.0,218.0,0.7672,3330.0
401810359,2026-01-05,2026,2026-01-06T00:30Z,TOR,ATL,1.0,0.57773,dk,-135.0,114.0,0.55144,-166.0,140.0,KXNBAGAME-26JAN05ATLTOR,-148.0,119.0,0.56716,0.0,-161.0,119.0,0.54348,3330.0
401810360,2026-01-05,2026,2026-01-06T01:00Z,HOU,PHO,1.0,0.77506,dk,-305.0,245.0,0.72208,-290.0,235.0,KXNBAGAME-26JAN05PHXHOU,-290.0,240.0,0.725,0.0,-322.0,208.0,0.7672,3180.0
401810361,2026-01-05,2026,2026-01-06T01:00Z,OKC,CHO,0.0,0.84815,dk,-1050.0,675.0,0.87618,-1350.0,800.0,KXNBAGAME-26JAN05CHAOKC,-967.0,685.0,0.89055,0.0,-719.0,529.0,0.85185,3360.0
401810362,2026-01-05,2026,2026-01-06T01:30Z,PHI,DEN,0.0,0.78304,dk,-850.0,575.0,0.85794,-455.0,350.0,KXNBAGAME-26JAN05DENPHI,-788.0,574.0,0.86567,0.0,-276.0,173.0,0.71505,3210.0
401810363,2026-01-05,2026,2026-01-06T03:00Z,LAC,GSW,1.0,0.4885,dk,136.0,-162.0,0.40663,-120.0,100.0,KXNBAGAME-26JAN05GSWLAC,140.0,-168.0,0.395,0.0,-148.0,-131.0,0.49479,3300.0
401810364,2026-01-05,2026,2026-01-06T03:00Z,POR,UTA,1.0,0.66565,dk,-230.0,190.0,0.66901,-218.0,180.0,KXNBAGAME-26JAN05UTAPOR,-208.0,173.0,0.655,0.0,-263.0,119.0,0.65128,3300.0
401810365,2026-01-06,2026,2026-01-07T00:00Z,IND,CLE,0.0,0.22754,dk,200.0,-245.0,0.31944,160.0,-192.0,KXNBAGAME-26JAN06CLEIND,189.0,-239.0,0.32178,0.0,159.0,-322.0,0.27749,3300.0
401810366,2026-01-06,2026,2026-01-07T00:00Z,WAS,ORL,1.0,0.34306,dk,235.0,-290.0,0.28645,235.0,-290.0,KXNBAGAME-26JAN06ORLWAS,229.0,-290.0,0.28218,0.0,181.0,-381.0,0.25389,3300.0
401810367,2026-01-06,2026,2026-01-07T01:00Z,MEM,SAS,1.0,0.37577,dk,200.0,-245.0,0.31944,170.0,-205.0,KXNBAGAME-26JAN06SASMEM,198.0,-239.0,0.31658,0.0,181.0,-251.0,0.3388,3360.0
401810368,2026-01-06,2026,2026-01-07T01:00Z,MIN,MIA,1.0,0.65708,dk,-205.0,170.0,0.64473,-218.0,180.0,KXNBAGAME-26JAN06MIAMIN,-199.0,166.0,0.645,0.0,-218.0,166.0,0.6413,3360.0
401810369,2026-01-06,2026,2026-01-07T01:00Z,NOP,LAL,0.0,0.36502,dk,185.0,-225.0,0.33635,170.0,-205.0,KXNBAGAME-26JAN06LALNOP,189.0,-228.0,0.325,0.0,129.0,-239.0,0.38021,3360.0
401810370,2026-01-06,2026,2026-01-07T04:00Z,SAC,DAL,0.0,0.39955,dk,160.0,-192.0,0.36906,154.0,-185.0,KXNBAGAME-26JAN06DALSAC,159.0,-191.0,0.365,0.0,124.0,-183.0,0.39474,3360.0
401810371,2026-01-07,2026,2026-01-08T00:00Z,CHO,TOR,0.0,0.49615,dk,114.0,-135.0,0.44856,105.0,-125.0,KXNBAGAME-26JAN07TORCHA,124.0,-148.0,0.42714,0.0,105.0,-239.0,0.42361,3300.0
401810372,2026-01-07,2026,2026-01-08T00:00Z,DET,CHI,1.0,0.72065,dk,-325.0,260.0,0.73354,-440.0,340.0,KXNBAGAME-26JAN07CHIDET,-322.0,266.0,0.745,0.0,-360.0,266.0,0.66906,3300.0
401810373,2026-01-07,2026,2026-01-08T00:00Z,PHI,WAS,1.0,0.84939,dk,-850.0,575.0,0.85794,-550.0,410.0,KXNBAGAME-26JAN07WASPHI,-719.0,574.0,0.865,0.0,-609.0,398.0,0.76296,3300.0
401810375,2026-01-07,2026,2026-01-08T00:00Z,BOS,DEN,0.0,0.84774,dk,-375.0,295.0,0.75719,-380.0,300.0,KXNBAGAME-26JAN07DENBOS,-360.0,280.0,0.75743,0.0,-360.0,229.0,0.6791,3300.0
401810374,2026-01-07,2026,2026-01-08T00:30Z,ATL,NOP,1.0,0.77705,dk,-440.0,340.0,0.78191,-360.0,285.0,KXNBAGAME-26JAN07NOPATL,-430.0,331.0,0.79,0.0,-228.0,146.0,0.61194,3330.0
401810376,2026-01-07,2026,2026-01-08T00:30Z,BRK,ORL,0.0,0.52728,dk,105.0,-125.0,0.46753,110.0,-130.0,KXNBAGAME-26JAN07ORLBKN,105.0,-126.0,0.465,0.0,181.0,-306.0,0.35294,3330.0
401810377,2026-01-07,2026,2026-01-08T00:30Z,NYK,LAC,1.0,0.64532,dk,-205.0,170.0,0.64473,-218.0,180.0,KXNBAGAME-26JAN07LACNYK,-199.0,159.0,0.63861,0.0,-199.0,119.0,0.58088,3330.0
401810379,2026-01-07,2026,2026-01-08T01:00Z,MEM,PHO,0.0,0.35537,dk,170.0,-205.0,0.35527,136.0,-162.0,KXNBAGAME-26JAN07PHXMEM,173.0,-208.0,0.34171,0.0,166.0,-228.0,0.37879,3360.0
401810380,2026-01-07,2026,2026-01-08T01:00Z,OKC,UTA,1.0,0.9282,dk,-1100.0,700.0,0.88,-1650.0,950.0,KXNBAGAME-26JAN07UTAOKC,-1087.0,841.0,0.905,0.0,-360.0,574.0,0.77686,3360.0
401810378,2026-01-07,2026,2026-01-08T02:30Z,SAS,LAL,1.0,0.67096,dk,-310.0,250.0,0.72575,-205.0,170.0,KXNBAGAME-26JAN07LALSAS,-290.0,240.0,0.725,0.0,-239.0,146.0,0.67553,3270.0
401810381,2026-01-07,2026,2026-01-08T03:00Z,GSW,MIL,1.0,0.65612,dk,-258.0,210.0,0.69079,-238.0,195.0,KXNBAGAME-26JAN07MILGSW,-251.0,198.0,0.68812,0.0,-306.0,134.0,0.67179,3300.0
401810382,2026-01-07,2026,2026-01-08T03:00Z,POR,HOU,1.0,0.31593,dk,220.0,-270.0,0.29984,180.0,-218.0,KXNBAGAME-26JAN07HOUPOR,218.0,-263.0,0.295,0.0,181.0,-290.0,0.29101,3300.0
401810383,2026-01-08,2026,2026-01-09T00:00Z,CHO,IND,0.0,0.63554,dk,-185.0,154.0,0.62247,-162.0,136.0,KXNBAGAME-26JAN08INDCHA,-191.0,152.0,0.63184,0.0,-175.0,105.0,0.57732,3300.0
401810385,2026-01-08,2026,2026-01-09T01:00Z,MIN,CLE,1.0,0.62073,dk,-148.0,124.0,0.57206,-155.0,130.0,KXNBAGAME-26JAN08CLEMIN,-148.0,124.0,0.575,0.0,-218.0,152.0,0.64615,3360.0
401810386,2026-01-08,2026,2026-01-09T02:00Z,UTA,DAL,1.0,0.32885,dk,160.0,-192.0,0.36906,180.0,-218.0,KXNBAGAME-26JAN08DALUTA,159.0,-199.0,0.36318,0.0,-137.0,-208.0,0.40556,3240.0
401810387,2026-01-09,2026,2026-01-10T00:00Z,BOS,TOR,1.0,0.79017,dk,-360.0,285.0,0.75081,-290.0,235.0,KXNBAGAME-26JAN09TORBOS,-360.0,280.0,0.75743,0.0,-263.0,173.0,0.63433,3300.0
401810388,2026-01-09,2026,2026-01-10T00:00Z,ORL,PHI,0.0,0.49309,dk,130.0,-155.0,0.41701,100.0,-120.0,KXNBAGAME-26JAN09PHIORL,129.0,-161.0,0.41294,0.0,-112.0,-126.0,0.48872,3300.0
401810389,2026-01-09,2026,2026-01-10T00:00Z,WAS,NOP,0.0,0.48947,dk,124.0,-148.0,0.42794,114.0,-135.0,KXNBAGAME-26JAN09NOPWAS,119.0,-137.0,0.43939,0.0,-103.0,-183.0,0.45,3300.0
401810390,2026-01-09,2026,2026-01-10T00:30Z,BRK,LAC,0.0,0.39336,dk,180.0,-218.0,0.34252,120.0,-142.0,KXNBAGAME-26JAN09LACBKN,189.0,-228.0,0.325,0.0,146.0,-306.0,0.37589,3330.0
401810391,2026-01-09,2026,2026-01-10T01:00Z,MEM,OKC,0.0,0.26779,dk,180.0,-218.0,0.34252,150.0,-180.0,KXNBAGAME-26JAN09OKCMEM,173.0,-218.0,0.34158,0.0,331.0,-564.0,0.18182,3360.0
401810392,2026-01-09,2026,2026-01-10T02:00Z,DEN,ATL,0.0,0.46088,dk,124.0,-148.0,0.42794,-130.0,110.0,KXNBAGAME-26JAN09ATLDEN,119.0,-142.0,0.43216,0.0,-183.0,109.0,0.5,3240.0
401810393,2026-01-09,2026,2026-01-10T02:00Z,PHO,NYK,1.0,0.48155,dk,-102.0,-118.0,0.48264,120.0,-142.0,KXNBAGAME-26JAN09NYKPHX,-103.0,-116.0,0.485,0.0,-107.0,-168.0,0.46043,3240.0
401810394,2026-01-09,2026,2026-01-10T03:00Z,GSW,SAC,1.0,0.84915,dk,-800.0,550.0,0.85246,-750.0,525.0,KXNBAGAME-26JAN09SACGSW,-719.0,529.0,0.85644,0.0,-430.0,208.0,0.68116,3300.0
401810395,2026-01-09,2026,2026-01-10T03:00Z,POR,HOU,1.0,0.32243,dk,210.0,-258.0,0.30921,180.0,-218.0,KXNBAGAME-26JAN09HOUPOR,208.0,-251.0,0.305,0.0,-525.0,-290.0,0.52973,3300.0
401810396,2026-01-09,2026,2026-01-10T03:30Z,LAL,MIL,0.0,0.52145,dk,-155.0,130.0,0.58299,-135.0,114.0,KXNBAGAME-26JAN09MILLAL,-161.0,129.0,0.58706,0.0,-239.0,146.0,0.61314,3330.0
401810397,2026-01-10,2026,2026-01-10T18:00Z,CLE,MIN,1.0,0.58468,dk,-142.0,120.0,0.56349,-155.0,130.0,KXNBAGAME-26JAN10MINCLE,-142.0,114.0,0.55941,0.0,-525.0,-525.0,0.49749,3300.0
401810398,2026-01-10,2026,2026-01-11T00:00Z,IND,MIA,1.0,0.27777,dk,200.0,-245.0,0.31944,230.0,-285.0,KXNBAGAME-26JAN10MIAIND,198.0,-239.0,0.315,0.0,189.0,-306.0,0.29016,3300.0
401810399,2026-01-10,2026,2026-01-11T00:30Z,DET,LAC,0.0,0.5763,dk,-115.0,-105.0,0.51083,-230.0,190.0,KXNBAGAME-26JAN10LACDET,-116.0,-103.0,0.51256,0.0,-322.0,198.0,0.71649,3330.0
401810400,2026-01-10,2026,2026-01-11T01:00Z,BOS,SAS,0.0,0.55043,dk,-108.0,-112.0,0.49567,-115.0,-105.0,KXNBAGAME-26JAN10SASBOS,-107.0,-116.0,0.4901,0.0,101.0,-137.0,0.54321,3360.0
401810401,2026-01-10,2026,2026-01-11T01:00Z,CHI,DAL,1.0,0.57731,dk,-175.0,145.0,0.60924,-142.0,120.0,KXNBAGAME-26JAN10DALCHI,-168.0,140.0,0.605,0.0,-116.0,-112.0,0.49738,3360.0
401810402,2026-01-10,2026,2026-01-11T02:30Z,UTA,CHO,0.0,0.40363,dk,170.0,-205.0,0.35527,150.0,-180.0,KXNBAGAME-26JAN10CHAUTA,173.0,-218.0,0.34328,0.0,-103.0,-131.0,0.46907,3270.0
401810403,2026-01-11,2026,2026-01-11T20:00Z,ORL,NOP,1.0,0.65138,dk,-258.0,210.0,0.69079,-225.0,185.0,KXNBAGAME-26JAN11NOPORL,-263.0,208.0,0.69802,0.0,-340.0,218.0,0.67407,3240.0
401810404,2026-01-11,2026,2026-01-11T20:30Z,MEM,BRK,1.0,0.57705,dk,-265.0,215.0,0.69577,-250.0,205.0,KXNBAGAME-26JAN11BKNMEM,-263.0,218.0,0.705,0.0,-251.0,181.0,0.6391,3270.0
401810405,2026-01-11,2026,2026-01-11T23:00Z,TOR,PHI,1.0,0.47043,dk,105.0,-125.0,0.46753,142.0,-170.0,KXNBAGAME-26JAN11PHITOR,101.0,-131.0,0.46305,0.0,-142.0,-103.0,0.52985,3240.0
401810406,2026-01-11,2026,2026-01-11T23:00Z,POR,NYK,0.0,0.33605,dk,180.0,-218.0,0.34252,145.0,-180.0,KXNBAGAME-26JAN11NYKPOR,181.0,-228.0,0.33,0.0,181.0,-228.0,0.36923,3240.0
401810407,2026-01-11,2026,2026-01-12T00:00Z,MIN,SAS,1.0,0.6368,dk,-142.0,120.0,0.56349,-142.0,120.0,KXNBAGAME-26JAN11SASMIN,-142.0,114.0,0.55941,0.0,-154.0,114.0,0.55303,3300.0
401810408,2026-01-11,2026,2026-01-12T00:00Z,OKC,MIA,1.0,0.70503,dk,-800.0,550.0,0.85246,-850.0,575.0,KXNBAGAME-26JAN11MIAOKC,-660.0,574.0,0.86364,0.0,-276.0,280.0,0.69853,3300.0
401810409,2026-01-11,2026,2026-01-12T01:00Z,DEN,MIL,1.0,0.37973,dk,180.0,-218.0,0.34252,105.0,-130.0,KXNBAGAME-26JAN11MILDEN,181.0,-218.0,0.335,0.0,-121.0,-107.0,0.51145,3360.0
401810410,2026-01-11,2026,2026-01-12T01:00Z,PHO,WAS,1.0,0.81888,dk,-900.0,600.0,0.86301,-850.0,575.0,KXNBAGAME-26JAN11WASPHX,-788.0,574.0,0.86567,0.0,-360.0,351.0,0.81319,3360.0
401810411,2026-01-11,2026,2026-01-12T01:30Z,GSW,ATL,0.0,0.71646,dk,-278.0,225.0,0.70503,-230.0,190.0,KXNBAGAME-26JAN11ATLGSW,-276.0,218.0,0.70792,0.0,-228.0,166.0,0.66,3210.0
401810412,2026-01-11,2026,2026-01-12T02:00Z,SAC,HOU,1.0,0.19055,dk,525.0,-750.0,0.1535,470.0,-650.0,KXNBAGAME-26JAN11HOUSAC,490.0,-660.0,0.15347,0.0,331.0,-489.0,0.20896,3240.0
401810413,2026-01-12,2026,2026-01-13T00:00Z,CLE,UTA,0.0,0.89886,dk,-575.0,425.0,0.81726,-750.0,525.0,KXNBAGAME-26JAN12UTACLE,-525.0,425.0,0.825,0.0,-360.0,296.0,0.80108,3300.0
401810414,2026-01-12,2026,2026-01-13T00:30Z,IND,BOS,1.0,0.24899,dk,170.0,-205.0,0.35527,205.0,-250.0,KXNBAGAME-26JAN12BOSIND,173.0,-208.0,0.345,0.0,296.0,-360.0,0.23618,3330.0
401810415,2026-01-12,2026,2026-01-13T00:30Z,TOR,PHI,0.0,0.51092,dk,136.0,-162.0,0.40663,114.0,-135.0,KXNBAGAME-26JAN12PHITOR,124.0,-148.0,0.42211,0.0,-137.0,-175.0,0.47,3330.0
401810416,2026-01-12,2026,2026-01-13T01:30Z,DAL,BRK,1.0,0.56333,dk,-155.0,130.0,0.58299,-185.0,154.0,KXNBAGAME-26JAN12BKNDAL,-148.0,124.0,0.575,0.0,-208.0,119.0,0.62712,3210.0
401810417,2026-01-12,2026,2026-01-13T03:00Z,SAC,LAL,1.0,0.22211,dk,285.0,-360.0,0.24919,300.0,-380.0,KXNBAGAME-26JAN12LALSAC,280.0,-340.0,0.245,0.0,296.0,-430.0,0.21429,3300.0
401810418,2026-01-12,2026,2026-01-13T03:30Z,LAC,CHO,1.0,0.66014,dk,-192.0,160.0,0.63094,-218.0,180.0,KXNBAGAME-26JAN12CHALAC,-191.0,159.0,0.635,0.0,-239.0,146.0,0.67045,3330.0
401810419,2026-01-13,2026,2026-01-14T00:30Z,MIA,PHO,1.0,0.57106,dk,-122.0,102.0,0.52609,-105.0,-115.0,KXNBAGAME-26JAN13PHXMIA,-121.0,101.0,0.52261,0.0,-112.0,-131.0,0.4899,3330.0
401810420,2026-01-13,2026,2026-01-14T01:00Z,HOU,CHI,1.0,0.78179,dk,-550.0,410.0,0.81187,-550.0,410.0,KXNBAGAME-26JAN13CHIHOU,-525.0,425.0,0.825,0.0,-381.0,313.0,0.78125,3360.0
401810421,2026-01-13,2026,2026-01-14T01:00Z,MIL,MIN,0.0,0.45305,dk,-130.0,110.0,0.54274,-135.0,114.0,KXNBAGAME-26JAN13MINMIL,-126.0,101.0,0.52736,0.0,134.0,-191.0,0.40741,3360.0
401810422,2026-01-13,2026,2026-01-14T01:00Z,NOP,DEN,0.0,0.56563,dk,114.0,-135.0,0.44856,130.0,-155.0,KXNBAGAME-26JAN13DENNOP,119.0,-142.0,0.435,0.0,229.0,-340.0,0.30286,3360.0
401810423,2026-01-13,2026,2026-01-14T01:00Z,OKC,SAS,1.0,0.82928,dk,-310.0,250.0,0.72575,-250.0,205.0,KXNBAGAME-26JAN13SASOKC,-290.0,240.0,0.725,0.0,-199.0,146.0,0.68362,3360.0
401810424,2026-01-13,2026,2026-01-14T03:30Z,LAL,ATL,1.0,0.54198,dk,-125.0,105.0,0.53247,-115.0,-105.0,KXNBAGAME-26JAN13ATLLAL,-126.0,105.0,0.535,0.0,-183.0,129.0,0.57857,3330.0
401810425,2026-01-13,2026,2026-01-14T04:00Z,GSW,POR,1.0,0.78045,dk,-470.0,360.0,0.79136,-395.0,310.0,KXNBAGAME-26JAN13PORGSW,-458.0,351.0,0.79703,0.0,-306.0,173.0,0.64336,3360.0
401810426,2026-01-14,2026,2026-01-15T00:00Z,IND,TOR,0.0,0.44854,dk,-118.0,-102.0,0.51736,110.0,-130.0,KXNBAGAME-26JAN14TORIND,-121.0,105.0,0.5303,0.0,119.0,-161.0,0.38418,3300.0
401810427,2026-01-14,2026,2026-01-15T00:00Z,PHI,CLE,0.0,0.36571,dk,-110.0,-110.0,0.5,-120.0,100.0,KXNBAGAME-26JAN14CLEPHI,-112.0,-112.0,0.5,0.0,-107.0,-121.0,0.4152,3300.0
401810428,2026-01-14,2026,2026-01-15T01:00Z,CHI,UTA,1.0,0.57617,dk,-225.0,185.0,0.66365,-135.0,114.0,KXNBAGAME-26JAN14UTACHI,-228.0,181.0,0.66667,0.0,-183.0,124.0,0.58824,3360.0
401810429,2026-01-14,2026,2026-01-15T01:00Z,NOP,BRK,1.0,0.51395,dk,-112.0,-108.0,0.50433,102.0,-122.0,KXNBAGAME-26JAN14BKNNOP,-107.0,-112.0,0.495,0.0,-103.0,-137.0,0.40116,3360.0
401810430,2026-01-14,2026,2026-01-15T02:30Z,DAL,DEN,0.0,0.54215,dk,-115.0,-105.0,0.51083,-110.0,-110.0,KXNBAGAME-26JAN14DENDAL,-116.0,-103.0,0.515,0.0,134.0,-168.0,0.33728,3270.0
401810431,2026-01-14,2026,2026-01-15T03:00Z,SAC,NYK,1.0,0.19145,dk,350.0,-455.0,0.21326,390.0,-520.0,KXNBAGAME-26JAN14NYKSAC,351.0,-430.0,0.205,0.0,296.0,-404.0,0.19689,3300.0
401810432,2026-01-14,2026,2026-01-15T03:30Z,LAC,WAS,1.0,0.80882,dk,-500.0,380.0,0.8,-800.0,550.0,KXNBAGAME-26JAN14WASLAC,-489.0,398.0,0.815,0.0,-404.0,313.0,0.80526,3330.0
401810434,2026-01-15,2026,2026-01-16T00:00Z,DET,PHO,1.0,0.59214,dk,-265.0,215.0,0.69577,-238.0,195.0,KXNBAGAME-26JAN15PHXDET,-263.0,218.0,0.705,0.0,-175.0,119.0,0.57789,3300.0
401810435,2026-01-15,2026,2026-01-16T00:30Z,MIA,BOS,0.0,0.46245,dk,124.0,-148.0,0.42794,102.0,-122.0,KXNBAGAME-26JAN15BOSMIA,129.0,-161.0,0.41089,0.0,114.0,-142.0,0.55128,3330.0
401810436,2026-01-15,2026,2026-01-16T00:30Z,HOU,OKC,0.0,0.30417,dk,145.0,-175.0,0.39076,150.0,-180.0,KXNBAGAME-26JAN15OKCHOU,146.0,-175.0,0.385,0.0,134.0,-175.0,0.4,3330.0
401810437,2026-01-15,2026,2026-01-16T01:00Z,SAS,MIL,1.0,0.64963,dk,-238.0,195.0,0.67503,-290.0,235.0,KXNBAGAME-26JAN15MILSAS,-239.0,198.0,0.685,0.0,-239.0,166.0,0.65174,3360.0
401810438,2026-01-15,2026,2026-01-16T01:30Z,DAL,UTA,1.0,0.61076,dk,-135.0,114.0,0.55144,-105.0,-115.0,KXNBAGAME-26JAN15UTADAL,-137.0,114.0,0.555,0.0,-161.0,101.0,0.55026,3210.0
401810439,2026-01-15,2026,2026-01-16T03:00Z,GSW,NYK,1.0,0.67825,dk,-265.0,215.0,0.69577,-155.0,130.0,KXNBAGAME-26JAN15NYKGSW,-251.0,198.0,0.68812,0.0,-107.0,-131.0,0.48421,3300.0
401810440,2026-01-15,2026,2026-01-16T03:00Z,POR,ATL,1.0,0.43634,dk,142.0,-170.0,0.39624,154.0,-185.0,KXNBAGAME-26JAN15ATLPOR,134.0,-168.0,0.4,0.0,-142.0,-112.0,0.52356,3300.0
401810441,2026-01-15,2026,2026-01-16T03:30Z,LAL,CHO,0.0,0.63858,dk,-162.0,136.0,0.59337,-192.0,160.0,KXNBAGAME-26JAN15CHALAL,-168.0,134.0,0.59901,0.0,-191.0,140.0,0.65663,3330.0
401810443,2026-01-16,2026,2026-01-17T00:00Z,IND,NOP,1.0,0.4964,dk,-192.0,160.0,0.63094,-120.0,100.0,KXNBAGAME-26JAN16NOPIND,-191.0,152.0,0.62871,0.0,-168.0,114.0,0.55435,3300.0
401810444,2026-01-16,2026,2026-01-17T00:00Z,PHI,CLE,0.0,0.39085,dk,-135.0,114.0,0.55144,-112.0,-108.0,KXNBAGAME-26JAN16CLEPHI,-142.0,119.0,0.565,0.0,-116.0,-263.0,0.47664,3300.0
401810442,2026-01-16,2026,2026-01-17T00:30Z,BRK,CHI,1.0,0.53689,dk,-115.0,-105.0,0.51083,-110.0,-110.0,KXNBAGAME-26JAN16CHIBKN,-116.0,-107.0,0.50746,0.0,101.0,-137.0,0.48404,3330.0
401810445,2026-01-16,2026,2026-01-17T00:30Z,TOR,LAC,0.0,0.46482,dk,-135.0,114.0,0.55144,100.0,-120.0,KXNBAGAME-26JAN16LACTOR,-148.0,114.0,0.55941,0.0,-142.0,105.0,0.52973,3330.0
401810446,2026-01-16,2026,2026-01-17T02:30Z,HOU,MIN,1.0,0.50103,dk,-162.0,136.0,0.59337,-170.0,142.0,KXNBAGAME-26JAN16MINHOU,-168.0,140.0,0.605,0.0,-131.0,-107.0,0.51825,3270.0
401810447,2026-01-16,2026,2026-01-17T03:00Z,SAC,WAS,1.0,0.69364,dk,-265.0,215.0,0.69577,-258.0,210.0,KXNBAGAME-26JAN16WASSAC,-263.0,208.0,0.69802,0.0,-161.0,119.0,0.55882,3300.0
401810448,2026-01-17,2026,2026-01-17T22:00Z,DAL,UTA,1.0,0.60645,dk,-155.0,130.0,0.58299,-166.0,140.0,KXNBAGAME-26JAN17UTADAL,-154.0,124.0,0.57921,0.0,-564.0,-564.0,0.50379,3360.0
401810449,2026-01-17,2026,2026-01-18T00:30Z,ATL,BOS,0.0,0.38166,dk,136.0,-162.0,0.40663,150.0,-180.0,KXNBAGAME-26JAN17BOSATL,134.0,-168.0,0.40299,0.0,166.0,-191.0,0.39394,3330.0
401810450,2026-01-17,2026,2026-01-18T00:30Z,DET,IND,1.0,0.88852,dk,-950.0,625.0,0.86772,-700.0,500.0,KXNBAGAME-26JAN17INDDET,-788.0,625.0,0.875,0.0,-404.0,398.0,0.78431,3330.0
401810451,2026-01-17,2026,2026-01-18T00:30Z,NYK,PHO,0.0,0.56488,dk,-115.0,-105.0,0.51083,-170.0,142.0,KXNBAGAME-26JAN17PHXNYK,-121.0,-103.0,0.51741,0.0,-148.0,134.0,0.56489,3330.0
401810452,2026-01-17,2026,2026-01-18T01:00Z,MIA,OKC,1.0,0.2269,dk,390.0,-520.0,0.19571,285.0,-360.0,KXNBAGAME-26JAN17OKCMIA,373.0,-489.0,0.19307,0.0,159.0,-263.0,0.375,3360.0
401810453,2026-01-17,2026,2026-01-18T01:00Z,SAS,MIN,1.0,0.56821,dk,-198.0,164.0,0.6369,-238.0,195.0,KXNBAGAME-26JAN17MINSAS,-199.0,159.0,0.64179,0.0,-154.0,129.0,0.56391,3360.0
401810454,2026-01-17,2026,2026-01-18T01:30Z,GSW,CHO,1.0,0.70591,dk,-298.0,240.0,0.71797,-250.0,205.0,KXNBAGAME-26JAN17CHAGSW,-290.0,218.0,0.71287,0.0,-251.0,173.0,0.63158,3210.0
401810455,2026-01-17,2026,2026-01-18T02:00Z,DEN,WAS,1.0,0.80423,dk,-485.0,370.0,0.79578,-575.0,425.0,KXNBAGAME-26JAN17WASDEN,-458.0,351.0,0.801,0.0,-360.0,218.0,0.68382,3240.0
401810456,2026-01-17,2026,2026-01-18T03:00Z,POR,LAL,1.0,0.47205,dk,-155.0,130.0,0.58299,-135.0,114.0,KXNBAGAME-26JAN17LALPOR,-154.0,124.0,0.57921,0.0,129.0,-175.0,0.42647,3300.0
401810458,2026-01-18,2026,2026-01-19T00:00Z,CHI,BRK,1.0,0.60339,dk,-258.0,210.0,0.69079,-218.0,180.0,KXNBAGAME-26JAN18BKNCHI,-251.0,208.0,0.695,0.0,-340.0,-340.0,0.5,3300.0
401810459,2026-01-18,2026,2026-01-19T00:00Z,HOU,NOP,1.0,0.77672,dk,-850.0,575.0,0.85794,-700.0,500.0,KXNBAGAME-26JAN18NOPHOU,-719.0,574.0,0.865,0.0,-360.0,280.0,0.70455,3300.0
401810460,2026-01-18,2026,2026-01-19T01:00Z,DEN,CHO,0.0,0.45998,dk,114.0,-135.0,0.44856,-148.0,124.0,KXNBAGAME-26JAN18CHADEN,114.0,-142.0,0.44059,0.0,-191.0,129.0,0.57971,3360.0
401810461,2026-01-18,2026,2026-01-19T02:00Z,SAC,POR,0.0,0.60974,dk,-102.0,-118.0,0.48264,-125.0,105.0,KXNBAGAME-26JAN18PORSAC,-103.0,-116.0,0.485,0.0,101.0,-148.0,0.46316,3240.0
401810462,2026-01-18,2026,2026-01-19T02:30Z,LAL,TOR,1.0,0.5029,dk,-135.0,114.0,0.55144,-115.0,-105.0,KXNBAGAME-26JAN18TORLAL,-137.0,109.0,0.5495,0.0,-175.0,119.0,0.60989,3270.0
401809247,2026-01-19,2026,2026-01-19T18:00Z,ATL,MIL,0.0,0.49788,dk,-120.0,100.0,0.52174,-122.0,102.0,KXNBAGAME-26JAN19MILATL,-116.0,-103.0,0.515,0.0,-175.0,119.0,0.56716,3300.0
401809248,2026-01-19,2026,2026-01-19T19:30Z,CLE,OKC,0.0,0.3389,dk,185.0,-225.0,0.33635,180.0,-218.0,KXNBAGAME-26JAN19OKCCLE,181.0,-228.0,0.33333,0.0,208.0,-276.0,0.34351,3210.0
401810463,2026-01-19,2026,2026-01-19T20:00Z,WAS,LAC,0.0,0.29583,dk,210.0,-258.0,0.30921,230.0,-285.0,KXNBAGAME-26JAN19LACWAS,229.0,-276.0,0.285,0.0,208.0,-360.0,0.33088,3240.0
401809249,2026-01-19,2026,2026-01-19T22:00Z,NYK,DAL,0.0,0.81096,dk,-550.0,410.0,0.81187,-410.0,320.0,KXNBAGAME-26JAN19DALNYK,-525.0,425.0,0.825,0.0,-564.0,229.0,0.79512,3360.0
401810466,2026-01-19,2026,2026-01-19T22:00Z,SAS,UTA,1.0,0.83742,dk,-1000.0,650.0,0.87209,-1100.0,700.0,KXNBAGAME-26JAN19UTASAS,-869.0,685.0,0.885,0.0,-458.0,313.0,0.8125,3360.0
401810464,2026-01-19,2026,2026-01-20T00:00Z,PHI,IND,1.0,0.79677,dk,-258.0,210.0,0.69079,-340.0,270.0,KXNBAGAME-26JAN19INDPHI,-263.0,208.0,0.69802,0.0,-276.0,198.0,0.66187,3300.0
401810465,2026-01-19,2026,2026-01-20T00:30Z,BRK,PHO,0.0,0.27948,dk,310.0,-395.0,0.2341,240.0,-298.0,KXNBAGAME-26JAN19PHXBKN,331.0,-404.0,0.215,0.0,198.0,-322.0,0.34591,3330.0
401809250,2026-01-19,2026,2026-01-20T01:00Z,DET,BOS,1.0,0.59882,dk,-135.0,114.0,0.55144,-155.0,130.0,KXNBAGAME-26JAN19BOSDET,-137.0,114.0,0.555,0.0,-137.0,105.0,0.56757,3360.0
401810467,2026-01-19,2026,2026-01-20T03:00Z,GSW,MIA,1.0,0.66194,dk,-205.0,170.0,0.64473,-225.0,185.0,KXNBAGAME-26JAN19MIAGSW,-199.0,159.0,0.64179,0.0,-322.0,134.0,0.67,3300.0
401810468,2026-01-20,2026,2026-01-21T00:00Z,PHI,PHO,0.0,0.50094,dk,120.0,-142.0,0.43651,-115.0,-105.0,KXNBAGAME-26JAN20PHXPHI,119.0,-142.0,0.435,0.0,-116.0,-112.0,0.50746,3300.0
401810469,2026-01-20,2026,2026-01-21T01:00Z,CHI,LAC,1.0,0.56482,dk,-142.0,120.0,0.56349,-125.0,105.0,KXNBAGAME-26JAN20LACCHI,-142.0,124.0,0.57071,0.0,-103.0,-161.0,0.45714,3360.0
401810470,2026-01-20,2026,2026-01-21T01:00Z,HOU,SAS,1.0,0.69553,dk,-175.0,145.0,0.60924,-155.0,130.0,KXNBAGAME-26JAN20SASHOU,-175.0,140.0,0.60891,0.0,-161.0,119.0,0.56296,3360.0
401810471,2026-01-20,2026,2026-01-21T02:00Z,UTA,MIN,1.0,0.11036,dk,470.0,-650.0,0.16835,350.0,-455.0,KXNBAGAME-26JAN20MINUTA,490.0,-660.0,0.15347,0.0,252.0,-430.0,0.245,3240.0
401810472,2026-01-20,2026,2026-01-21T03:00Z,DEN,LAL,0.0,0.37181,dk,140.0,-166.0,0.40036,-102.0,-118.0,KXNBAGAME-26JAN20LALDEN,129.0,-154.0,0.415,0.0,-148.0,-103.0,0.54872,3300.0
401810473,2026-01-20,2026,2026-01-21T03:00Z,GSW,TOR,0.0,0.68211,dk,-180.0,150.0,0.61644,-230.0,190.0,KXNBAGAME-26JAN20TORGSW,-175.0,140.0,0.60697,0.0,-183.0,146.0,0.61658,3300.0
401810474,2026-01-20,2026,2026-01-21T03:00Z,SAC,MIA,0.0,0.53102,dk,150.0,-180.0,0.38356,114.0,-135.0,KXNBAGAME-26JAN20MIASAC,146.0,-183.0,0.38119,0.0,129.0,-161.0,0.40306,3300.0
401810475,2026-01-21,2026,2026-01-22T00:00Z,CHO,CLE,0.0,0.39951,dk,130.0,-155.0,0.41701,120.0,-142.0,KXNBAGAME-26JAN21CLECHA,134.0,-161.0,0.405,0.0,124.0,-183.0,0.4,3300.0
401810476,2026-01-21,2026,2026-01-22T00:30Z,BOS,IND,1.0,0.85932,dk,-470.0,360.0,0.79136,-485.0,370.0,KXNBAGAME-26JAN21INDBOS,-430.0,351.0,0.795,0.0,-360.0,266.0,0.76263,3330.0
401810477,2026-01-21,2026,2026-01-22T00:30Z,NYK,BRK,1.0,0.80945,dk,-625.0,455.0,0.82712,-600.0,440.0,KXNBAGAME-26JAN21BKNNYK,-609.0,490.0,0.845,0.0,-525.0,313.0,0.79703,3330.0
401810478,2026-01-21,2026,2026-01-22T01:00Z,MEM,ATL,0.0,0.53055,dk,-120.0,100.0,0.52174,-142.0,120.0,KXNBAGAME-26JAN21ATLMEM,-116.0,101.0,0.5202,0.0,-121.0,-116.0,0.505,3360.0
401810479,2026-01-21,2026,2026-01-22T01:00Z,NOP,DET,0.0,0.33619,dk,220.0,-270.0,0.29984,270.0,-340.0,KXNBAGAME-26JAN21DETNOP,229.0,-290.0,0.28218,0.0,240.0,-381.0,0.26214,3360.0
401810480,2026-01-21,2026,2026-01-22T02:30Z,MIL,OKC,0.0,0.28906,dk,410.0,-550.0,0.18813,310.0,-395.0,KXNBAGAME-26JAN21OKCMIL,425.0,-525.0,0.175,0.0,351.0,-489.0,0.19553,3270.0
401810481,2026-01-21,2026,2026-01-22T03:00Z,SAC,TOR,0.0,0.42559,dk,170.0,-205.0,0.35527,160.0,-192.0,KXNBAGAME-26JAN21TORSAC,159.0,-199.0,0.36139,0.0,159.0,-191.0,0.47059,3300.0
401810482,2026-01-22,2026,2026-01-23T00:00Z,ORL,CHO,0.0,0.67184,dk,-166.0,140.0,0.59964,-250.0,205.0,KXNBAGAME-26JAN22CHAORL,-161.0,134.0,0.595,0.0,-161.0,119.0,0.58794,3300.0
401810483,2026-01-22,2026,2026-01-23T00:00Z,PHI,HOU,1.0,0.36343,dk,114.0,-135.0,0.44856,120.0,-142.0,KXNBAGAME-26JAN22HOUPHI,109.0,-131.0,0.455,0.0,105.0,-154.0,0.4375,3300.0
401810484,2026-01-22,2026,2026-01-23T00:00Z,WAS,DEN,0.0,0.38204,dk,205.0,-250.0,0.31461,200.0,-245.0,KXNBAGAME-26JAN22DENWAS,208.0,-251.0,0.305,0.0,240.0,-360.0,0.23958,3300.0
401810485,2026-01-22,2026,2026-01-23T00:30Z,DAL,GSW,1.0,0.31397,dk,205.0,-250.0,0.31461,120.0,-142.0,KXNBAGAME-26JAN22GSWDAL,198.0,-239.0,0.315,0.0,140.0,-183.0,0.39394,3330.0
401810486,2026-01-22,2026,2026-01-23T01:00Z,MIN,CHI,0.0,0.78476,dk,-375.0,295.0,0.75719,-410.0,320.0,KXNBAGAME-26JAN22CHIMIN,-360.0,296.0,0.765,0.0,-276.0,208.0,0.69697,3360.0
401810487,2026-01-22,2026,2026-01-23T02:00Z,UTA,SAS,0.0,0.25675,dk,425.0,-575.0,0.18274,525.0,-750.0,KXNBAGAME-26JAN22SASUTA,456.0,-564.0,0.165,0.0,266.0,-381.0,0.32353,3240.0
401810488,2026-01-22,2026,2026-01-23T03:00Z,LAC,LAL,1.0,0.52544,dk,-142.0,120.0,0.56349,-110.0,-110.0,KXNBAGAME-26JAN22LALLAC,-142.0,119.0,0.565,0.0,-116.0,-112.0,0.51515,3300.0
401810489,2026-01-22,2026,2026-01-23T03:00Z,POR,MIA,1.0,0.52536,dk,-155.0,130.0,0.58299,-135.0,114.0,KXNBAGAME-26JAN22MIAPOR,-154.0,129.0,0.585,0.0,-148.0,105.0,0.54198,3300.0
401810490,2026-01-23,2026,2026-01-24T00:00Z,DET,HOU,0.0,0.64814,dk,-175.0,145.0,0.60924,-155.0,130.0,KXNBAGAME-26JAN23HOUDET,-175.0,146.0,0.615,0.0,-142.0,114.0,0.51049,3300.0
401810491,2026-01-23,2026,2026-01-24T00:30Z,ATL,PHO,1.0,0.47717,dk,124.0,-148.0,0.42794,130.0,-155.0,KXNBAGAME-26JAN23PHXATL,124.0,-148.0,0.425,0.0,146.0,-175.0,0.40441,3330.0
401810492,2026-01-23,2026,2026-01-24T00:30Z,BRK,BOS,0.0,0.23088,dk,280.0,-355.0,0.25222,285.0,-360.0,KXNBAGAME-26JAN23BOSBKN,280.0,-360.0,0.24257,0.0,351.0,-360.0,0.26718,3330.0
401810493,2026-01-23,2026,2026-01-24T00:30Z,CLE,SAC,1.0,0.8393,dk,-575.0,425.0,0.81726,-600.0,440.0,KXNBAGAME-26JAN23SACCLE,-525.0,425.0,0.825,0.0,-360.0,218.0,0.67883,3330.0
401810494,2026-01-23,2026,2026-01-24T01:00Z,MEM,NOP,0.0,0.57985,dk,-198.0,164.0,0.6369,-180.0,150.0,KXNBAGAME-26JAN23NOPMEM,-191.0,159.0,0.635,0.0,-228.0,173.0,0.62406,3360.0
401810496,2026-01-23,2026,2026-01-24T01:00Z,OKC,IND,0.0,0.90165,dk,-900.0,600.0,0.86301,-1200.0,750.0,KXNBAGAME-26JAN23INDOKC,-869.0,685.0,0.885,0.0,-489.0,425.0,0.75969,3360.0
401810495,2026-01-23,2026,2026-01-24T02:30Z,MIL,DEN,0.0,0.701,dk,-325.0,260.0,0.73354,-185.0,154.0,KXNBAGAME-26JAN23DENMIL,-290.0,240.0,0.725,0.0,-183.0,140.0,0.59398,3270.0
401810497,2026-01-23,2026,2026-01-24T03:00Z,POR,TOR,0.0,0.40049,dk,142.0,-170.0,0.39624,114.0,-135.0,KXNBAGAME-26JAN23TORPOR,140.0,-168.0,0.395,0.0,-131.0,114.0,0.54198,3300.0
401810500,2026-01-24,2026,2026-01-24T17:00Z,CHO,WAS,1.0,0.79851,dk,-520.0,390.0,0.80429,-485.0,370.0,KXNBAGAME-26JAN24WASCHA,-489.0,373.0,0.80597,0.0,-322.0,266.0,0.75385,2880.0
401810498,2026-01-24,2026,2026-01-24T20:00Z,PHI,NYK,0.0,0.43035,dk,-105.0,-115.0,0.48917,-110.0,-110.0,KXNBAGAME-26JAN24NYKPHI,-107.0,-112.0,0.495,0.0,101.0,-142.0,0.43885,3240.0
401810501,2026-01-24,2026,2026-01-25T00:00Z,ORL,CLE,0.0,0.51099,dk,-122.0,102.0,0.52609,100.0,-120.0,KXNBAGAME-26JAN24CLEORL,-121.0,101.0,0.525,0.0,-112.0,-116.0,0.49261,3300.0
401810502,2026-01-24,2026,2026-01-25T01:00Z,CHI,BOS,1.0,0.50531,dk,130.0,-155.0,0.41701,136.0,-162.0,KXNBAGAME-26JAN24BOSCHI,129.0,-154.0,0.415,0.0,173.0,-218.0,0.32308,3360.0
401810503,2026-01-24,2026,2026-01-25T01:30Z,DAL,LAL,0.0,0.36872,dk,145.0,-175.0,0.39076,140.0,-166.0,KXNBAGAME-26JAN24LALDAL,140.0,-175.0,0.38806,0.0,146.0,-199.0,0.36453,3210.0
401810504,2026-01-24,2026,2026-01-25T02:30Z,UTA,MIA,0.0,0.32538,dk,210.0,-258.0,0.30921,220.0,-270.0,KXNBAGAME-26JAN24MIAUTA,198.0,-251.0,0.31188,0.0,166.0,-218.0,0.34343,3270.0
401810505,2026-01-25,2026,2026-01-25T20:00Z,DET,SAC,1.0,0.81246,dk,-650.0,470.0,0.83165,-800.0,550.0,KXNBAGAME-26JAN25SACDET,-609.0,490.0,0.845,0.0,-564.0,425.0,0.79355,3240.0
401857824,2026-01-25,2026,2026-01-25T22:30Z,MIN,GSW,0.0,0.69987,dk,-198.0,164.0,0.6369,-230.0,190.0,,,,,,,,,
401810508,2026-01-25,2026,2026-01-26T00:00Z,OKC,TOR,0.0,0.81002,dk,-520.0,390.0,0.80429,-575.0,425.0,KXNBAGAME-26JAN25TOROKC,-489.0,373.0,0.80693,0.0,-381.0,373.0,0.79532,3300.0
401810509,2026-01-25,2026,2026-01-26T00:00Z,SAS,NOP,0.0,0.72811,dk,-535.0,400.0,0.80816,-675.0,490.0,KXNBAGAME-26JAN25NOPSAS,-489.0,398.0,0.815,0.0,-525.0,456.0,0.81595,3300.0
401810510,2026-01-25,2026,2026-01-26T01:00Z,PHO,MIA,0.0,0.65626,dk,-180.0,150.0,0.61644,-155.0,130.0,KXNBAGAME-26JAN25MIAPHX,-175.0,146.0,0.615,0.0,-199.0,152.0,0.60305,3360.0
401810511,2026-01-25,2026,2026-01-26T02:00Z,LAC,BRK,1.0,0.78129,dk,-470.0,360.0,0.79136,-395.0,310.0,KXNBAGAME-26JAN25BKNLAC,-458.0,351.0,0.79703,0.0,-404.0,313.0,0.78788,3240.0
401810514,2026-01-26,2026,2026-01-26T18:30Z,ATL,IND,1.0,0.71064,dk,-225.0,185.0,0.66365,-185.0,154.0,KXNBAGAME-26JAN26INDATL,-208.0,166.0,0.64851,0.0,-322.0,159.0,0.68844,2970.0
401810512,2026-01-26,2026,2026-01-26T20:00Z,CHO,PHI,1.0,0.52593,dk,-122.0,102.0,0.52609,-148.0,124.0,KXNBAGAME-26JAN26PHICHA,-131.0,109.0,0.545,0.0,-107.0,-161.0,0.45,3060.0
401810513,2026-01-26,2026,2026-01-27T00:00Z,CLE,ORL,1.0,0.70978,dk,-205.0,170.0,0.64473,-192.0,160.0,KXNBAGAME-26JAN26ORLCLE,-208.0,173.0,0.655,0.0,-228.0,124.0,0.63776,3300.0
401810515,2026-01-26,2026,2026-01-27T01:00Z,BOS,POR,1.0,0.82173,dk,-345.0,275.0,0.74407,-298.0,240.0,KXNBAGAME-26JAN26PORBOS,-340.0,266.0,0.74752,0.0,-276.0,166.0,0.69543,3360.0
401810516,2026-01-26,2026,2026-01-27T01:00Z,CHI,LAL,0.0,0.4842,dk,100.0,-120.0,0.47826,105.0,-125.0,KXNBAGAME-26JAN26LALCHI,101.0,-126.0,0.4703,0.0,101.0,-175.0,0.43,3360.0
401810517,2026-01-26,2026,2026-01-27T01:00Z,HOU,MEM,1.0,0.75321,dk,-520.0,390.0,0.80429,-470.0,360.0,KXNBAGAME-26JAN26MEMHOU,-489.0,373.0,0.80693,0.0,-381.0,296.0,0.77665,3360.0
401810518,2026-01-26,2026,2026-01-27T02:30Z,MIN,GSW,1.0,0.71718,dk,-298.0,240.0,0.71797,-290.0,235.0,KXNBAGAME-26JAN26GSWMIN,-290.0,240.0,0.725,0.0,-263.0,146.0,0.66667,3270.0
401810519,2026-01-27,2026,2026-01-28T00:00Z,WAS,POR,1.0,0.43604,dk,210.0,-258.0,0.30921,230.0,-285.0,KXNBAGAME-26JAN27PORWAS,198.0,-251.0,0.31188,0.0,166.0,-276.0,0.285,3300.0
401810520,2026-01-27,2026,2026-01-28T00:30Z,NYK,SAC,1.0,0.84115,dk,-800.0,550.0,0.85246,-650.0,470.0,KXNBAGAME-26JAN27SACNYK,-719.0,574.0,0.865,0.0,-381.0,351.0,0.8172,3330.0
401810521,2026-01-27,2026,2026-01-28T01:00Z,PHI,MIL,1.0,0.57643,dk,-380.0,300.0,0.76,-375.0,295.0,KXNBAGAME-26JAN27MILPHI,-360.0,296.0,0.765,0.0,-381.0,296.0,0.78261,3360.0
401810522,2026-01-27,2026,2026-01-28T01:00Z,OKC,NOP,1.0,0.86199,dk,-850.0,575.0,0.85794,-900.0,600.0,KXNBAGAME-26JAN27NOPOKC,-660.0,574.0,0.86364,0.0,-719.0,574.0,0.86082,3360.0
401810523,2026-01-27,2026,2026-01-28T02:00Z,DEN,DET,0.0,0.24759,dk,225.0,-278.0,0.29497,180.0,-218.0,KXNBAGAME-26JAN27DETDEN,218.0,-263.0,0.295,0.0,129.0,-218.0,0.37811,3240.0
401810524,2026-01-27,2026,2026-01-28T02:00Z,PHO,BRK,1.0,0.67605,dk,-305.0,245.0,0.72208,-340.0,270.0,KXNBAGAME-26JAN27BKNPHX,-306.0,252.0,0.735,0.0,-430.0,198.0,0.74,3240.0
401810525,2026-01-27,2026,2026-01-28T03:00Z,UTA,LAC,0.0,0.22747,dk,270.0,-340.0,0.25913,330.0,-425.0,KXNBAGAME-26JAN27LACUTA,266.0,-322.0,0.255,0.0,146.0,-228.0,0.35323,3300.0
401810526,2026-01-28,2026,2026-01-29T00:00Z,CLE,LAL,1.0,0.56966,dk,-162.0,136.0,0.59337,-135.0,114.0,KXNBAGAME-26JAN28LALCLE,-168.0,134.0,0.59901,0.0,-191.0,140.0,0.63265,3300.0
401810527,2026-01-28,2026,2026-01-29T00:00Z,IND,CHI,1.0,0.36708,dk,105.0,-125.0,0.46753,100.0,-120.0,KXNBAGAME-26JAN28CHIIND,109.0,-131.0,0.455,0.0,109.0,-131.0,0.45596,3300.0
401810528,2026-01-28,2026,2026-01-29T00:30Z,BOS,ATL,0.0,0.73181,dk,-205.0,170.0,0.64473,-298.0,240.0,KXNBAGAME-26JAN28ATLBOS,-208.0,173.0,0.655,0.0,-251.0,208.0,0.69388,3330.0
401810529,2026-01-28,2026,2026-01-29T00:30Z,MIA,ORL,0.0,0.59904,dk,-148.0,124.0,0.57206,-135.0,114.0,KXNBAGAME-26JAN28ORLMIA,-154.0,124.0,0.57921,0.0,-148.0,124.0,0.58247,3330.0
401810530,2026-01-28,2026,2026-01-29T00:30Z,TOR,NYK,0.0,0.49439,dk,-122.0,102.0,0.52609,-120.0,100.0,KXNBAGAME-26JAN28NYKTOR,-126.0,105.0,0.535,0.0,119.0,-142.0,0.43878,3330.0
401810531,2026-01-28,2026,2026-01-29T01:00Z,MEM,CHO,0.0,0.39493,dk,114.0,-135.0,0.44856,100.0,-120.0,KXNBAGAME-26JAN28CHAMEM,114.0,-131.0,0.44949,0.0,-126.0,101.0,0.53535,3360.0
401810532,2026-01-28,2026,2026-01-29T01:30Z,DAL,MIN,0.0,0.28759,dk,260.0,-325.0,0.26646,210.0,-258.0,KXNBAGAME-26JAN28MINDAL,266.0,-322.0,0.255,0.0,189.0,-239.0,0.3198,3210.0
401810533,2026-01-28,2026,2026-01-29T02:00Z,UTA,GSW,0.0,0.32091,dk,240.0,-298.0,0.28203,250.0,-310.0,KXNBAGAME-26JAN28GSWUTA,252.0,-306.0,0.265,0.0,208.0,-276.0,0.28272,3240.0
401810534,2026-01-28,2026,2026-01-29T02:42Z,HOU,SAS,0.0,0.62269,dk,-142.0,120.0,0.56349,-142.0,120.0,KXNBAGAME-26JAN28SASHOU,-137.0,109.0,0.5495,0.0,-148.0,124.0,0.58031,3282.0
401810535,2026-01-29,2026,2026-01-30T00:00Z,PHI,SAC,1.0,0.72585,dk,-410.0,320.0,0.77151,-485.0,370.0,KXNBAGAME-26JAN29SACPHI,-381.0,313.0,0.775,0.0,-322.0,296.0,0.78495,3300.0
401810536,2026-01-29,2026,2026-01-30T00:00Z,WAS,MIL,1.0,0.4528,dk,105.0,-125.0,0.46753,114.0,-135.0,KXNBAGAME-26JAN29MILWAS,105.0,-126.0,0.465,0.0,124.0,-161.0,0.40206,3300.0
401810537,2026-01-29,2026,2026-01-30T01:00Z,ATL,HOU,0.0,0.4452,dk,220.0,-270.0,0.29984,150.0,-180.0,KXNBAGAME-26JAN29HOUATL,218.0,-263.0,0.295,0.0,159.0,-183.0,0.36842,3360.0
401850920,2026-01-29,2026,2026-01-30T01:00Z,CHI,MIA,0.0,0.5139,dk,110.0,-130.0,0.45726,-120.0,100.0,KXNBAGAME-26JAN29MIACHI,109.0,-137.0,0.4505,0.0,140.0,-168.0,0.38947,3360.0
401810538,2026-01-29,2026,2026-01-30T01:30Z,DAL,CHO,0.0,0.41648,dk,130.0,-155.0,0.41701,136.0,-162.0,KXNBAGAME-26JAN29CHADAL,124.0,-154.0,0.42079,0.0,-107.0,-107.0,0.47594,3210.0
401810539,2026-01-29,2026,2026-01-30T02:00Z,DEN,BRK,1.0,0.62093,dk,-245.0,200.0,0.68056,-298.0,240.0,KXNBAGAME-26JAN29BKNDEN,-251.0,208.0,0.695,0.0,-276.0,252.0,0.72973,3240.0
401810540,2026-01-29,2026,2026-01-30T02:00Z,PHO,DET,1.0,0.36901,dk,130.0,-155.0,0.41701,164.0,-198.0,KXNBAGAME-26JAN29DETPHX,134.0,-161.0,0.405,0.0,146.0,-175.0,0.37436,3240.0
401810541,2026-01-29,2026,2026-01-30T02:30Z,MIN,OKC,1.0,0.39446,dk,170.0,-205.0,0.35527,180.0,-218.0,KXNBAGAME-26JAN29OKCMIN,173.0,-208.0,0.345,0.0,114.0,-263.0,0.42177,3270.0
401810543,2026-01-30,2026,2026-01-31T00:00Z,WAS,LAL,0.0,0.16598,dk,360.0,-470.0,0.20864,260.0,-325.0,KXNBAGAME-26JAN30LALWAS,398.0,-489.0,0.185,0.0,280.0,-340.0,0.2234,3300.0
401810542,2026-01-30,2026,2026-01-31T00:30Z,ORL,TOR,1.0,0.5433,dk,-142.0,120.0,0.56349,-115.0,-105.0,KXNBAGAME-26JAN30TORORL,-137.0,114.0,0.555,0.0,-112.0,-112.0,0.49474,3330.0
401810544,2026-01-30,2026,2026-01-31T00:30Z,BOS,SAC,1.0,0.88328,dk,-520.0,390.0,0.80429,-485.0,370.0,KXNBAGAME-26JAN30SACBOS,-525.0,398.0,0.82,0.0,-489.0,398.0,0.81579,3330.0
401810545,2026-01-30,2026,2026-01-31T00:30Z,NYK,POR,1.0,0.73777,dk,-250.0,205.0,0.68539,-258.0,210.0,KXNBAGAME-26JAN30PORNYK,-251.0,198.0,0.69154,0.0,-218.0,173.0,0.66667,3330.0
401810546,2026-01-30,2026,2026-01-31T00:30Z,NOP,MEM,1.0,0.60181,dk,-155.0,130.0,0.58299,-135.0,114.0,KXNBAGAME-26JAN30MEMNOP,-154.0,124.0,0.57921,0.0,-103.0,-121.0,0.49215,3330.0
401810548,2026-01-30,2026,2026-01-31T02:00Z,PHO,CLE,1.0,0.36104,dk,102.0,-122.0,0.47391,145.0,-175.0,KXNBAGAME-26JAN30CLEPHX,105.0,-131.0,0.45771,0.0,-121.0,-107.0,0.51613,3240.0
401810550,2026-01-30,2026,2026-01-31T02:00Z,DEN,LAC,1.0,0.25805,dk,120.0,-142.0,0.43651,180.0,-218.0,KXNBAGAME-26JAN30LACDEN,119.0,-142.0,0.435,0.0,-103.0,-126.0,0.46809,3240.0
401810549,2026-01-30,2026,2026-01-31T02:30Z,UTA,BRK,0.0,0.59058,dk,-162.0,136.0,0.59337,-148.0,124.0,KXNBAGAME-26JAN30BKNUTA,-161.0,129.0,0.58911,0.0,-199.0,146.0,0.63351,3270.0
401810551,2026-01-30,2026,2026-01-31T03:00Z,GSW,DET,0.0,0.57202,dk,-130.0,110.0,0.54274,102.0,-122.0,KXNBAGAME-26JAN30DETGSW,-137.0,109.0,0.5495,0.0,109.0,-142.0,0.44086,3300.0
401810552,2026-01-31,2026,2026-01-31T17:00Z,CHO,SAS,1.0,0.4564,dk,140.0,-166.0,0.40036,130.0,-155.0,KXNBAGAME-26JAN31SASCHA,140.0,-175.0,0.39303,0.0,146.0,-183.0,0.35751,720.0
401810553,2026-01-31,2026,2026-02-01T00:00Z,IND,ATL,1.0,0.47826,dk,102.0,-122.0,0.47391,102.0,-122.0,KXNBAGAME-26JAN31ATLIND,101.0,-116.0,0.4798,0.0,101.0,-121.0,0.475,1140.0
401810554,2026-01-31,2026,2026-02-01T00:30Z,PHI,NOP,1.0,0.72983,dk,-225.0,185.0,0.66365,-360.0,285.0,KXNBAGAME-26JAN31NOPPHI,-228.0,189.0,0.675,0.0,-719.0,-107.0,0.60843,1170.0
401810547,2026-01-31,2026,2026-02-01T01:00Z,MIA,CHI,0.0,0.71038,dk,-205.0,170.0,0.64473,-192.0,160.0,KXNBAGAME-26JAN31CHIMIA,-208.0,173.0,0.655,0.0,-208.0,173.0,0.655,1200.0
401810555,2026-01-31,2026,2026-02-01T01:00Z,MEM,MIN,0.0,0.18979,dk,370.0,-485.0,0.20422,225.0,-278.0,KXNBAGAME-26JAN31MINMEM,373.0,-458.0,0.195,0.0,152.0,-430.0,0.28643,1200.0
401810556,2026-01-31,2026,2026-02-01T01:30Z,HOU,DAL,1.0,0.76271,dk,-425.0,330.0,0.77683,-535.0,400.0,KXNBAGAME-26JAN31DALHOU,-404.0,331.0,0.785,0.0,-489.0,398.0,0.81818,1230.0
401810557,2026-02-01,2026,2026-02-01T20:30Z,BOS,MIL,1.0,0.85466,dk,-625.0,455.0,0.82712,-750.0,525.0,KXNBAGAME-26FEB01MILBOS,-609.0,456.0,0.83663,0.0,-719.0,-719.0,0.5,2370.0
401810559,2026-02-01,2026,2026-02-01T23:00Z,DET,BRK,1.0,0.83032,dk,-700.0,500.0,0.84,-750.0,525.0,KXNBAGAME-26FEB01BKNDET,-719.0,529.0,0.86,0.0,-719.0,-719.0,0.5,2520.0
401810560,2026-02-01,2026,2026-02-01T23:00Z,MIA,CHI,1.0,0.71399,dk,-218.0,180.0,0.65748,-155.0,130.0,KXNBAGAME-26FEB01CHIMIA,-218.0,173.0,0.65842,0.0,-719.0,-719.0,0.5,2520.0
401810561,2026-02-01,2026,2026-02-01T23:00Z,TOR,UTA,1.0,0.77367,dk,-395.0,310.0,0.7659,-575.0,425.0,KXNBAGAME-26FEB01UTATOR,-404.0,313.0,0.77723,0.0,-719.0,-719.0,0.5,2520.0
401810562,2026-02-01,2026,2026-02-01T23:00Z,WAS,SAC,1.0,0.46486,dk,-102.0,-118.0,0.48264,114.0,-135.0,KXNBAGAME-26FEB01SACWAS,101.0,-121.0,0.475,0.0,-719.0,-719.0,0.5,2520.0
401810563,2026-02-01,2026,2026-02-02T00:00Z,NYK,LAL,1.0,0.64047,dk,-225.0,185.0,0.66365,-180.0,150.0,KXNBAGAME-26FEB01LALNYK,-228.0,181.0,0.66832,0.0,-719.0,-719.0,0.5,2580.0
401810564,2026-02-01,2026,2026-02-02T01:00Z,PHO,LAC,0.0,0.5159,dk,-148.0,124.0,0.57206,-115.0,-105.0,KXNBAGAME-26FEB01LACPHX,-148.0,119.0,0.57214,0.0,-719.0,-719.0,0.5,2640.0
401810558,2026-02-01,2026,2026-02-02T02:00Z,SAS,ORL,1.0,0.61069,dk,-198.0,164.0,0.6369,-250.0,205.0,KXNBAGAME-26FEB01ORLSAS,-208.0,166.0,0.64851,0.0,-660.0,-719.0,0.5,2700.0
401810565,2026-02-01,2026,2026-02-02T02:00Z,POR,CLE,0.0,0.34123,dk,150.0,-180.0,0.38356,-105.0,-115.0,KXNBAGAME-26FEB01CLEPOR,152.0,-183.0,0.375,0.0,-719.0,-719.0,0.5,2700.0
401810566,2026-02-01,2026,2026-02-02T02:30Z,DEN,OKC,0.0,0.3199,dk,190.0,-230.0,0.33099,150.0,-180.0,KXNBAGAME-26FEB01OKCDEN,189.0,-239.0,0.32178,0.0,-719.0,-719.0,0.46083,2730.0
401810567,2026-02-02,2026,2026-02-02T20:00Z,CHO,NOP,1.0,0.68656,dk,-278.0,225.0,0.70503,-270.0,220.0,KXNBAGAME-26FEB02NOPCHA,-251.0,198.0,0.69154,0.0,-290.0,208.0,0.62805,2280.0
401810568,2026-02-02,2026,2026-02-03T00:00Z,IND,HOU,0.0,0.27304,dk,205.0,-250.0,0.31461,170.0,-205.0,KXNBAGAME-26FEB02HOUIND,218.0,-263.0,0.295,0.0,280.0,-404.0,0.29771,2520.0
401810569,2026-02-02,2026,2026-02-03T00:30Z,MEM,MIN,1.0,0.20136,dk,245.0,-305.0,0.27792,215.0,-265.0,KXNBAGAME-26FEB02MINMEM,240.0,-290.0,0.275,0.0,-609.0,-263.0,0.52995,2550.0
401810570,2026-02-02,2026,2026-02-03T03:00Z,LAC,PHI,0.0,0.47219,dk,-105.0,-115.0,0.48917,-148.0,124.0,KXNBAGAME-26FEB02PHILAC,-107.0,-116.0,0.4901,0.0,-121.0,-116.0,0.46111,2700.0
401810571,2026-02-03,2026,2026-02-04T00:00Z,DET,DEN,1.0,0.61801,dk,-192.0,160.0,0.63094,-230.0,190.0,KXNBAGAME-26FEB03DENDET,-199.0,166.0,0.645,0.0,-208.0,166.0,0.65327,2400.0
401810572,2026-02-03,2026,2026-02-04T00:00Z,IND,UTA,0.0,0.586,dk,120.0,-142.0,0.43651,-192.0,160.0,KXNBAGAME-26FEB03UTAIND,124.0,-148.0,0.425,0.0,-161.0,109.0,0.57143,2400.0
401810573,2026-02-03,2026,2026-02-04T00:00Z,WAS,NYK,0.0,0.17999,dk,455.0,-625.0,0.17288,525.0,-750.0,KXNBAGAME-26FEB03NYKWAS,456.0,-564.0,0.165,0.0,456.0,-660.0,0.16,2400.0
401810574,2026-02-03,2026,2026-02-04T00:30Z,BRK,LAL,0.0,0.23505,dk,270.0,-340.0,0.25913,295.0,-375.0,KXNBAGAME-26FEB03LALBKN,266.0,-322.0,0.255,0.0,252.0,-322.0,0.26633,2430.0
401810575,2026-02-03,2026,2026-02-04T00:30Z,MIA,ATL,0.0,0.58595,dk,-118.0,-102.0,0.51736,-205.0,170.0,KXNBAGAME-26FEB03ATLMIA,-116.0,-103.0,0.515,0.0,-148.0,109.0,0.56158,2430.0
401810576,2026-02-03,2026,2026-02-04T01:00Z,DAL,BOS,0.0,0.26455,dk,215.0,-265.0,0.30423,235.0,-290.0,KXNBAGAME-26FEB03BOSDAL,208.0,-263.0,0.29851,0.0,159.0,-208.0,0.35354,2460.0
401810577,2026-02-03,2026,2026-02-04T01:00Z,MIL,CHI,1.0,0.47469,dk,-102.0,-118.0,0.48264,120.0,-142.0,KXNBAGAME-26FEB03CHIMIL,101.0,-121.0,0.475,0.0,134.0,-168.0,0.4,2460.0
401810578,2026-02-03,2026,2026-02-04T01:00Z,OKC,ORL,1.0,0.8688,dk,-520.0,390.0,0.80429,-270.0,220.0,KXNBAGAME-26FEB03ORLOKC,-489.0,398.0,0.815,0.0,-489.0,351.0,0.80105,2460.0
401810579,2026-02-03,2026,2026-02-04T03:00Z,GSW,PHI,0.0,0.69996,dk,-175.0,145.0,0.60924,-120.0,100.0,KXNBAGAME-26FEB03PHIGSW,-183.0,152.0,0.625,0.0,-154.0,124.0,0.58794,2580.0
401810580,2026-02-03,2026,2026-02-04T04:00Z,POR,PHO,0.0,0.42015,dk,124.0,-148.0,0.42794,114.0,-135.0,KXNBAGAME-26FEB03PHXPOR,124.0,-154.0,0.41791,0.0,152.0,-199.0,0.36816,2640.0
401810581,2026-02-04,2026,2026-02-05T00:00Z,NYK,DEN,1.0,0.53668,dk,-192.0,160.0,0.63094,-185.0,154.0,KXNBAGAME-26FEB04DENNYK,-191.0,152.0,0.62871,0.0,-199.0,146.0,0.63184,3120.0
401810582,2026-02-04,2026,2026-02-05T00:30Z,TOR,MIN,0.0,0.33734,dk,120.0,-142.0,0.43651,-115.0,-105.0,KXNBAGAME-26FEB04MINTOR,114.0,-142.0,0.44059,0.0,-103.0,-116.0,0.4899,2970.0
401810583,2026-02-04,2026,2026-02-05T01:00Z,HOU,BOS,0.0,0.66286,dk,-305.0,245.0,0.72208,-225.0,185.0,KXNBAGAME-26FEB04BOSHOU,-290.0,229.0,0.71782,0.0,-183.0,119.0,0.60591,3000.0
401810584,2026-02-04,2026,2026-02-05T01:00Z,MIL,NOP,1.0,0.369,dk,150.0,-180.0,0.38356,160.0,-192.0,KXNBAGAME-26FEB04NOPMIL,152.0,-183.0,0.375,0.0,109.0,-161.0,0.43216,3000.0
401810585,2026-02-04,2026,2026-02-05T02:30Z,SAS,OKC,1.0,0.58324,dk,-410.0,320.0,0.77151,110.0,-130.0,KXNBAGAME-26FEB04OKCSAS,-404.0,313.0,0.78109,0.0,124.0,-191.0,0.39614,3090.0
401810586,2026-02-04,2026,2026-02-05T03:00Z,SAC,MEM,0.0,0.40943,dk,-148.0,124.0,0.57206,-135.0,114.0,KXNBAGAME-26FEB04MEMSAC,-148.0,124.0,0.575,0.0,119.0,-161.0,0.42786,3120.0
401810587,2026-02-04,2026,2026-02-05T03:30Z,LAC,CLE,0.0,0.46817,dk,124.0,-148.0,0.42794,102.0,-122.0,KXNBAGAME-26FEB04CLELAC,124.0,-148.0,0.425,0.0,-142.0,105.0,0.54545,2970.0
401810588,2026-02-05,2026,2026-02-06T00:00Z,DET,WAS,0.0,0.89191,dk,-1200.0,750.0,0.88696,-850.0,575.0,KXNBAGAME-26FEB05WASDET,-967.0,756.0,0.895,0.0,-564.0,398.0,0.81818,3120.0
401810589,2026-02-05,2026,2026-02-06T00:00Z,ORL,BRK,1.0,0.72194,dk,-395.0,310.0,0.7659,-575.0,425.0,KXNBAGAME-26FEB05BKNORL,-381.0,313.0,0.775,0.0,-251.0,181.0,0.68473,3120.0
401810590,2026-02-05,2026,2026-02-06T00:30Z,ATL,UTA,1.0,0.77689,dk,-310.0,250.0,0.72575,-360.0,285.0,KXNBAGAME-26FEB05UTAATL,-306.0,252.0,0.735,0.0,-322.0,208.0,0.69652,2970.0
401810591,2026-02-05,2026,2026-02-06T00:30Z,TOR,CHI,1.0,0.62603,dk,-310.0,250.0,0.72575,-395.0,310.0,KXNBAGAME-26FEB05CHITOR,-306.0,252.0,0.735,0.0,-191.0,146.0,0.6359,2970.0
401810592,2026-02-05,2026,2026-02-06T01:00Z,HOU,CHO,0.0,0.59744,dk,-185.0,154.0,0.62247,-166.0,140.0,KXNBAGAME-26FEB05CHAHOU,-183.0,146.0,0.61881,0.0,-208.0,134.0,0.67021,3000.0
401810593,2026-02-05,2026,2026-02-06T01:30Z,DAL,SAS,0.0,0.36036,dk,250.0,-310.0,0.27425,190.0,-230.0,KXNBAGAME-26FEB05SASDAL,252.0,-306.0,0.265,0.0,173.0,-263.0,0.31863,3030.0
401810594,2026-02-05,2026,2026-02-06T03:00Z,PHO,GSW,0.0,0.59652,dk,-218.0,180.0,0.65748,-238.0,195.0,KXNBAGAME-26FEB05GSWPHX,-208.0,173.0,0.655,0.0,-168.0,146.0,0.62371,3120.0
401810595,2026-02-05,2026,2026-02-06T03:00Z,LAL,PHI,1.0,0.67547,dk,-135.0,114.0,0.55144,-155.0,130.0,KXNBAGAME-26FEB05PHILAL,-142.0,119.0,0.56281,0.0,-191.0,134.0,0.595,3120.0
401810596,2026-02-06,2026,2026-02-07T00:30Z,BOS,MIA,1.0,0.70403,dk,-225.0,185.0,0.66365,-278.0,225.0,KXNBAGAME-26FEB06MIABOS,-228.0,189.0,0.675,0.0,-251.0,159.0,0.65128,2790.0
401810597,2026-02-06,2026,2026-02-07T00:30Z,DET,NYK,1.0,0.46422,dk,-218.0,180.0,0.65748,-122.0,102.0,KXNBAGAME-26FEB06NYKDET,-218.0,181.0,0.665,0.0,-137.0,101.0,0.53769,2790.0
401810598,2026-02-06,2026,2026-02-07T01:00Z,MIL,IND,1.0,0.63537,dk,102.0,-122.0,0.47391,-118.0,-102.0,KXNBAGAME-26FEB06INDMIL,105.0,-126.0,0.465,0.0,-103.0,-154.0,0.45,2820.0
401810599,2026-02-06,2026,2026-02-07T01:00Z,MIN,NOP,0.0,0.80187,dk,-345.0,275.0,0.74407,-455.0,350.0,KXNBAGAME-26FEB06NOPMIN,-340.0,266.0,0.74752,0.0,-404.0,252.0,0.74,2820.0
401810600,2026-02-06,2026,2026-02-07T03:00Z,POR,MEM,1.0,0.65429,dk,-290.0,235.0,0.71355,-265.0,215.0,KXNBAGAME-26FEB06MEMPOR,-290.0,240.0,0.725,0.0,-239.0,124.0,0.60577,2940.0
401810601,2026-02-06,2026,2026-02-07T03:00Z,SAC,LAC,0.0,0.44293,dk,140.0,-166.0,0.40036,130.0,-155.0,KXNBAGAME-26FEB06LACSAC,134.0,-161.0,0.405,0.0,173.0,-340.0,0.29146,2940.0
401810602,2026-02-07,2026,2026-02-07T20:00Z,BRK,WAS,1.0,0.60448,dk,-298.0,240.0,0.71797,-175.0,145.0,KXNBAGAME-26FEB07WASBKN,-290.0,240.0,0.725,0.0,-191.0,140.0,0.55233,3060.0
401810603,2026-02-07,2026,2026-02-07T20:30Z,OKC,HOU,0.0,0.56378,dk,-162.0,136.0,0.59337,-175.0,145.0,KXNBAGAME-26FEB07HOUOKC,-161.0,129.0,0.58911,0.0,-103.0,-142.0,0.47619,3090.0
401810604,2026-02-07,2026,2026-02-07T23:00Z,SAS,DAL,1.0,0.76771,dk,-455.0,350.0,0.78674,-485.0,370.0,KXNBAGAME-26FEB07DALSAS,-430.0,351.0,0.795,0.0,-458.0,331.0,0.80928,3060.0
401810605,2026-02-07,2026,2026-02-08T00:00Z,ORL,UTA,1.0,0.75529,dk,-278.0,225.0,0.70503,-345.0,275.0,KXNBAGAME-26FEB07UTAORL,-276.0,229.0,0.715,0.0,-404.0,296.0,0.78646,3120.0
401810606,2026-02-07,2026,2026-02-08T00:30Z,ATL,CHO,0.0,0.51228,dk,105.0,-125.0,0.46753,114.0,-135.0,KXNBAGAME-26FEB07CHAATL,105.0,-126.0,0.465,0.0,-131.0,-103.0,0.51269,2970.0
401810607,2026-02-07,2026,2026-02-08T01:00Z,CHI,DEN,0.0,0.34992,dk,275.0,-345.0,0.25593,154.0,-185.0,KXNBAGAME-26FEB07DENCHI,280.0,-360.0,0.24257,0.0,218.0,-263.0,0.26702,3000.0
401810608,2026-02-07,2026,2026-02-08T01:30Z,LAL,GSW,1.0,0.7036,dk,-130.0,110.0,0.54274,-135.0,114.0,KXNBAGAME-26FEB07GSWLAL,-131.0,109.0,0.545,0.0,-251.0,189.0,0.67857,3030.0
401810609,2026-02-07,2026,2026-02-08T02:00Z,PHO,PHI,0.0,0.5259,dk,-135.0,114.0,0.55144,-110.0,-110.0,KXNBAGAME-26FEB07PHIPHX,-137.0,109.0,0.5495,0.0,-191.0,129.0,0.62687,3060.0
401810610,2026-02-07,2026,2026-02-08T03:00Z,POR,MEM,1.0,0.6733,dk,-340.0,270.0,0.74087,-360.0,285.0,KXNBAGAME-26FEB07MEMPOR,-306.0,252.0,0.735,0.0,-208.0,166.0,0.6599,3120.0
401810611,2026-02-07,2026,2026-02-08T03:00Z,SAC,CLE,0.0,0.16101,dk,455.0,-625.0,0.17288,370.0,-485.0,KXNBAGAME-26FEB07CLESAC,425.0,-564.0,0.16915,0.0,252.0,-360.0,0.25126,3120.0
401810612,2026-02-08,2026,2026-02-08T17:30Z,BOS,NYK,0.0,0.71697,dk,-155.0,130.0,0.58299,-162.0,136.0,KXNBAGAME-26FEB08NYKBOS,-161.0,134.0,0.595,0.0,-121.0,-103.0,0.47253,3090.0
401810613,2026-02-08,2026,2026-02-08T19:00Z,WAS,MIA,0.0,0.22348,dk,455.0,-625.0,0.17288,350.0,-455.0,KXNBAGAME-26FEB08MIAWAS,529.0,-660.0,0.145,0.0,266.0,-340.0,0.2449,3000.0
401810614,2026-02-08,2026,2026-02-08T20:00Z,TOR,IND,1.0,0.71033,dk,-345.0,275.0,0.74407,-340.0,270.0,KXNBAGAME-26FEB08INDTOR,-340.0,280.0,0.755,0.0,-340.0,208.0,0.70673,3060.0
401810615,2026-02-08,2026,2026-02-08T20:00Z,MIN,LAC,0.0,0.77287,dk,-360.0,285.0,0.75081,235.0,-290.0,KXNBAGAME-26FEB08LACMIN,-322.0,266.0,0.745,0.0,-306.0,198.0,0.68041,3060.0
401810616,2026-02-09,2026,2026-02-10T00:00Z,CHO,DET,0.0,0.40653,dk,114.0,-135.0,0.44856,114.0,-135.0,KXNBAGAME-26FEB09DETCHA,119.0,-148.0,0.43069,0.0,119.0,-137.0,0.35294,3120.0
401810617,2026-02-09,2026,2026-02-10T00:30Z,BRK,CHI,1.0,0.47672,dk,130.0,-155.0,0.41701,114.0,-135.0,KXNBAGAME-26FEB09CHIBKN,129.0,-154.0,0.415,0.0,-107.0,-116.0,0.48485,2970.0
401810618,2026-02-09,2026,2026-02-10T00:30Z,MIA,UTA,0.0,0.72241,dk,-250.0,205.0,0.68539,-355.0,280.0,KXNBAGAME-26FEB09UTAMIA,-263.0,208.0,0.69802,0.0,-263.0,198.0,0.68844,2970.0
401810619,2026-02-09,2026,2026-02-10T00:30Z,ORL,MIL,1.0,0.66988,dk,-395.0,310.0,0.7659,-345.0,275.0,KXNBAGAME-26FEB09MILORL,-381.0,313.0,0.775,0.0,-381.0,266.0,0.76263,2970.0
401810620,2026-02-09,2026,2026-02-10T01:00Z,MIN,ATL,1.0,0.7395,dk,-325.0,260.0,0.73354,-250.0,205.0,KXNBAGAME-26FEB09ATLMIN,-322.0,266.0,0.745,0.0,-199.0,159.0,0.64646,3000.0
401810621,2026-02-09,2026,2026-02-10T01:00Z,NOP,SAC,1.0,0.74238,dk,-395.0,310.0,0.7659,-218.0,180.0,KXNBAGAME-26FEB09SACNOP,-381.0,313.0,0.775,0.0,-199.0,159.0,0.63636,3000.0
401810622,2026-02-09,2026,2026-02-10T02:00Z,DEN,CLE,0.0,0.57724,dk,-135.0,114.0,0.55144,102.0,-122.0,KXNBAGAME-26FEB09CLEDEN,-142.0,114.0,0.55941,0.0,-126.0,101.0,0.53535,3060.0
401810623,2026-02-09,2026,2026-02-10T03:00Z,GSW,MEM,1.0,0.62158,dk,-395.0,310.0,0.7659,-238.0,195.0,KXNBAGAME-26FEB09MEMGSW,-340.0,296.0,0.76263,0.0,-175.0,140.0,0.60914,3120.0
401810624,2026-02-09,2026,2026-02-10T03:00Z,LAL,OKC,0.0,0.41295,dk,195.0,-238.0,0.32497,170.0,-205.0,KXNBAGAME-26FEB09OKCLAL,198.0,-239.0,0.315,0.0,124.0,-154.0,0.42424,3120.0
401810625,2026-02-09,2026,2026-02-10T03:00Z,POR,PHI,1.0,0.50252,dk,-162.0,136.0,0.59337,110.0,-130.0,KXNBAGAME-26FEB09PHIPOR,-161.0,129.0,0.58911,0.0,114.0,-148.0,0.43719,3120.0
401810626,2026-02-10,2026,2026-02-11T00:30Z,NYK,IND,0.0,0.84202,dk,-550.0,410.0,0.81187,-550.0,410.0,KXNBAGAME-26FEB10INDNYK,-525.0,398.0,0.81683,0.0,-489.0,373.0,0.82812,2970.0
401810627,2026-02-10,2026,2026-02-11T01:00Z,HOU,LAC,1.0,0.70782,dk,-310.0,250.0,0.72575,-298.0,240.0,KXNBAGAME-26FEB10LACHOU,-306.0,252.0,0.735,0.0,-306.0,166.0,0.61047,3000.0
401810628,2026-02-10,2026,2026-02-11T02:00Z,PHO,DAL,1.0,0.67434,dk,-340.0,270.0,0.74087,-285.0,230.0,KXNBAGAME-26FEB10DALPHX,-306.0,252.0,0.735,0.0,-251.0,189.0,0.68657,3060.0
401810629,2026-02-10,2026,2026-02-11T03:30Z,LAL,SAS,0.0,0.27154,dk,500.0,-700.0,0.16,235.0,-290.0,KXNBAGAME-26FEB10SASLAL,490.0,-609.0,0.155,0.0,129.0,-161.0,0.37017,2970.0
401810630,2026-02-11,2026,2026-02-12T00:00Z,CHO,ATL,1.0,0.61276,dk,-130.0,110.0,0.54274,-218.0,180.0,KXNBAGAME-26FEB11ATLCHA,-131.0,109.0,0.545,0.0,-126.0,119.0,0.61184,3120.0
401810631,2026-02-11,2026,2026-02-12T00:00Z,CLE,WAS,1.0,0.91138,dk,-1200.0,750.0,0.88696,-1450.0,850.0,KXNBAGAME-26FEB11WASCLE,-967.0,756.0,0.895,0.0,-564.0,208.0,0.78,3000.0
401810632,2026-02-11,2026,2026-02-12T00:00Z,ORL,MIL,0.0,0.72277,dk,-485.0,370.0,0.79578,-470.0,360.0,KXNBAGAME-26FEB11MILORL,-458.0,373.0,0.805,0.0,-360.0,313.0,0.71523,3120.0
401810633,2026-02-11,2026,2026-02-12T00:30Z,BOS,CHI,1.0,0.84519,dk,-700.0,500.0,0.84,-600.0,440.0,KXNBAGAME-26FEB11CHIBOS,-660.0,529.0,0.855,0.0,-458.0,313.0,0.8125,2970.0
401810634,2026-02-11,2026,2026-02-12T00:30Z,BRK,IND,0.0,0.58104,dk,-225.0,185.0,0.66365,-155.0,130.0,KXNBAGAME-26FEB11INDBKN,-228.0,189.0,0.675,0.0,-121.0,101.0,0.51531,2910.0
401810635,2026-02-11,2026,2026-02-12T00:30Z,PHI,NYK,0.0,0.44455,dk,114.0,-135.0,0.44856,110.0,-130.0,KXNBAGAME-26FEB11NYKPHI,114.0,-142.0,0.44059,0.0,-360.0,-116.0,0.46907,2970.0
401810636,2026-02-11,2026,2026-02-12T00:30Z,TOR,DET,0.0,0.48499,dk,-115.0,-105.0,0.51083,102.0,-122.0,KXNBAGAME-26FEB11DETTOR,-112.0,-107.0,0.505,0.0,114.0,-719.0,0.44751,2970.0
401810637,2026-02-11,2026,2026-02-12T01:00Z,HOU,LAC,0.0,0.74326,dk,-325.0,260.0,0.73354,-360.0,285.0,KXNBAGAME-26FEB11LACHOU,-322.0,266.0,0.745,0.0,-228.0,181.0,0.65816,2940.0
401810638,2026-02-11,2026,2026-02-12T01:00Z,MIN,POR,1.0,0.76513,dk,-290.0,235.0,0.71355,-278.0,225.0,KXNBAGAME-26FEB11PORMIN,-290.0,252.0,0.73232,0.0,-306.0,229.0,0.74093,2940.0
401810639,2026-02-11,2026,2026-02-12T01:00Z,NOP,MIA,0.0,0.43151,dk,-125.0,105.0,0.53247,-118.0,-102.0,KXNBAGAME-26FEB11MIANOP,-126.0,105.0,0.535,0.0,-360.0,-175.0,0.42523,3000.0
401810640,2026-02-11,2026,2026-02-12T02:00Z,PHO,OKC,0.0,0.20579,dk,225.0,-278.0,0.29497,190.0,-230.0,KXNBAGAME-26FEB11OKCPHX,218.0,-276.0,0.29208,0.0,173.0,-199.0,0.34021,3000.0
401810641,2026-02-11,2026,2026-02-12T02:00Z,UTA,SAC,1.0,0.67852,dk,-205.0,170.0,0.64473,-238.0,195.0,KXNBAGAME-26FEB11SACUTA,-208.0,173.0,0.655,0.0,-142.0,105.0,0.54872,3000.0
401810642,2026-02-11,2026,2026-02-12T02:00Z,DEN,MEM,1.0,0.81955,dk,-675.0,490.0,0.8371,-650.0,470.0,KXNBAGAME-26FEB11MEMDEN,-660.0,529.0,0.855,0.0,-360.0,296.0,0.7665,2820.0
401810643,2026-02-11,2026,2026-02-12T03:00Z,GSW,SAS,0.0,0.40046,dk,195.0,-238.0,0.32497,170.0,-205.0,KXNBAGAME-26FEB11SASGSW,189.0,-239.0,0.32178,0.0,114.0,-168.0,0.43137,3060.0
401810644,2026-02-12,2026,2026-02-13T00:30Z,OKC,MIL,0.0,0.86388,dk,-625.0,455.0,0.82712,-750.0,525.0,KXNBAGAME-26FEB12MILOKC,-564.0,456.0,0.835,0.0,-609.0,425.0,0.81183,2910.0
401810645,2026-02-12,2026,2026-02-13T02:00Z,UTA,POR,0.0,0.42476,dk,190.0,-230.0,0.33099,230.0,-285.0,KXNBAGAME-26FEB12PORUTA,189.0,-239.0,0.32178,0.0,-719.0,-154.0,0.4902,3060.0
401810646,2026-02-12,2026,2026-02-13T03:00Z,LAL,DAL,1.0,0.48386,dk,-258.0,210.0,0.69079,190.0,-230.0,KXNBAGAME-26FEB12DALLAL,-251.0,208.0,0.695,0.0,-322.0,229.0,0.7801,3120.0
401810647,2026-02-19,2026,2026-02-20T00:00Z,CHO,HOU,0.0,0.34474,dk,160.0,-192.0,0.36906,114.0,-135.0,KXNBAGAME-26FEB19HOUCHA,152.0,-191.0,0.36816,0.0,-564.0,-564.0,0.41453,4800.0
401810648,2026-02-19,2026,2026-02-20T00:00Z,CLE,BRK,1.0,0.90719,dk,-1050.0,675.0,0.87618,-800.0,550.0,KXNBAGAME-26FEB19BKNCLE,-967.0,685.0,0.88614,0.0,-525.0,-154.0,0.60963,4800.0
401810649,2026-02-19,2026,2026-02-20T00:00Z,PHI,ATL,0.0,0.4791,dk,-115.0,-105.0,0.51083,-192.0,160.0,KXNBAGAME-26FEB19ATLPHI,-116.0,-107.0,0.5099,0.0,-564.0,-564.0,0.5,4800.0
401810650,2026-02-19,2026,2026-02-20T00:00Z,WAS,IND,1.0,0.49114,dk,110.0,-130.0,0.45726,102.0,-122.0,KXNBAGAME-26FEB19INDWAS,109.0,-131.0,0.455,0.0,-564.0,-564.0,0.54028,4800.0
401810651,2026-02-19,2026,2026-02-20T00:30Z,NYK,DET,0.0,0.63512,dk,-162.0,136.0,0.59337,-142.0,120.0,KXNBAGAME-26FEB19DETNYK,-161.0,134.0,0.595,0.0,-564.0,-564.0,0.58547,4830.0
401810652,2026-02-19,2026,2026-02-20T01:00Z,CHI,TOR,0.0,0.39197,dk,185.0,-225.0,0.33635,154.0,-185.0,KXNBAGAME-26FEB19TORCHI,181.0,-218.0,0.335,0.0,105.0,-525.0,0.41146,4860.0
401810653,2026-02-19,2026,2026-02-20T01:30Z,SAS,PHO,1.0,0.77339,dk,-285.0,230.0,0.70954,-270.0,220.0,KXNBAGAME-26FEB19PHXSAS,-290.0,240.0,0.725,0.0,-564.0,-564.0,0.54028,4890.0
401810654,2026-02-19,2026,2026-02-20T03:00Z,GSW,BOS,0.0,0.28491,dk,180.0,-218.0,0.34252,136.0,-162.0,KXNBAGAME-26FEB19BOSGSW,173.0,-218.0,0.34158,0.0,-564.0,-719.0,0.40928,4980.0
401810655,2026-02-19,2026,2026-02-20T03:00Z,SAC,ORL,0.0,0.23715,dk,275.0,-345.0,0.25593,380.0,-500.0,KXNBAGAME-26FEB19ORLSAC,280.0,-340.0,0.245,0.0,218.0,-564.0,0.23497,4980.0
401810656,2026-02-19,2026,2026-02-20T03:30Z,LAC,DEN,1.0,0.31698,dk,154.0,-185.0,0.37753,136.0,-162.0,KXNBAGAME-26FEB19DENLAC,152.0,-183.0,0.375,0.0,-564.0,-719.0,0.53937,5010.0
401810657,2026-02-20,2026,2026-02-21T00:00Z,CHO,CLE,0.0,0.22137,dk,180.0,-218.0,0.34252,145.0,-175.0,KXNBAGAME-26FEB20CLECHA,181.0,-218.0,0.335,0.0,119.0,-142.0,0.4382,3420.0
401810658,2026-02-20,2026,2026-02-21T00:00Z,WAS,IND,1.0,0.50244,dk,-122.0,102.0,0.52609,114.0,-135.0,KXNBAGAME-26FEB20INDWAS,-116.0,-103.0,0.515,0.0,119.0,-148.0,0.40415,3420.0
401810659,2026-02-20,2026,2026-02-21T00:00Z,MEM,UTA,1.0,0.6821,dk,-135.0,114.0,0.55144,-170.0,142.0,KXNBAGAME-26FEB20UTAMEM,-142.0,119.0,0.565,0.0,-161.0,140.0,0.48684,3420.0
401810660,2026-02-20,2026,2026-02-21T00:30Z,ATL,MIA,0.0,0.3732,dk,124.0,-148.0,0.42794,114.0,-135.0,KXNBAGAME-26FEB20MIAATL,119.0,-148.0,0.43069,0.0,101.0,-126.0,0.38994,3270.0
401810661,2026-02-20,2026,2026-02-21T00:30Z,MIN,DAL,1.0,0.82661,dk,-700.0,500.0,0.84,-600.0,440.0,KXNBAGAME-26FEB20DALMIN,-719.0,574.0,0.86432,0.0,-564.0,398.0,0.82673,3270.0
401810662,2026-02-20,2026,2026-02-21T01:00Z,NOP,MIL,0.0,0.63744,dk,-180.0,150.0,0.61644,-155.0,130.0,KXNBAGAME-26FEB20MILNOP,-175.0,146.0,0.615,0.0,-183.0,146.0,0.60556,3300.0
401810663,2026-02-20,2026,2026-02-21T01:00Z,OKC,BRK,1.0,0.91195,dk,-1200.0,750.0,0.88696,-1350.0,800.0,KXNBAGAME-26FEB20BKNOKC,-967.0,756.0,0.895,0.0,-788.0,625.0,0.87245,3300.0
401810665,2026-02-20,2026,2026-02-21T03:00Z,POR,DEN,0.0,0.41505,dk,102.0,-122.0,0.47391,145.0,-175.0,KXNBAGAME-26FEB20DENPOR,101.0,-121.0,0.475,0.0,-107.0,-116.0,0.47761,3420.0
401810664,2026-02-20,2026,2026-02-21T03:15Z,LAL,LAC,1.0,0.69206,dk,-258.0,210.0,0.69079,-245.0,200.0,KXNBAGAME-26FEB20LACLAL,-251.0,198.0,0.69154,0.0,-263.0,208.0,0.67391,3435.0
401810666,2026-02-21,2026,2026-02-21T22:00Z,PHO,ORL,1.0,0.5698,dk,-162.0,136.0,0.59337,-135.0,114.0,KXNBAGAME-26FEB21ORLPHX,-154.0,134.0,0.59091,0.0,-137.0,114.0,0.55729,3300.0
401810667,2026-02-21,2026,2026-02-22T00:00Z,NOP,PHI,1.0,0.39972,dk,142.0,-170.0,0.39624,150.0,-180.0,KXNBAGAME-26FEB21PHINOP,140.0,-175.0,0.38806,0.0,101.0,-131.0,0.42703,3420.0
401810668,2026-02-21,2026,2026-02-22T01:00Z,MIA,MEM,1.0,0.80085,dk,-550.0,410.0,0.81187,-355.0,280.0,KXNBAGAME-26FEB21MEMMIA,-525.0,398.0,0.81683,0.0,-360.0,208.0,0.6369,3300.0
401810669,2026-02-21,2026,2026-02-22T01:00Z,CHI,DET,0.0,0.34542,dk,410.0,-550.0,0.18813,370.0,-485.0,KXNBAGAME-26FEB21DETCHI,425.0,-525.0,0.175,0.0,252.0,-430.0,0.23392,3300.0
401810670,2026-02-21,2026,2026-02-22T01:00Z,SAS,SAC,1.0,0.90318,dk,-1650.0,950.0,0.90826,-1800.0,1000.0,KXNBAGAME-26FEB21SACSAS,-1428.0,1074.0,0.925,0.0,-564.0,208.0,0.68394,3300.0
401810671,2026-02-21,2026,2026-02-22T01:30Z,NYK,HOU,1.0,0.61921,dk,-162.0,136.0,0.59337,-142.0,120.0,KXNBAGAME-26FEB21HOUNYK,-168.0,134.0,0.59901,0.0,-199.0,140.0,0.56213,3330.0
401810672,2026-02-22,2026,2026-02-22T18:00Z,OKC,CLE,1.0,0.50592,dk,145.0,-175.0,0.39076,-105.0,-115.0,KXNBAGAME-26FEB22CLEOKC,146.0,-175.0,0.385,0.0,-154.0,124.0,0.59091,3420.0
401810673,2026-02-22,2026,2026-02-22T20:30Z,ATL,BRK,1.0,0.74963,dk,-410.0,320.0,0.77151,-340.0,270.0,KXNBAGAME-26FEB22BKNATL,-404.0,313.0,0.77723,0.0,-306.0,296.0,0.69231,3390.0
401810674,2026-02-22,2026,2026-02-22T20:30Z,MIL,TOR,0.0,0.42606,dk,136.0,-162.0,0.40663,130.0,-155.0,KXNBAGAME-26FEB22TORMIL,146.0,-175.0,0.385,0.0,124.0,-148.0,0.38,3390.0
401810675,2026-02-22,2026,2026-02-22T20:30Z,GSW,DEN,1.0,0.31557,dk,195.0,-238.0,0.32497,170.0,-205.0,KXNBAGAME-26FEB22DENGSW,198.0,-239.0,0.315,0.0,134.0,-175.0,0.36667,3390.0
401810676,2026-02-22,2026,2026-02-22T22:00Z,IND,DAL,0.0,0.4192,dk,-102.0,-118.0,0.48264,120.0,-142.0,KXNBAGAME-26FEB22DALIND,-103.0,-121.0,0.47761,0.0,-131.0,101.0,0.4918,3300.0
401810677,2026-02-22,2026,2026-02-22T23:00Z,WAS,CHO,0.0,0.36457,dk,400.0,-535.0,0.19184,380.0,-500.0,KXNBAGAME-26FEB22CHAWAS,373.0,-489.0,0.19307,0.0,331.0,-404.0,0.18519,3360.0
401810678,2026-02-22,2026,2026-02-22T23:30Z,LAL,BOS,0.0,0.54581,dk,-105.0,-115.0,0.48917,-105.0,-115.0,KXNBAGAME-26FEB22BOSLAL,-103.0,-116.0,0.485,0.0,-107.0,-121.0,0.45161,3390.0
401810679,2026-02-22,2026,2026-02-23T00:00Z,MIN,PHI,0.0,0.83244,dk,-360.0,285.0,0.75081,-340.0,270.0,KXNBAGAME-26FEB22PHIMIN,-340.0,280.0,0.755,0.0,-276.0,240.0,0.73224,3420.0
401810680,2026-02-22,2026,2026-02-23T01:00Z,CHI,NYK,0.0,0.28865,dk,300.0,-380.0,0.24,370.0,-485.0,KXNBAGAME-26FEB22NYKCHI,313.0,-381.0,0.225,0.0,198.0,-290.0,0.27811,3300.0
401810681,2026-02-22,2026,2026-02-23T01:00Z,PHO,POR,0.0,0.44613,dk,136.0,-162.0,0.40663,130.0,-155.0,KXNBAGAME-26FEB22PORPHX,134.0,-161.0,0.405,0.0,-142.0,105.0,0.53788,3300.0
401810682,2026-02-22,2026,2026-02-23T02:00Z,LAC,ORL,0.0,0.62842,dk,-180.0,150.0,0.61644,-180.0,150.0,KXNBAGAME-26FEB22ORLLAC,-175.0,146.0,0.615,0.0,-168.0,124.0,0.56818,3360.0
401810683,2026-02-23,2026,2026-02-24T00:00Z,DET,SAS,0.0,0.56981,dk,-122.0,102.0,0.52609,-135.0,114.0,KXNBAGAME-26FEB23SASDET,-121.0,101.0,0.525,0.0,-126.0,105.0,0.49275,3420.0
401810684,2026-02-23,2026,2026-02-24T01:00Z,MEM,SAC,0.0,0.69217,dk,-142.0,120.0,0.56349,-180.0,150.0,KXNBAGAME-26FEB23SACMEM,-148.0,119.0,0.56931,0.0,-322.0,240.0,0.75135,3300.0
401810685,2026-02-23,2026,2026-02-24T02:30Z,HOU,UTA,1.0,0.86974,dk,-850.0,575.0,0.85794,-1050.0,675.0,KXNBAGAME-26FEB23UTAHOU,-788.0,574.0,0.86634,0.0,-458.0,398.0,0.83333,3390.0
401810686,2026-02-24,2026,2026-02-25T00:00Z,IND,PHI,0.0,0.38423,dk,400.0,-535.0,0.19184,200.0,-245.0,KXNBAGAME-26FEB24PHIIND,398.0,-489.0,0.185,0.0,-489.0,-564.0,0.48718,3420.0
401810687,2026-02-24,2026,2026-02-25T00:30Z,ATL,WAS,1.0,0.76722,dk,-650.0,470.0,0.83165,-750.0,525.0,KXNBAGAME-26FEB24WASATL,-660.0,490.0,0.84653,0.0,-458.0,280.0,0.8,3270.0
401810688,2026-02-24,2026,2026-02-25T00:30Z,BRK,DAL,0.0,0.39965,dk,100.0,-120.0,0.47826,105.0,-125.0,KXNBAGAME-26FEB24DALBKN,101.0,-121.0,0.475,0.0,109.0,-251.0,0.38384,3270.0
401810689,2026-02-24,2026,2026-02-25T00:30Z,TOR,OKC,0.0,0.37601,dk,-112.0,-108.0,0.50433,102.0,-122.0,KXNBAGAME-26FEB24OKCTOR,-112.0,-112.0,0.50249,0.0,-103.0,-290.0,0.38308,3270.0
401810690,2026-02-24,2026,2026-02-25T00:30Z,CLE,NYK,1.0,0.69987,dk,-170.0,142.0,0.60376,-155.0,130.0,KXNBAGAME-26FEB24NYKCLE,-168.0,140.0,0.605,0.0,-199.0,-112.0,0.59155,3270.0
401810691,2026-02-24,2026,2026-02-25T01:00Z,CHI,CHO,0.0,0.45568,dk,250.0,-310.0,0.27425,225.0,-278.0,KXNBAGAME-26FEB24CHACHI,266.0,-306.0,0.25758,0.0,109.0,-276.0,0.33488,3300.0
401810692,2026-02-24,2026,2026-02-25T01:00Z,MIL,MIA,1.0,0.31035,dk,180.0,-218.0,0.34252,180.0,-218.0,KXNBAGAME-26FEB24MIAMIL,198.0,-228.0,0.31818,0.0,-112.0,-228.0,0.415,3300.0
401810693,2026-02-24,2026,2026-02-25T01:00Z,NOP,GSW,1.0,0.48712,dk,102.0,-122.0,0.47391,105.0,-125.0,KXNBAGAME-26FEB24GSWNOP,101.0,-121.0,0.475,0.0,105.0,-263.0,0.38806,3300.0
401810694,2026-02-24,2026,2026-02-25T02:00Z,PHO,BOS,0.0,0.30246,dk,180.0,-218.0,0.34252,200.0,-245.0,KXNBAGAME-26FEB24BOSPHX,181.0,-218.0,0.335,0.0,114.0,-228.0,0.36788,3360.0
401810696,2026-02-24,2026,2026-02-25T03:00Z,POR,MIN,0.0,0.30115,dk,195.0,-238.0,0.32497,170.0,-205.0,KXNBAGAME-26FEB24MINPOR,198.0,-228.0,0.31818,0.0,129.0,-183.0,0.36548,3420.0
401810695,2026-02-24,2026,2026-02-25T03:30Z,LAL,ORL,0.0,0.74389,dk,-245.0,200.0,0.68056,-250.0,205.0,KXNBAGAME-26FEB24ORLLAL,-251.0,198.0,0.68812,0.0,-239.0,-107.0,0.595,3270.0
401810697,2026-02-25,2026,2026-02-26T00:30Z,DET,OKC,1.0,0.68973,dk,-440.0,340.0,0.78191,-205.0,170.0,KXNBAGAME-26FEB25OKCDET,-430.0,331.0,0.78713,0.0,-191.0,152.0,0.63736,3270.0
401810698,2026-02-25,2026,2026-02-26T00:30Z,TOR,SAS,0.0,0.33715,dk,180.0,-218.0,0.34252,200.0,-245.0,KXNBAGAME-26FEB25SASTOR,181.0,-218.0,0.335,0.0,173.0,-239.0,0.32418,3270.0
401810699,2026-02-25,2026,2026-02-26T00:30Z,MEM,GSW,0.0,0.56402,dk,150.0,-180.0,0.38356,120.0,-142.0,KXNBAGAME-26FEB25GSWMEM,152.0,-183.0,0.375,0.0,114.0,-137.0,0.45251,3270.0
401810700,2026-02-25,2026,2026-02-26T01:00Z,HOU,SAC,1.0,0.86257,dk,-850.0,575.0,0.85794,-1050.0,675.0,KXNBAGAME-26FEB25SACHOU,-788.0,625.0,0.875,0.0,-489.0,398.0,0.83158,3300.0
401810701,2026-02-25,2026,2026-02-26T01:00Z,MIL,CLE,1.0,0.2929,dk,130.0,-155.0,0.41701,270.0,-340.0,KXNBAGAME-26FEB25CLEMIL,124.0,-154.0,0.42289,0.0,198.0,-290.0,0.28191,3300.0
401810702,2026-02-25,2026,2026-02-26T03:00Z,DEN,BOS,1.0,0.62607,dk,-155.0,130.0,0.58299,-162.0,136.0,KXNBAGAME-26FEB25BOSDEN,-148.0,124.0,0.575,0.0,-183.0,140.0,0.58602,3420.0
401810703,2026-02-26,2026,2026-02-27T00:00Z,IND,CHO,0.0,0.27284,dk,490.0,-675.0,0.1629,500.0,-700.0,KXNBAGAME-26FEB26CHAIND,456.0,-564.0,0.165,0.0,173.0,-340.0,0.34752,3420.0
401810704,2026-02-26,2026,2026-02-27T00:00Z,PHI,MIA,1.0,0.43215,dk,-135.0,114.0,0.55144,-142.0,120.0,KXNBAGAME-26FEB26MIAPHI,-137.0,114.0,0.555,0.0,-121.0,-121.0,0.4963,3420.0
401810705,2026-02-26,2026,2026-02-27T00:30Z,ATL,WAS,1.0,0.75084,dk,-520.0,390.0,0.80429,-650.0,470.0,KXNBAGAME-26FEB26WASATL,-489.0,373.0,0.80693,0.0,-719.0,529.0,0.85567,3270.0
401810706,2026-02-26,2026,2026-02-27T00:30Z,BRK,SAS,0.0,0.24307,dk,425.0,-575.0,0.18274,575.0,-850.0,KXNBAGAME-26FEB26SASBKN,425.0,-564.0,0.17327,0.0,425.0,-660.0,0.155,3270.0
401810707,2026-02-26,2026,2026-02-27T00:30Z,ORL,HOU,0.0,0.54857,dk,120.0,-142.0,0.43651,-105.0,-115.0,KXNBAGAME-26FEB26HOUORL,119.0,-148.0,0.43069,0.0,101.0,-137.0,0.56875,3270.0
401810708,2026-02-26,2026,2026-02-27T01:00Z,CHI,POR,0.0,0.51359,dk,142.0,-170.0,0.39624,136.0,-162.0,KXNBAGAME-26FEB26PORCHI,134.0,-161.0,0.405,0.0,134.0,-175.0,0.33333,3300.0
401810709,2026-02-26,2026,2026-02-27T01:30Z,DAL,SAC,0.0,0.781,dk,-310.0,250.0,0.72575,-238.0,195.0,KXNBAGAME-26FEB26SACDAL,-306.0,252.0,0.735,0.0,-381.0,252.0,0.68939,3330.0
401810710,2026-02-26,2026,2026-02-27T02:00Z,PHO,LAL,1.0,0.3341,dk,180.0,-218.0,0.34252,154.0,-185.0,KXNBAGAME-26FEB26LALPHX,181.0,-218.0,0.335,0.0,119.0,-154.0,0.32948,3360.0
401810711,2026-02-26,2026,2026-02-27T02:00Z,UTA,NOP,0.0,0.38894,dk,195.0,-238.0,0.32497,140.0,-166.0,KXNBAGAME-26FEB26NOPUTA,189.0,-228.0,0.325,0.0,105.0,-126.0,0.36145,3360.0
401810712,2026-02-26,2026,2026-02-27T03:00Z,LAC,MIN,0.0,0.2877,dk,275.0,-345.0,0.25593,136.0,-162.0,KXNBAGAME-26FEB26MINLAC,280.0,-322.0,0.24747,0.0,119.0,-175.0,0.43182,3420.0
401810713,2026-02-27,2026,2026-02-28T00:00Z,DET,CLE,1.0,0.67004,dk,-340.0,270.0,0.74087,-278.0,225.0,KXNBAGAME-26FEB27CLEDET,-322.0,280.0,0.75253,0.0,-154.0,105.0,0.61538,3420.0
401810714,2026-02-27,2026,2026-02-28T00:30Z,BOS,BRK,1.0,0.91503,dk,-1350.0,800.0,0.89338,-1350.0,800.0,KXNBAGAME-26FEB27BKNBOS,-1087.0,841.0,0.905,0.0,-719.0,529.0,0.85641,3270.0
401810715,2026-02-27,2026,2026-02-28T01:00Z,MIL,NYK,0.0,0.27811,dk,240.0,-298.0,0.28203,260.0,-325.0,KXNBAGAME-26FEB27NYKMIL,240.0,-290.0,0.275,0.0,173.0,-239.0,0.30556,3300.0
401810716,2026-02-27,2026,2026-02-28T01:30Z,DAL,MEM,0.0,0.46126,dk,-198.0,164.0,0.6369,-205.0,170.0,KXNBAGAME-26FEB27MEMDAL,-199.0,166.0,0.645,0.0,-175.0,109.0,0.5615,3330.0
401810717,2026-02-27,2026,2026-02-28T02:47Z,OKC,DEN,1.0,0.44251,dk,-250.0,205.0,0.68539,-325.0,260.0,KXNBAGAME-26FEB27DENOKC,-276.0,218.0,0.70792,0.0,-199.0,159.0,0.67797,3407.0
401810718,2026-02-28,2026,2026-02-28T18:00Z,CHO,POR,1.0,0.70904,dk,-270.0,220.0,0.70016,-298.0,240.0,KXNBAGAME-26FEB28PORCHA,-263.0,218.0,0.705,0.0,-525.0,-525.0,0.5,3240.0
401810719,2026-02-28,2026,2026-02-28T20:30Z,MIA,HOU,1.0,0.46774,dk,120.0,-142.0,0.43651,142.0,-170.0,KXNBAGAME-26FEB28HOUMIA,114.0,-142.0,0.43781,0.0,-525.0,-525.0,0.5,3390.0
401810720,2026-02-28,2026,2026-03-01T00:00Z,WAS,TOR,0.0,0.20872,dk,600.0,-900.0,0.13699,575.0,-850.0,KXNBAGAME-26FEB28TORWAS,625.0,-788.0,0.125,0.0,-525.0,-564.0,0.49485,3420.0
401810721,2026-02-28,2026,2026-03-01T01:30Z,GSW,LAL,0.0,0.34158,dk,140.0,-166.0,0.40036,120.0,-142.0,KXNBAGAME-26FEB28LALGSW,140.0,-168.0,0.395,0.0,152.0,-199.0,0.28729,3330.0
401810722,2026-02-28,2026,2026-03-01T02:30Z,UTA,NOP,0.0,0.37974,dk,180.0,-218.0,0.34252,220.0,-270.0,KXNBAGAME-26FEB28NOPUTA,181.0,-218.0,0.335,0.0,159.0,-208.0,0.32911,3390.0
401810723,2026-03-01,2026,2026-03-01T18:00Z,NYK,SAS,1.0,0.57211,dk,-102.0,-118.0,0.48264,102.0,-122.0,KXNBAGAME-26MAR01SASNYK,-103.0,-116.0,0.485,0.0,-525.0,-525.0,0.54028,3420.0
401810724,2026-03-01,2026,2026-03-01T20:30Z,BRK,CLE,0.0,0.17518,dk,440.0,-600.0,0.17766,410.0,-550.0,KXNBAGAME-26MAR01CLEBKN,456.0,-564.0,0.165,0.0,574.0,-660.0,0.21094,3390.0
401810725,2026-03-01,2026,2026-03-01T20:30Z,CHI,MIL,1.0,0.53974,dk,114.0,-135.0,0.44856,136.0,-162.0,KXNBAGAME-26MAR01MILCHI,114.0,-137.0,0.445,0.0,152.0,-218.0,0.39098,3390.0
401810726,2026-03-01,2026,2026-03-01T20:30Z,DEN,MIN,0.0,0.51926,dk,-142.0,120.0,0.56349,-120.0,100.0,KXNBAGAME-26MAR01MINDEN,-148.0,119.0,0.56931,0.0,-137.0,101.0,0.5303,3390.0
401810727,2026-03-01,2026,2026-03-01T22:00Z,IND,MEM,0.0,0.45958,dk,-108.0,-112.0,0.49567,-115.0,-105.0,KXNBAGAME-26MAR01MEMIND,-107.0,-112.0,0.495,0.0,-103.0,-121.0,0.47727,3300.0
401810728,2026-03-01,2026,2026-03-01T23:00Z,ATL,POR,1.0,0.69284,dk,-230.0,190.0,0.66901,-225.0,185.0,KXNBAGAME-26MAR01PORATL,-228.0,189.0,0.675,0.0,-199.0,159.0,0.60448,3360.0
401810730,2026-03-01,2026,2026-03-01T23:00Z,ORL,DET,0.0,0.34864,dk,170.0,-205.0,0.35527,195.0,-238.0,KXNBAGAME-26MAR01DETORL,173.0,-218.0,0.33831,0.0,173.0,-183.0,0.38129,3360.0
401810729,2026-03-01,2026,2026-03-02T01:00Z,BOS,PHI,1.0,0.75174,dk,-345.0,275.0,0.74407,-325.0,260.0,KXNBAGAME-26MAR01PHIBOS,-340.0,266.0,0.75124,0.0,-228.0,173.0,0.66176,3300.0
401810731,2026-03-01,2026,2026-03-02T01:00Z,DAL,OKC,0.0,0.11346,dk,750.0,-1200.0,0.11304,750.0,-1200.0,KXNBAGAME-26MAR01OKCDAL,841.0,-1087.0,0.095,0.0,296.0,-458.0,0.21538,3300.0
401810732,2026-03-01,2026,2026-03-02T02:00Z,LAC,NOP,1.0,0.69133,dk,-340.0,270.0,0.74087,-250.0,205.0,KXNBAGAME-26MAR01NOPLAC,-322.0,266.0,0.745,0.0,-263.0,152.0,0.72487,3360.0
401810733,2026-03-01,2026,2026-03-02T02:30Z,LAL,SAC,1.0,0.86151,dk,-750.0,525.0,0.8465,-750.0,525.0,KXNBAGAME-26MAR01SACLAL,-719.0,529.0,0.85644,0.0,-458.0,331.0,0.81313,3390.0
401810734,2026-03-02,2026,2026-03-03T00:00Z,WAS,HOU,0.0,0.14493,dk,650.0,-1000.0,0.12791,800.0,-1350.0,KXNBAGAME-26MAR02HOUWAS,756.0,-967.0,0.105,0.0,425.0,-660.0,0.15347,3420.0
401810735,2026-03-02,2026,2026-03-03T00:30Z,MIL,BOS,0.0,0.31674,dk,114.0,-135.0,0.44856,230.0,-285.0,KXNBAGAME-26MAR02BOSMIL,119.0,-142.0,0.435,0.0,280.0,-290.0,0.25789,3270.0
401810736,2026-03-02,2026,2026-03-03T02:00Z,UTA,DEN,0.0,0.23038,dk,425.0,-575.0,0.18274,455.0,-625.0,KXNBAGAME-26MAR02DENUTA,456.0,-564.0,0.165,0.0,280.0,-489.0,0.20207,3360.0
401810737,2026-03-02,2026,2026-03-03T03:00Z,GSW,LAC,0.0,0.58913,dk,-108.0,-112.0,0.49567,-105.0,-115.0,KXNBAGAME-26MAR02LACGSW,-107.0,-112.0,0.495,0.0,-168.0,129.0,0.59162,3420.0
401810738,2026-03-03,2026,2026-03-04T00:00Z,CHO,DAL,1.0,0.77838,dk,-675.0,490.0,0.8371,-575.0,425.0,KXNBAGAME-26MAR03DALCHA,-660.0,529.0,0.855,0.0,-525.0,266.0,0.65306,3420.0
401810739,2026-03-03,2026,2026-03-04T00:00Z,CLE,DET,1.0,0.5726,dk,120.0,-142.0,0.43651,100.0,-120.0,KXNBAGAME-26MAR03DETCLE,124.0,-148.0,0.425,0.0,101.0,-121.0,0.48031,3420.0
401810740,2026-03-03,2026,2026-03-04T00:00Z,ORL,WAS,1.0,0.84757,dk,-1350.0,800.0,0.89338,-1200.0,750.0,KXNBAGAME-26MAR03WASORL,-1087.0,841.0,0.905,0.0,-719.0,490.0,0.855,3420.0
401810741,2026-03-03,2026,2026-03-04T00:30Z,MIA,BRK,1.0,0.83077,dk,-675.0,490.0,0.8371,-900.0,600.0,KXNBAGAME-26MAR03BKNMIA,-609.0,529.0,0.85354,0.0,-458.0,351.0,0.78756,3270.0
401810742,2026-03-03,2026,2026-03-04T00:30Z,TOR,NYK,0.0,0.43225,dk,124.0,-148.0,0.42794,102.0,-122.0,KXNBAGAME-26MAR03NYKTOR,119.0,-142.0,0.435,0.0,119.0,-148.0,0.40884,3270.0
401810743,2026-03-03,2026,2026-03-04T01:00Z,PHI,SAS,0.0,0.35776,dk,245.0,-305.0,0.27792,185.0,-225.0,KXNBAGAME-26MAR03SASPHI,252.0,-322.0,0.26238,0.0,240.0,-290.0,0.27638,3300.0
401810744,2026-03-03,2026,2026-03-04T01:00Z,CHI,OKC,0.0,0.22071,dk,300.0,-380.0,0.24,410.0,-550.0,KXNBAGAME-26MAR03OKCCHI,313.0,-381.0,0.225,0.0,425.0,-489.0,0.17949,3300.0
401810745,2026-03-03,2026,2026-03-04T01:00Z,MIN,MEM,1.0,0.82067,dk,-800.0,550.0,0.85246,-850.0,575.0,KXNBAGAME-26MAR03MEMMIN,-719.0,574.0,0.865,0.0,-458.0,331.0,0.77005,3300.0
401810746,2026-03-03,2026,2026-03-04T03:30Z,LAL,NOP,1.0,0.81667,dk,-325.0,260.0,0.73354,-455.0,350.0,KXNBAGAME-26MAR03NOPLAL,-322.0,280.0,0.75253,0.0,-430.0,313.0,0.72093,3270.0
401810747,2026-03-03,2026,2026-03-04T04:00Z,SAC,PHO,0.0,0.34456,dk,285.0,-360.0,0.24919,360.0,-470.0,KXNBAGAME-26MAR03PHXSAC,313.0,-381.0,0.225,0.0,252.0,-430.0,0.30075,3300.0
401810748,2026-03-04,2026,2026-03-05T00:00Z,NYK,OKC,0.0,0.58606,dk,150.0,-180.0,0.38356,140.0,-166.0,KXNBAGAME-26MAR04OKCNYK,140.0,-168.0,0.395,0.0,124.0,-142.0,0.33929,3420.0
401810749,2026-03-04,2026,2026-03-05T00:30Z,BOS,CHO,0.0,0.76022,dk,-250.0,205.0,0.68539,-218.0,180.0,KXNBAGAME-26MAR04CHABOS,-251.0,208.0,0.695,0.0,-263.0,240.0,0.66429,3270.0
401810750,2026-03-04,2026,2026-03-05T00:30Z,PHI,UTA,1.0,0.66733,dk,-325.0,260.0,0.73354,-425.0,330.0,KXNBAGAME-26MAR04UTAPHI,-306.0,252.0,0.735,0.0,-489.0,351.0,0.74265,3270.0
401810751,2026-03-04,2026,2026-03-05T01:00Z,MEM,POR,0.0,0.42917,dk,310.0,-395.0,0.2341,220.0,-270.0,KXNBAGAME-26MAR04PORMEM,296.0,-360.0,0.235,0.0,159.0,-191.0,0.31548,3300.0
401810752,2026-03-04,2026,2026-03-05T02:30Z,MIL,ATL,0.0,0.5587,dk,-115.0,-105.0,0.51083,-110.0,-110.0,KXNBAGAME-26MAR04ATLMIL,-107.0,-112.0,0.495,0.0,-121.0,-107.0,0.50758,3390.0
401810753,2026-03-04,2026,2026-03-05T03:30Z,LAC,IND,1.0,0.76221,dk,-650.0,470.0,0.83165,-700.0,500.0,KXNBAGAME-26MAR04INDLAC,-609.0,456.0,0.83663,0.0,-564.0,280.0,0.71852,3270.0
401810754,2026-03-05,2026,2026-03-06T00:00Z,ORL,DAL,1.0,0.69838,dk,-325.0,260.0,0.73354,-355.0,280.0,KXNBAGAME-26MAR05DALORL,-340.0,266.0,0.74627,0.0,-564.0,-458.0,0.51042,3420.0
401810755,2026-03-05,2026,2026-03-06T00:00Z,WAS,UTA,0.0,0.61883,dk,-166.0,140.0,0.59964,-142.0,120.0,KXNBAGAME-26MAR05UTAWAS,-175.0,146.0,0.615,0.0,-525.0,-458.0,0.50521,3420.0
401810756,2026-03-05,2026,2026-03-06T00:30Z,MIA,BRK,1.0,0.84331,dk,-800.0,550.0,0.85246,-800.0,550.0,KXNBAGAME-26MAR05BKNMIA,-719.0,574.0,0.865,0.0,-525.0,425.0,0.8306,3270.0
401810757,2026-03-05,2026,2026-03-06T00:30Z,HOU,GSW,0.0,0.7537,dk,-395.0,310.0,0.7659,-325.0,260.0,KXNBAGAME-26MAR05GSWHOU,-430.0,331.0,0.78713,0.0,-322.0,296.0,0.70543,3270.0
401810758,2026-03-05,2026,2026-03-06T01:00Z,MIN,TOR,1.0,0.72842,dk,-218.0,180.0,0.65748,-238.0,195.0,KXNBAGAME-26MAR05TORMIN,-208.0,173.0,0.655,0.0,-218.0,166.0,0.61832,3300.0
401810759,2026-03-05,2026,2026-03-06T01:00Z,SAS,DET,1.0,0.50772,dk,-148.0,124.0,0.57206,-148.0,124.0,KXNBAGAME-26MAR05DETSAS,-148.0,124.0,0.575,0.0,-161.0,124.0,0.56489,3300.0
401810760,2026-03-05,2026,2026-03-06T02:00Z,PHO,CHI,0.0,0.68019,dk,-600.0,440.0,0.82234,-470.0,360.0,KXNBAGAME-26MAR05CHIPHX,-564.0,456.0,0.835,0.0,-322.0,266.0,0.68421,3360.0
401810761,2026-03-05,2026,2026-03-06T03:00Z,DEN,LAL,1.0,0.48332,dk,-170.0,142.0,0.60376,-180.0,150.0,KXNBAGAME-26MAR05LALDEN,-168.0,140.0,0.605,0.0,-168.0,119.0,0.56391,3420.0
401810762,2026-03-05,2026,2026-03-06T03:00Z,SAC,NOP,0.0,0.35095,dk,215.0,-265.0,0.30423,150.0,-180.0,KXNBAGAME-26MAR05NOPSAC,208.0,-251.0,0.305,0.0,198.0,-263.0,0.34586,3420.0
401810763,2026-03-06,2026,2026-03-07T00:00Z,BOS,DAL,1.0,0.89429,dk,-1200.0,750.0,0.88696,-1050.0,675.0,KXNBAGAME-26MAR06DALBOS,-967.0,756.0,0.895,0.0,-869.0,625.0,0.87624,3420.0
401810764,2026-03-06,2026,2026-03-07T00:00Z,CHO,MIA,0.0,0.60151,dk,-298.0,240.0,0.71797,-245.0,200.0,KXNBAGAME-26MAR06MIACHA,-276.0,229.0,0.715,0.0,-199.0,152.0,0.64103,3420.0
401810765,2026-03-06,2026,2026-03-07T01:00Z,HOU,POR,1.0,0.73899,dk,-265.0,215.0,0.69577,-278.0,225.0,KXNBAGAME-26MAR06PORHOU,-276.0,218.0,0.70792,0.0,-306.0,240.0,0.66667,3300.0
401810766,2026-03-06,2026,2026-03-07T02:00Z,DEN,NYK,0.0,0.50322,dk,-115.0,-105.0,0.51083,-110.0,-110.0,KXNBAGAME-26MAR06NYKDEN,-121.0,-103.0,0.5198,0.0,-121.0,101.0,0.41615,3360.0
401810767,2026-03-06,2026,2026-03-07T02:00Z,PHO,NOP,1.0,0.56319,dk,-175.0,145.0,0.60924,-225.0,185.0,KXNBAGAME-26MAR06NOPPHX,-183.0,146.0,0.61881,0.0,-340.0,296.0,0.69697,3360.0
401810768,2026-03-06,2026,2026-03-07T02:30Z,SAS,LAC,1.0,0.6257,dk,-278.0,225.0,0.70503,-310.0,250.0,KXNBAGAME-26MAR06LACSAS,-290.0,240.0,0.725,0.0,-290.0,229.0,0.64493,3390.0
401810769,2026-03-06,2026,2026-03-07T03:30Z,LAL,IND,1.0,0.75521,dk,-410.0,320.0,0.77151,-485.0,370.0,KXNBAGAME-26MAR06INDLAL,-404.0,351.0,0.79293,0.0,-564.0,425.0,0.75969,3270.0
401810770,2026-03-07,2026,2026-03-07T20:00Z,MIN,ORL,0.0,0.78229,dk,-265.0,215.0,0.69577,-298.0,240.0,KXNBAGAME-26MAR07ORLMIN,-263.0,208.0,0.69802,0.0,-251.0,218.0,0.72,3360.0
401810771,2026-03-07,2026,2026-03-07T23:00Z,DET,BRK,0.0,0.87629,dk,-800.0,550.0,0.85246,-750.0,525.0,KXNBAGAME-26MAR07BKNDET,-719.0,529.0,0.85644,0.0,-1087.0,685.0,0.88614,3360.0
401810772,2026-03-07,2026,2026-03-07T23:00Z,ATL,PHI,1.0,0.66371,dk,-278.0,225.0,0.70503,-185.0,154.0,KXNBAGAME-26MAR07PHIATL,-276.0,218.0,0.70792,0.0,-175.0,119.0,0.66857,3360.0
401810773,2026-03-07,2026,2026-03-08T01:00Z,MEM,LAC,0.0,0.50718,dk,245.0,-305.0,0.27792,225.0,-278.0,KXNBAGAME-26MAR07LACMEM,240.0,-306.0,0.27228,0.0,351.0,-381.0,0.28467,3300.0
401810774,2026-03-07,2026,2026-03-08T01:00Z,MIL,UTA,1.0,0.74539,dk,-440.0,340.0,0.78191,-485.0,370.0,KXNBAGAME-26MAR07UTAMIL,-430.0,351.0,0.795,0.0,-340.0,266.0,0.64583,3300.0
401810775,2026-03-07,2026,2026-03-08T01:30Z,OKC,GSW,1.0,0.85991,dk,-625.0,455.0,0.82712,-800.0,550.0,KXNBAGAME-26MAR07GSWOKC,-564.0,425.0,0.82673,0.0,-525.0,425.0,0.81437,3330.0
401810776,2026-03-08,2026,2026-03-08T17:00Z,CLE,BOS,0.0,0.51785,dk,-120.0,100.0,0.52174,-110.0,-110.0,KXNBAGAME-26MAR08BOSCLE,-121.0,101.0,0.525,0.0,-121.0,-107.0,0.51741,3360.0
401810777,2026-03-08,2026,2026-03-08T19:30Z,LAL,NYK,1.0,0.46153,dk,164.0,-198.0,0.3631,140.0,-166.0,KXNBAGAME-26MAR08NYKLAL,159.0,-199.0,0.36139,0.0,109.0,-154.0,0.36757,3330.0
401810778,2026-03-08,2026,2026-03-08T22:00Z,MIA,DET,1.0,0.60642,dk,-105.0,-115.0,0.48917,105.0,-125.0,KXNBAGAME-26MAR08DETMIA,-107.0,-116.0,0.4901,0.0,-660.0,-660.0,0.49749,3300.0
401810779,2026-03-08,2026,2026-03-08T22:00Z,TOR,DAL,1.0,0.79836,dk,-395.0,310.0,0.7659,-410.0,320.0,KXNBAGAME-26MAR08DALTOR,-404.0,331.0,0.785,0.0,-660.0,-660.0,0.50251,3300.0
401810780,2026-03-08,2026,2026-03-08T23:00Z,NOP,WAS,1.0,0.73811,dk,-535.0,400.0,0.80816,-360.0,285.0,KXNBAGAME-26MAR08WASNOP,-489.0,425.0,0.82323,0.0,-660.0,-660.0,0.50251,3360.0
401810781,2026-03-08,2026,2026-03-09T00:00Z,MIL,ORL,0.0,0.46313,dk,185.0,-225.0,0.33635,-102.0,-118.0,KXNBAGAME-26MAR08ORLMIL,166.0,-208.0,0.35149,0.0,-660.0,-660.0,0.5,3420.0
401810782,2026-03-08,2026,2026-03-09T00:00Z,SAS,HOU,1.0,0.56292,dk,-230.0,190.0,0.66901,-180.0,150.0,KXNBAGAME-26MAR08HOUSAS,-228.0,181.0,0.66667,0.0,-660.0,-660.0,0.50251,3420.0
401810784,2026-03-08,2026,2026-03-09T01:00Z,POR,IND,1.0,0.67051,dk,-410.0,320.0,0.77151,-310.0,250.0,KXNBAGAME-26MAR08INDPOR,-404.0,331.0,0.785,0.0,-360.0,229.0,0.72131,3300.0
401810785,2026-03-08,2026,2026-03-09T01:00Z,SAC,CHI,1.0,0.40281,dk,170.0,-205.0,0.35527,142.0,-170.0,KXNBAGAME-26MAR08CHISAC,159.0,-191.0,0.365,0.0,101.0,-131.0,0.42077,3300.0
401810783,2026-03-08,2026,2026-03-09T02:00Z,PHO,CHO,1.0,0.3619,dk,170.0,-205.0,0.35527,136.0,-162.0,KXNBAGAME-26MAR08CHAPHX,166.0,-199.0,0.355,0.0,124.0,-148.0,0.40782,3360.0
401810786,2026-03-09,2026,2026-03-09T23:00Z,CLE,PHI,1.0,0.81221,dk,-850.0,575.0,0.85794,-485.0,370.0,KXNBAGAME-26MAR09PHICLE,-719.0,625.0,0.87374,0.0,-660.0,-660.0,0.5,3360.0
401810787,2026-03-09,2026,2026-03-09T23:30Z,BRK,MEM,1.0,0.41033,dk,-122.0,102.0,0.52609,-108.0,-112.0,KXNBAGAME-26MAR09MEMBKN,-121.0,-103.0,0.5198,0.0,-660.0,-660.0,0.5,3390.0
401810788,2026-03-09,2026,2026-03-09T23:30Z,OKC,DEN,1.0,0.57917,dk,-155.0,130.0,0.58299,-298.0,240.0,KXNBAGAME-26MAR09DENOKC,-154.0,134.0,0.59091,0.0,-660.0,-660.0,0.5,3390.0
401810789,2026-03-09,2026,2026-03-10T01:00Z,UTA,GSW,1.0,0.39001,dk,215.0,-265.0,0.30423,170.0,-205.0,KXNBAGAME-26MAR09GSWUTA,218.0,-263.0,0.295,0.0,-525.0,-564.0,0.4949,3300.0
401810790,2026-03-09,2026,2026-03-10T02:00Z,LAC,NYK,1.0,0.49869,dk,110.0,-130.0,0.45726,105.0,-125.0,KXNBAGAME-26MAR09NYKLAC,105.0,-126.0,0.465,0.0,-525.0,-458.0,0.49239,3360.0
401810791,2026-03-10,2026,2026-03-10T23:00Z,PHI,MEM,1.0,0.57282,dk,-192.0,160.0,0.63094,-218.0,180.0,KXNBAGAME-26MAR10MEMPHI,-183.0,152.0,0.625,0.0,-381.0,280.0,0.70543,3420.0
401810792,2026-03-10,2026,2026-03-10T23:30Z,BRK,DET,0.0,0.13483,dk,700.0,-1100.0,0.12,650.0,-1000.0,KXNBAGAME-26MAR10DETBKN,841.0,-1087.0,0.095,0.0,398.0,-564.0,0.16327,3270.0
401810793,2026-03-10,2026,2026-03-10T23:30Z,MIA,WAS,1.0,0.85284,dk,-1200.0,750.0,0.88696,-1200.0,750.0,KXNBAGAME-26MAR10WASMIA,-1087.0,841.0,0.905,0.0,-660.0,425.0,0.76154,3270.0
401810794,2026-03-10,2026,2026-03-10T23:30Z,ATL,DAL,1.0,0.73285,dk,-425.0,330.0,0.77683,-360.0,285.0,KXNBAGAME-26MAR10DALATL,-404.0,331.0,0.785,0.0,-340.0,266.0,0.76705,3270.0
401810795,2026-03-10,2026,2026-03-11T00:00Z,HOU,TOR,1.0,0.67134,dk,-192.0,160.0,0.63094,-218.0,180.0,KXNBAGAME-26MAR10TORHOU,-191.0,159.0,0.635,0.0,-263.0,181.0,0.6776,3300.0
401810796,2026-03-10,2026,2026-03-11T00:00Z,MIL,PHO,0.0,0.41371,dk,110.0,-130.0,0.45726,110.0,-130.0,KXNBAGAME-26MAR10PHXMIL,109.0,-131.0,0.455,0.0,105.0,-154.0,0.44565,3300.0
401810797,2026-03-10,2026,2026-03-11T00:00Z,SAS,BOS,1.0,0.53664,dk,-162.0,136.0,0.59337,-135.0,114.0,KXNBAGAME-26MAR10BOSSAS,-154.0,129.0,0.585,0.0,-154.0,114.0,0.54891,3300.0
401810798,2026-03-10,2026,2026-03-11T02:00Z,GSW,CHI,0.0,0.46795,dk,-238.0,195.0,0.67503,-205.0,170.0,KXNBAGAME-26MAR10CHIGSW,-218.0,181.0,0.665,0.0,-239.0,166.0,0.68508,3420.0
401810799,2026-03-10,2026,2026-03-11T02:00Z,POR,CHO,0.0,0.44859,dk,130.0,-155.0,0.41701,130.0,-155.0,KXNBAGAME-26MAR10CHAPOR,124.0,-148.0,0.425,0.0,159.0,-199.0,0.30723,3420.0
401810800,2026-03-10,2026,2026-03-11T02:00Z,SAC,IND,1.0,0.4354,dk,-162.0,136.0,0.59337,-162.0,136.0,KXNBAGAME-26MAR10INDSAC,-161.0,129.0,0.58911,0.0,-107.0,-137.0,0.44505,3420.0
401810801,2026-03-10,2026,2026-03-11T03:00Z,LAL,MIN,1.0,0.43014,dk,120.0,-142.0,0.43651,100.0,-120.0,KXNBAGAME-26MAR10MINLAL,119.0,-142.0,0.435,0.0,114.0,-137.0,0.54248,3300.0
401810802,2026-03-11,2026,2026-03-11T23:30Z,ORL,CLE,1.0,0.32508,dk,130.0,-155.0,0.41701,114.0,-135.0,KXNBAGAME-26MAR11CLEORL,134.0,-161.0,0.405,0.0,159.0,-208.0,0.38931,3270.0
401810803,2026-03-11,2026,2026-03-12T00:00Z,NOP,TOR,1.0,0.55133,dk,120.0,-142.0,0.43651,105.0,-125.0,KXNBAGAME-26MAR11TORNOP,114.0,-142.0,0.44059,0.0,101.0,-126.0,0.4697,3300.0
401810804,2026-03-11,2026,2026-03-12T01:00Z,UTA,NYK,0.0,0.18992,dk,650.0,-1000.0,0.12791,500.0,-700.0,KXNBAGAME-26MAR11NYKUTA,685.0,-869.0,0.115,0.0,490.0,-719.0,0.22308,3360.0
401810805,2026-03-11,2026,2026-03-12T02:00Z,DEN,HOU,1.0,0.6941,dk,-265.0,215.0,0.69577,-218.0,180.0,KXNBAGAME-26MAR11HOUDEN,-251.0,208.0,0.695,0.0,-161.0,119.0,0.56061,3420.0
401810806,2026-03-11,2026,2026-03-12T02:00Z,SAC,CHO,0.0,0.22411,dk,650.0,-1000.0,0.12791,500.0,-700.0,KXNBAGAME-26MAR11CHASAC,685.0,-869.0,0.115,0.0,574.0,-719.0,0.135,660.0
401810807,2026-03-11,2026,2026-03-12T02:30Z,LAC,MIN,1.0,0.50105,dk,-115.0,-105.0,0.51083,-115.0,-105.0,KXNBAGAME-26MAR11MINLAC,-131.0,105.0,0.5396,0.0,-126.0,-121.0,0.39535,3270.0
401810808,2026-03-12,2026,2026-03-12T23:00Z,DET,PHI,1.0,0.81187,dk,-1050.0,675.0,0.87618,-1050.0,675.0,KXNBAGAME-26MAR12PHIDET,-967.0,756.0,0.895,0.0,-660.0,181.0,0.7844,3420.0
401810809,2026-03-12,2026,2026-03-12T23:00Z,IND,PHO,0.0,0.31736,dk,320.0,-410.0,0.22849,280.0,-355.0,KXNBAGAME-26MAR12PHXIND,351.0,-430.0,0.205,0.0,189.0,-263.0,0.31373,3420.0
401810810,2026-03-12,2026,2026-03-12T23:00Z,ORL,WAS,1.0,0.79031,dk,-950.0,625.0,0.86772,-1000.0,650.0,KXNBAGAME-26MAR12WASORL,-967.0,756.0,0.89447,0.0,-660.0,456.0,0.85075,3420.0
401810811,2026-03-12,2026,2026-03-12T23:30Z,ATL,BRK,1.0,0.81861,dk,-1200.0,750.0,0.88696,-800.0,550.0,KXNBAGAME-26MAR12BKNATL,-1236.0,945.0,0.915,0.0,-660.0,105.0,0.73246,3270.0
401810812,2026-03-12,2026,2026-03-12T23:30Z,MIA,MIL,1.0,0.62003,dk,-218.0,180.0,0.65748,-230.0,190.0,KXNBAGAME-26MAR12MILMIA,-228.0,189.0,0.67839,0.0,-609.0,-609.0,0.5,3270.0
401810966,2026-03-12,2026,2026-03-13T00:00Z,MEM,DAL,0.0,0.52266,dk,180.0,-218.0,0.34252,145.0,-175.0,KXNBAGAME-26MAR12DALMEM,173.0,-208.0,0.345,0.0,-148.0,-525.0,0.35961,3300.0
401810813,2026-03-12,2026,2026-03-13T01:00Z,SAS,DEN,0.0,0.58865,dk,-155.0,130.0,0.58299,-185.0,154.0,KXNBAGAME-26MAR12DENSAS,-148.0,119.0,0.57214,0.0,-489.0,134.0,0.68539,3360.0
401810814,2026-03-12,2026,2026-03-13T01:30Z,OKC,BOS,1.0,0.64982,dk,-345.0,275.0,0.74407,-238.0,195.0,KXNBAGAME-26MAR12BOSOKC,-340.0,266.0,0.74752,0.0,-660.0,-660.0,0.58228,3390.0
401810815,2026-03-12,2026,2026-03-13T02:30Z,LAL,CHI,1.0,0.79494,dk,-575.0,425.0,0.81726,-500.0,380.0,KXNBAGAME-26MAR12CHILAL,-564.0,425.0,0.82673,0.0,-660.0,-609.0,0.50254,3270.0
401810816,2026-03-13,2026,2026-03-13T23:30Z,DET,MEM,1.0,0.8403,dk,-1600.0,900.0,0.90395,-1200.0,750.0,KXNBAGAME-26MAR13MEMDET,-1236.0,945.0,0.915,0.0,-489.0,351.0,0.73643,3270.0
401810817,2026-03-13,2026,2026-03-13T23:30Z,IND,NYK,0.0,0.20593,dk,490.0,-675.0,0.1629,525.0,-750.0,KXNBAGAME-26MAR13NYKIND,529.0,-660.0,0.145,0.0,574.0,-719.0,0.2126,3270.0
401810818,2026-03-13,2026,2026-03-13T23:30Z,TOR,PHO,1.0,0.7432,dk,-205.0,170.0,0.64473,-162.0,136.0,KXNBAGAME-26MAR13PHXTOR,-199.0,166.0,0.645,0.0,-228.0,159.0,0.61832,3270.0
401810820,2026-03-13,2026,2026-03-13T23:30Z,DAL,CLE,0.0,0.13874,dk,500.0,-700.0,0.16,455.0,-625.0,KXNBAGAME-26MAR13CLEDAL,529.0,-660.0,0.145,0.0,373.0,-564.0,0.25385,3270.0
401810819,2026-03-13,2026,2026-03-14T00:00Z,HOU,NOP,1.0,0.73331,dk,-225.0,185.0,0.66365,-258.0,210.0,KXNBAGAME-26MAR13NOPHOU,-239.0,198.0,0.685,0.0,-458.0,331.0,0.72868,3300.0
401810821,2026-03-13,2026,2026-03-14T02:00Z,GSW,MIN,0.0,0.31453,dk,170.0,-205.0,0.35527,195.0,-238.0,KXNBAGAME-26MAR13MINGSW,166.0,-199.0,0.355,0.0,152.0,-228.0,0.28022,3420.0
401810822,2026-03-13,2026,2026-03-14T02:00Z,POR,UTA,1.0,0.79752,dk,-1200.0,750.0,0.88696,-750.0,525.0,KXNBAGAME-26MAR13UTAPOR,-1087.0,756.0,0.89552,0.0,-489.0,351.0,0.71429,3420.0
401810823,2026-03-13,2026,2026-03-14T02:30Z,LAC,CHI,1.0,0.7686,dk,-850.0,575.0,0.85794,-485.0,370.0,KXNBAGAME-26MAR13CHILAC,-719.0,574.0,0.865,0.0,-489.0,351.0,0.70896,3270.0
401810824,2026-03-14,2026,2026-03-14T17:00Z,PHI,BRK,1.0,0.74072,dk,-380.0,300.0,0.76,-410.0,320.0,KXNBAGAME-26MAR14BKNPHI,-381.0,313.0,0.775,0.0,-660.0,-719.0,0.49749,3300.0
401810825,2026-03-14,2026,2026-03-14T19:00Z,ATL,MIL,1.0,0.56694,dk,-500.0,380.0,0.8,-278.0,225.0,KXNBAGAME-26MAR14MILATL,-489.0,398.0,0.815,0.0,-719.0,-719.0,0.5,3360.0
401810828,2026-03-14,2026,2026-03-14T19:30Z,SAS,CHO,1.0,0.65942,dk,-245.0,200.0,0.68056,-205.0,170.0,KXNBAGAME-26MAR14CHASAS,-251.0,198.0,0.68812,0.0,-430.0,-719.0,0.465,3390.0
401810826,2026-03-14,2026,2026-03-14T22:00Z,BOS,WAS,1.0,0.86924,dk,-2400.0,1200.0,0.92582,-2100.0,1100.0,KXNBAGAME-26MAR14WASBOS,-2580.0,1775.0,0.955,0.0,-1087.0,685.0,0.88614,3360.0
401810827,2026-03-14,2026,2026-03-15T00:00Z,MIA,ORL,0.0,0.63075,dk,-185.0,154.0,0.62247,-142.0,120.0,KXNBAGAME-26MAR14ORLMIA,-183.0,152.0,0.625,0.0,-142.0,101.0,0.53435,3300.0
401810829,2026-03-14,2026,2026-03-15T00:30Z,LAL,DEN,1.0,0.55697,dk,102.0,-122.0,0.47391,102.0,-122.0,KXNBAGAME-26MAR14DENLAL,105.0,-131.0,0.4604,0.0,-107.0,-121.0,0.48837,3330.0
401810830,2026-03-14,2026,2026-03-15T02:30Z,LAC,SAC,0.0,0.75717,dk,-950.0,625.0,0.86772,-750.0,525.0,KXNBAGAME-26MAR14SACLAC,-869.0,685.0,0.885,0.0,-525.0,398.0,0.80606,3270.0
401810831,2026-03-15,2026,2026-03-15T17:00Z,OKC,MIN,1.0,0.71434,dk,-380.0,300.0,0.76,-340.0,270.0,KXNBAGAME-26MAR15MINOKC,-381.0,296.0,0.76733,0.0,-306.0,240.0,0.69143,3420.0
401810832,2026-03-15,2026,2026-03-15T19:30Z,CLE,DAL,0.0,0.90218,dk,-1200.0,750.0,0.88696,-1450.0,850.0,KXNBAGAME-26MAR15DALCLE,-967.0,756.0,0.895,0.0,-719.0,-719.0,0.5,3390.0
401810833,2026-03-15,2026,2026-03-15T19:30Z,TOR,DET,1.0,0.47873,dk,130.0,-155.0,0.41701,145.0,-175.0,KXNBAGAME-26MAR15DETTOR,129.0,-154.0,0.415,0.0,-719.0,-719.0,0.5,3390.0
401810834,2026-03-15,2026,2026-03-15T19:30Z,MIL,IND,1.0,0.55576,dk,-298.0,240.0,0.71797,-258.0,210.0,KXNBAGAME-26MAR15INDMIL,-306.0,252.0,0.735,0.0,-719.0,-719.0,0.5,3390.0
401810835,2026-03-15,2026,2026-03-15T22:00Z,PHI,POR,1.0,0.34193,dk,270.0,-340.0,0.25913,205.0,-250.0,KXNBAGAME-26MAR15PORPHI,266.0,-340.0,0.25248,0.0,119.0,-168.0,0.43511,3360.0
401810836,2026-03-15,2026,2026-03-16T00:00Z,NYK,GSW,1.0,0.77343,dk,-950.0,625.0,0.86772,-675.0,490.0,KXNBAGAME-26MAR15GSWNYK,-788.0,625.0,0.875,0.0,-430.0,166.0,0.72472,3300.0
401810837,2026-03-15,2026,2026-03-16T02:00Z,SAC,UTA,1.0,0.52033,dk,-162.0,136.0,0.59337,-142.0,120.0,KXNBAGAME-26MAR15UTASAC,-161.0,134.0,0.595,0.0,124.0,-161.0,0.34337,3420.0
401810838,2026-03-16,2026,2026-03-16T23:00Z,ATL,ORL,1.0,0.62231,dk,-155.0,130.0,0.58299,-110.0,-110.0,KXNBAGAME-26MAR16ORLATL,-161.0,129.0,0.58911,0.0,-719.0,-112.0,0.57563,3420.0
401810839,2026-03-16,2026,2026-03-16T23:00Z,WAS,GSW,0.0,0.449,dk,250.0,-310.0,0.27425,240.0,-298.0,KXNBAGAME-26MAR16GSWWAS,252.0,-322.0,0.26368,0.0,-660.0,-381.0,0.51515,3420.0
401810840,2026-03-16,2026,2026-03-16T23:30Z,BRK,POR,0.0,0.30994,dk,390.0,-520.0,0.19571,400.0,-535.0,KXNBAGAME-26MAR16PORBKN,398.0,-489.0,0.185,0.0,-116.0,-609.0,0.50505,3270.0
401810841,2026-03-16,2026,2026-03-16T23:30Z,BOS,PHO,1.0,0.78209,dk,-375.0,295.0,0.75719,-395.0,310.0,KXNBAGAME-26MAR16PHXBOS,-381.0,313.0,0.775,0.0,-306.0,218.0,0.59864,3270.0
401810842,2026-03-16,2026,2026-03-17T00:00Z,CHI,MEM,1.0,0.57807,dk,-278.0,225.0,0.70503,-192.0,160.0,KXNBAGAME-26MAR16MEMCHI,-276.0,229.0,0.715,0.0,-322.0,-112.0,0.4709,3300.0
401810843,2026-03-16,2026,2026-03-17T00:00Z,NOP,DAL,1.0,0.77558,dk,-340.0,270.0,0.74087,-298.0,240.0,KXNBAGAME-26MAR16DALNOP,-322.0,266.0,0.745,0.0,-525.0,-660.0,0.59677,3300.0
401810844,2026-03-16,2026,2026-03-17T01:30Z,HOU,LAL,0.0,0.42071,dk,-102.0,-118.0,0.48264,-115.0,-105.0,KXNBAGAME-26MAR16LALHOU,-103.0,-116.0,0.485,0.0,-116.0,114.0,0.54301,3390.0
401810845,2026-03-16,2026,2026-03-17T02:00Z,LAC,SAS,0.0,0.43308,dk,270.0,-340.0,0.25913,210.0,-258.0,KXNBAGAME-26MAR16SASLAC,280.0,-340.0,0.245,0.0,119.0,-168.0,0.34731,3420.0
401810846,2026-03-17,2026,2026-03-17T23:00Z,CHO,MIA,1.0,0.53406,dk,-205.0,170.0,0.64473,-162.0,136.0,KXNBAGAME-26MAR17MIACHA,-208.0,166.0,0.64851,0.0,-660.0,-609.0,0.50251,3420.0
401810847,2026-03-17,2026,2026-03-17T23:00Z,ORL,OKC,0.0,0.15246,dk,350.0,-455.0,0.21326,320.0,-410.0,KXNBAGAME-26MAR17OKCORL,351.0,-458.0,0.20297,0.0,296.0,-525.0,0.28676,3420.0
401810848,2026-03-17,2026,2026-03-17T23:00Z,WAS,DET,0.0,0.10299,dk,1100.0,-2100.0,0.08029,950.0,-1650.0,KXNBAGAME-26MAR17DETWAS,1464.0,-2042.0,0.055,0.0,-660.0,-660.0,0.5,3420.0
401810849,2026-03-17,2026,2026-03-17T23:30Z,NYK,IND,1.0,0.84457,dk,-800.0,550.0,0.85246,-900.0,600.0,KXNBAGAME-26MAR17INDNYK,-788.0,574.0,0.86634,0.0,-1087.0,685.0,0.85976,3270.0
401810850,2026-03-17,2026,2026-03-18T00:00Z,MIL,CLE,0.0,0.18821,dk,455.0,-625.0,0.17288,310.0,-395.0,KXNBAGAME-26MAR17CLEMIL,456.0,-609.0,0.16337,0.0,109.0,-458.0,0.32821,3300.0
401810851,2026-03-17,2026,2026-03-18T00:00Z,MIN,PHO,1.0,0.77556,dk,-170.0,142.0,0.60376,-198.0,164.0,KXNBAGAME-26MAR17PHXMIN,-154.0,129.0,0.585,0.0,-404.0,280.0,0.76786,3300.0
401810852,2026-03-17,2026,2026-03-18T02:00Z,DEN,PHI,1.0,0.85677,dk,-1200.0,750.0,0.88696,-1100.0,700.0,KXNBAGAME-26MAR17PHIDEN,-1087.0,756.0,0.89604,0.0,-609.0,456.0,0.81325,3420.0
401810853,2026-03-17,2026,2026-03-18T02:00Z,SAC,SAS,0.0,0.23506,dk,575.0,-850.0,0.14206,675.0,-1050.0,KXNBAGAME-26MAR17SASSAC,574.0,-788.0,0.13366,0.0,529.0,-788.0,0.13793,3420.0
401810854,2026-03-18,2026,2026-03-18T23:00Z,BOS,GSW,1.0,0.8183,dk,-625.0,455.0,0.82712,-600.0,440.0,KXNBAGAME-26MAR18GSWBOS,-564.0,490.0,0.84343,0.0,-660.0,-609.0,0.50495,3420.0
401810855,2026-03-18,2026,2026-03-18T23:30Z,BRK,OKC,0.0,0.10701,dk,1200.0,-2400.0,0.07418,1200.0,-2400.0,KXNBAGAME-26MAR18OKCBKN,1775.0,-2580.0,0.045,0.0,490.0,-788.0,0.15591,3270.0
401810856,2026-03-18,2026,2026-03-18T23:30Z,IND,POR,0.0,0.32877,dk,490.0,-675.0,0.1629,360.0,-470.0,KXNBAGAME-26MAR18PORIND,529.0,-609.0,0.14646,0.0,331.0,-564.0,0.22093,3270.0
401810857,2026-03-18,2026,2026-03-19T00:00Z,CHI,TOR,0.0,0.36441,dk,235.0,-290.0,0.28645,235.0,-290.0,KXNBAGAME-26MAR18TORCHI,252.0,-306.0,0.265,0.0,-103.0,-322.0,0.36683,3300.0
401810859,2026-03-18,2026,2026-03-19T00:00Z,MIN,UTA,1.0,0.78193,dk,-800.0,550.0,0.85246,-650.0,470.0,KXNBAGAME-26MAR18UTAMIN,-788.0,625.0,0.875,0.0,-564.0,373.0,0.73485,3300.0
401810860,2026-03-18,2026,2026-03-19T00:00Z,NOP,LAC,1.0,0.49201,dk,110.0,-130.0,0.45726,-125.0,105.0,KXNBAGAME-26MAR18LACNOP,109.0,-131.0,0.455,0.0,-112.0,-103.0,0.4125,3300.0
401810861,2026-03-18,2026,2026-03-19T00:30Z,DAL,ATL,0.0,0.27349,dk,260.0,-325.0,0.26646,330.0,-425.0,KXNBAGAME-26MAR18ATLDAL,266.0,-322.0,0.255,0.0,-660.0,-381.0,0.53769,3330.0
401858693,2026-03-18,2026,2026-03-19T00:30Z,MEM,DEN,1.0,0.23258,dk,525.0,-750.0,0.1535,500.0,-700.0,KXNBAGAME-26MAR18DENMEM,625.0,-788.0,0.125,0.0,-660.0,-660.0,0.5,3330.0
401810862,2026-03-18,2026,2026-03-19T01:30Z,HOU,LAL,0.0,0.36261,dk,-130.0,110.0,0.54274,-122.0,102.0,KXNBAGAME-26MAR18LALHOU,-131.0,109.0,0.545,0.0,-137.0,129.0,0.53488,3390.0
401810863,2026-03-19,2026,2026-03-19T23:00Z,CHO,ORL,1.0,0.63941,dk,-225.0,185.0,0.66365,-180.0,150.0,KXNBAGAME-26MAR19ORLCHA,-228.0,189.0,0.675,0.0,-199.0,152.0,0.63636,3420.0
401810864,2026-03-19,2026,2026-03-19T23:00Z,WAS,DET,0.0,0.15943,dk,750.0,-1200.0,0.11304,750.0,-1200.0,KXNBAGAME-26MAR19DETWAS,756.0,-967.0,0.105,0.0,945.0,-1087.0,0.08247,3420.0
401810865,2026-03-19,2026,2026-03-20T00:00Z,MIA,LAL,0.0,0.51224,dk,-148.0,124.0,0.57206,-130.0,110.0,KXNBAGAME-26MAR19LALMIA,-148.0,124.0,0.575,0.0,-148.0,-660.0,0.4152,3300.0
401810866,2026-03-19,2026,2026-03-20T00:00Z,CHI,CLE,0.0,0.17815,dk,370.0,-485.0,0.20422,525.0,-750.0,KXNBAGAME-26MAR19CLECHI,373.0,-458.0,0.195,0.0,296.0,-458.0,0.27206,3300.0
401810867,2026-03-19,2026,2026-03-20T00:00Z,NOP,LAC,1.0,0.51102,dk,-166.0,140.0,0.59964,-120.0,100.0,KXNBAGAME-26MAR19LACNOP,-168.0,140.0,0.605,0.0,-107.0,-121.0,0.48855,3300.0
401810868,2026-03-19,2026,2026-03-20T00:00Z,SAS,PHO,1.0,0.8001,dk,-470.0,360.0,0.79136,-380.0,300.0,KXNBAGAME-26MAR19PHXSAS,-458.0,373.0,0.805,0.0,-430.0,313.0,0.78107,3300.0
401810869,2026-03-19,2026,2026-03-20T01:00Z,UTA,MIL,1.0,0.39235,dk,205.0,-250.0,0.31461,160.0,-192.0,KXNBAGAME-26MAR19MILUTA,198.0,-239.0,0.315,0.0,218.0,-251.0,0.34559,3360.0
401810870,2026-03-19,2026,2026-03-20T02:00Z,SAC,PHI,0.0,0.49359,dk,124.0,-148.0,0.42794,136.0,-162.0,KXNBAGAME-26MAR19PHISAC,119.0,-142.0,0.435,0.0,-660.0,-183.0,0.56818,3420.0
401810871,2026-03-20,2026,2026-03-20T23:30Z,BRK,NYK,0.0,0.16222,dk,1100.0,-2100.0,0.08029,1100.0,-2100.0,KXNBAGAME-26MAR20NYKBKN,1241.0,-1684.0,0.065,0.0,529.0,-719.0,0.1747,3270.0
401810872,2026-03-20,2026,2026-03-20T23:30Z,DET,GSW,1.0,0.66694,dk,-238.0,195.0,0.67503,-238.0,195.0,KXNBAGAME-26MAR20GSWDET,-228.0,189.0,0.675,0.0,-719.0,574.0,0.83537,3270.0
401810873,2026-03-20,2026,2026-03-21T00:00Z,HOU,ATL,1.0,0.6063,dk,-148.0,124.0,0.57206,-166.0,140.0,KXNBAGAME-26MAR20ATLHOU,-161.0,129.0,0.58911,0.0,-218.0,-251.0,0.49239,3300.0
401810874,2026-03-20,2026,2026-03-21T00:00Z,MEM,BOS,0.0,0.19128,dk,800.0,-1350.0,0.10662,600.0,-900.0,KXNBAGAME-26MAR20BOSMEM,841.0,-1087.0,0.095,0.0,529.0,-719.0,0.1747,3300.0
401810875,2026-03-20,2026,2026-03-21T00:00Z,MIN,POR,0.0,0.67056,dk,-115.0,-105.0,0.51083,-135.0,114.0,KXNBAGAME-26MAR20PORMIN,-107.0,-112.0,0.495,0.0,-183.0,134.0,0.6519,3300.0
401810876,2026-03-20,2026,2026-03-21T01:00Z,DEN,TOR,1.0,0.64037,dk,-270.0,220.0,0.70016,-258.0,210.0,KXNBAGAME-26MAR20TORDEN,-263.0,218.0,0.705,0.0,-719.0,240.0,0.75148,3360.0
401810877,2026-03-21,2026,2026-03-21T21:00Z,WAS,OKC,0.0,0.07557,dk,1300.0,-2800.0,0.06888,1700.0,-4500.0,KXNBAGAME-26MAR21OKCWAS,2243.0,-3476.0,0.035,0.0,1241.0,-2042.0,0.065,3300.0
401810878,2026-03-21,2026,2026-03-21T23:00Z,CHO,MEM,1.0,0.84952,dk,-1650.0,950.0,0.90826,-1200.0,750.0,KXNBAGAME-26MAR21MEMCHA,-1428.0,1241.0,0.93434,0.0,-719.0,456.0,0.85,3420.0
401810879,2026-03-21,2026,2026-03-21T23:00Z,ORL,LAL,0.0,0.2994,dk,130.0,-155.0,0.41701,120.0,-142.0,KXNBAGAME-26MAR21LALORL,129.0,-154.0,0.415,0.0,-154.0,-142.0,0.49744,3420.0
401810880,2026-03-21,2026,2026-03-21T23:00Z,NOP,CLE,0.0,0.29979,dk,170.0,-205.0,0.35527,170.0,-205.0,KXNBAGAME-26MAR21CLENOP,166.0,-199.0,0.355,0.0,114.0,-276.0,0.37745,3420.0
401810881,2026-03-21,2026,2026-03-22T00:00Z,ATL,GSW,1.0,0.71853,dk,-310.0,250.0,0.72575,-360.0,285.0,KXNBAGAME-26MAR21GSWATL,-322.0,266.0,0.745,0.0,-660.0,181.0,0.68027,3300.0
401810882,2026-03-21,2026,2026-03-22T00:00Z,HOU,MIA,1.0,0.52104,dk,-142.0,120.0,0.56349,-135.0,114.0,KXNBAGAME-26MAR21MIAHOU,-142.0,119.0,0.565,0.0,-218.0,101.0,0.56643,3300.0
401810883,2026-03-21,2026,2026-03-22T00:00Z,SAS,IND,1.0,0.8628,dk,-1600.0,900.0,0.90395,-1800.0,1000.0,KXNBAGAME-26MAR21INDSAS,-1236.0,945.0,0.915,0.0,-1684.0,945.0,0.92462,3300.0
401810884,2026-03-21,2026,2026-03-22T00:30Z,DAL,LAC,0.0,0.34924,dk,220.0,-270.0,0.29984,235.0,-290.0,KXNBAGAME-26MAR21LACDAL,218.0,-276.0,0.29208,0.0,218.0,-564.0,0.30986,3330.0
401810885,2026-03-21,2026,2026-03-22T01:30Z,UTA,PHI,0.0,0.4693,dk,185.0,-225.0,0.33635,220.0,-270.0,KXNBAGAME-26MAR21PHIUTA,198.0,-239.0,0.315,0.0,-660.0,-609.0,0.50505,3390.0
401810886,2026-03-21,2026,2026-03-22T02:00Z,PHO,MIL,0.0,0.65984,dk,-600.0,440.0,0.82234,-485.0,370.0,KXNBAGAME-26MAR21MILPHX,-564.0,456.0,0.835,0.0,-660.0,-609.0,0.47639,3420.0
401810887,2026-03-22,2026,2026-03-22T21:00Z,DEN,POR,1.0,0.79421,dk,-340.0,270.0,0.74087,-360.0,285.0,KXNBAGAME-26MAR22PORDEN,-340.0,280.0,0.755,0.0,-290.0,208.0,0.66154,3300.0
401810888,2026-03-22,2026,2026-03-22T22:00Z,SAC,BRK,1.0,0.63676,dk,-250.0,205.0,0.68539,-185.0,154.0,KXNBAGAME-26MAR22BKNSAC,-251.0,198.0,0.68812,0.0,-430.0,-719.0,0.48187,3360.0
401810889,2026-03-22,2026,2026-03-22T23:30Z,NYK,WAS,1.0,0.94469,dk,-3600.0,1500.0,0.93964,-2100.0,1100.0,KXNBAGAME-26MAR22WASNYK,-2580.0,1775.0,0.955,0.0,-869.0,841.0,0.90306,3270.0
401810890,2026-03-22,2026,2026-03-23T00:00Z,BOS,MIN,0.0,0.70039,dk,-440.0,340.0,0.78191,-380.0,300.0,KXNBAGAME-26MAR22MINBOS,-430.0,331.0,0.78713,0.0,-660.0,-660.0,0.50251,3300.0
401810891,2026-03-22,2026,2026-03-23T01:00Z,PHO,TOR,1.0,0.30027,dk,150.0,-180.0,0.38356,-105.0,-115.0,KXNBAGAME-26MAR22TORPHX,146.0,-183.0,0.38119,0.0,-112.0,-161.0,0.46763,3360.0
401810893,2026-03-23,2026,2026-03-23T23:00Z,DET,LAL,1.0,0.46089,dk,105.0,-125.0,0.46753,105.0,-125.0,KXNBAGAME-26MAR23LALDET,101.0,-121.0,0.475,0.0,-131.0,-161.0,0.46698,3420.0
401810894,2026-03-23,2026,2026-03-23T23:00Z,ORL,IND,0.0,0.69258,dk,-535.0,400.0,0.80816,-700.0,500.0,KXNBAGAME-26MAR23INDORL,-525.0,425.0,0.825,0.0,-719.0,280.0,0.81905,3420.0
401810895,2026-03-23,2026,2026-03-23T23:00Z,PHI,OKC,0.0,0.11733,dk,750.0,-1200.0,0.11304,600.0,-900.0,KXNBAGAME-26MAR23OKCPHI,945.0,-1236.0,0.085,0.0,756.0,-1087.0,0.10396,3420.0
401810896,2026-03-23,2026,2026-03-23T23:00Z,MIA,SAS,0.0,0.45836,dk,130.0,-155.0,0.41701,185.0,-225.0,KXNBAGAME-26MAR23SASMIA,140.0,-168.0,0.395,0.0,218.0,-239.0,0.28324,3420.0
401810892,2026-03-23,2026,2026-03-23T23:30Z,ATL,MEM,1.0,0.75118,dk,-900.0,600.0,0.86301,-700.0,500.0,KXNBAGAME-26MAR23MEMATL,-869.0,685.0,0.885,0.0,-719.0,398.0,0.84158,3270.0
401810897,2026-03-23,2026,2026-03-24T00:00Z,CHI,HOU,1.0,0.31092,dk,295.0,-375.0,0.24281,275.0,-345.0,KXNBAGAME-26MAR23HOUCHI,313.0,-381.0,0.225,0.0,280.0,-360.0,0.24623,3300.0
401810898,2026-03-23,2026,2026-03-24T01:00Z,UTA,TOR,0.0,0.38212,dk,310.0,-395.0,0.2341,525.0,-750.0,KXNBAGAME-26MAR23TORUTA,398.0,-489.0,0.185,0.0,456.0,-719.0,0.14778,3360.0
401810899,2026-03-23,2026,2026-03-24T01:30Z,DAL,GSW,0.0,0.48494,dk,114.0,-135.0,0.44856,114.0,-135.0,KXNBAGAME-26MAR23GSWDAL,119.0,-142.0,0.435,0.0,114.0,-148.0,0.40642,3390.0
401810900,2026-03-23,2026,2026-03-24T02:00Z,POR,BRK,1.0,0.8382,dk,-1100.0,700.0,0.88,-900.0,600.0,KXNBAGAME-26MAR23BKNPOR,-1087.0,841.0,0.905,0.0,-719.0,529.0,0.8607,3420.0
401810901,2026-03-23,2026,2026-03-24T02:30Z,LAC,MIL,1.0,0.83199,dk,-900.0,600.0,0.86301,-575.0,425.0,KXNBAGAME-26MAR23MILLAC,-788.0,625.0,0.875,0.0,-719.0,280.0,0.76923,3270.0
401810902,2026-03-24,2026,2026-03-24T23:00Z,CHO,SAC,1.0,0.85264,dk,-1800.0,1000.0,0.91244,-1350.0,800.0,KXNBAGAME-26MAR24SACCHA,-1684.0,1241.0,0.935,0.0,-719.0,280.0,0.8,3420.0
401810903,2026-03-24,2026,2026-03-24T23:30Z,NYK,NOP,1.0,0.80371,dk,-355.0,280.0,0.74778,-375.0,295.0,KXNBAGAME-26MAR24NOPNYK,-360.0,296.0,0.765,0.0,-340.0,240.0,0.77419,3270.0
401810904,2026-03-24,2026,2026-03-25T00:00Z,CLE,ORL,1.0,0.87423,dk,-455.0,350.0,0.78674,-455.0,350.0,KXNBAGAME-26MAR24ORLCLE,-458.0,351.0,0.79703,0.0,-239.0,229.0,0.70619,3300.0
401810905,2026-03-24,2026,2026-03-25T03:00Z,PHO,DEN,0.0,0.30183,dk,185.0,-225.0,0.33635,180.0,-218.0,KXNBAGAME-26MAR24DENPHX,189.0,-239.0,0.32178,0.0,159.0,-199.0,0.34184,3300.0
401810906,2026-03-25,2026,2026-03-25T23:00Z,DET,ATL,0.0,0.59044,dk,-148.0,124.0,0.57206,-142.0,120.0,KXNBAGAME-26MAR25ATLDET,-142.0,119.0,0.565,0.0,-660.0,-660.0,0.5,3420.0
401810907,2026-03-25,2026,2026-03-25T23:00Z,IND,LAL,0.0,0.22644,dk,330.0,-425.0,0.22317,490.0,-675.0,KXNBAGAME-26MAR25LALIND,331.0,-404.0,0.215,0.0,-660.0,-660.0,0.5,3420.0
401810908,2026-03-25,2026,2026-03-25T23:00Z,PHI,CHI,1.0,0.53977,dk,-245.0,200.0,0.68056,-230.0,190.0,KXNBAGAME-26MAR25CHIPHI,-263.0,198.0,0.69118,0.0,-660.0,-660.0,0.5,3420.0
401810909,2026-03-25,2026,2026-03-25T23:30Z,BOS,OKC,1.0,0.28559,dk,110.0,-130.0,0.45726,124.0,-148.0,KXNBAGAME-26MAR25OKCBOS,114.0,-137.0,0.445,0.0,105.0,-161.0,0.41848,3270.0
401810910,2026-03-25,2026,2026-03-25T23:30Z,CLE,MIA,0.0,0.60573,dk,-148.0,124.0,0.57206,-162.0,136.0,KXNBAGAME-26MAR25MIACLE,-142.0,119.0,0.565,0.0,-322.0,109.0,0.64179,3270.0
401810911,2026-03-25,2026,2026-03-26T00:00Z,MEM,SAS,0.0,0.15573,dk,1000.0,-1800.0,0.08756,750.0,-1200.0,KXNBAGAME-26MAR25SASMEM,1074.0,-1428.0,0.075,0.0,841.0,-967.0,0.08247,3300.0
401810912,2026-03-25,2026,2026-03-26T01:00Z,UTA,WAS,0.0,0.65815,dk,-155.0,130.0,0.58299,-185.0,154.0,KXNBAGAME-26MAR25WASUTA,-161.0,134.0,0.595,0.0,-228.0,-126.0,0.57,3360.0
401810913,2026-03-25,2026,2026-03-26T01:42Z,MIN,HOU,1.0,0.53224,dk,110.0,-130.0,0.45726,-110.0,-110.0,KXNBAGAME-26MAR25HOUMIN,109.0,-137.0,0.4505,0.0,-154.0,-161.0,0.4712,3402.0
401810914,2026-03-25,2026,2026-03-26T02:00Z,DEN,DAL,1.0,0.82737,dk,-650.0,470.0,0.83165,-900.0,600.0,KXNBAGAME-26MAR25DALDEN,-609.0,456.0,0.83663,0.0,-660.0,159.0,0.74877,3420.0
401810915,2026-03-25,2026,2026-03-26T02:00Z,GSW,BRK,1.0,0.81539,dk,-625.0,455.0,0.82712,-550.0,410.0,KXNBAGAME-26MAR25BKNGSW,-660.0,490.0,0.84653,0.0,-489.0,373.0,0.78107,3420.0
401810916,2026-03-25,2026,2026-03-26T02:00Z,POR,MIL,1.0,0.74119,dk,-1050.0,675.0,0.87618,-625.0,455.0,KXNBAGAME-26MAR25MILPOR,-967.0,756.0,0.895,0.0,-564.0,-107.0,0.66832,3420.0
401810917,2026-03-25,2026,2026-03-26T02:30Z,LAC,TOR,1.0,0.67097,dk,-180.0,150.0,0.61644,-155.0,130.0,KXNBAGAME-26MAR25TORLAC,-175.0,140.0,0.60891,0.0,-154.0,-131.0,0.55615,3270.0
401810918,2026-03-26,2026,2026-03-26T23:00Z,CHO,NYK,1.0,0.42747,dk,-130.0,110.0,0.54274,-108.0,-112.0,KXNBAGAME-26MAR26NYKCHA,-137.0,114.0,0.555,0.0,-660.0,-126.0,0.61143,3420.0
401810919,2026-03-26,2026,2026-03-26T23:00Z,DET,NOP,1.0,0.61694,dk,-225.0,185.0,0.66365,-218.0,180.0,KXNBAGAME-26MAR26NOPDET,-218.0,181.0,0.665,0.0,-290.0,-404.0,0.47027,3420.0
401810920,2026-03-26,2026,2026-03-26T23:00Z,ORL,SAC,1.0,0.76969,dk,-1350.0,800.0,0.89338,-1200.0,750.0,KXNBAGAME-26MAR26SACORL,-1087.0,841.0,0.905,0.0,-719.0,529.0,0.8,3420.0
401810921,2026-03-27,2026,2026-03-27T23:00Z,IND,LAC,0.0,0.25009,dk,300.0,-380.0,0.24,340.0,-440.0,KXNBAGAME-26MAR27LACIND,331.0,-404.0,0.215,0.0,105.0,-660.0,0.38272,3420.0
401810922,2026-03-27,2026,2026-03-27T23:30Z,BOS,ATL,1.0,0.67445,dk,-218.0,180.0,0.65748,-278.0,225.0,KXNBAGAME-26MAR27ATLBOS,-218.0,181.0,0.665,0.0,-564.0,101.0,0.6802,3270.0
401810923,2026-03-27,2026,2026-03-27T23:30Z,CLE,MIA,1.0,0.67301,dk,-218.0,180.0,0.65748,-180.0,150.0,KXNBAGAME-26MAR27MIACLE,-208.0,181.0,0.66162,0.0,-306.0,109.0,0.63462,3270.0
401810924,2026-03-27,2026,2026-03-28T00:00Z,MEM,HOU,0.0,0.18946,dk,625.0,-950.0,0.13228,500.0,-700.0,KXNBAGAME-26MAR27HOUMEM,685.0,-869.0,0.115,1.0,456.0,-660.0,0.14925,3300.0
401810925,2026-03-27,2026,2026-03-28T00:00Z,OKC,CHI,1.0,0.93523,dk,-2100.0,1100.0,0.91971,-2800.0,1300.0,KXNBAGAME-26MAR27CHIOKC,-2042.0,1464.0,0.945,0.0,-967.0,685.0,0.88614,3300.0
401810926,2026-03-27,2026,2026-03-28T00:30Z,TOR,NOP,1.0,0.74433,dk,-325.0,260.0,0.73354,-278.0,225.0,KXNBAGAME-26MAR27NOPTOR,-340.0,280.0,0.755,0.0,-228.0,114.0,0.65217,3330.0
401810927,2026-03-27,2026,2026-03-28T01:00Z,DEN,UTA,1.0,0.88957,dk,-2100.0,1100.0,0.91971,-2800.0,1300.0,KXNBAGAME-26MAR27UTADEN,-2580.0,1464.0,0.94554,0.0,-719.0,574.0,0.86432,3360.0
401810928,2026-03-27,2026,2026-03-28T02:00Z,GSW,WAS,1.0,0.77384,dk,-750.0,525.0,0.8465,-800.0,550.0,KXNBAGAME-26MAR27WASGSW,-719.0,574.0,0.865,0.0,-660.0,152.0,0.74112,3420.0
401810929,2026-03-27,2026,2026-03-28T02:00Z,POR,DAL,0.0,0.77251,dk,-500.0,380.0,0.8,-410.0,320.0,KXNBAGAME-26MAR27DALPOR,-489.0,398.0,0.815,0.0,-719.0,296.0,0.8,3420.0
401810930,2026-03-27,2026,2026-03-28T02:30Z,LAL,BRK,1.0,0.92073,dk,-2100.0,1100.0,0.91971,-1600.0,900.0,KXNBAGAME-26MAR27BKNLAL,-2042.0,1464.0,0.945,0.0,-788.0,529.0,0.86207,3270.0
401810931,2026-03-28,2026,2026-03-28T19:00Z,MIL,SAS,0.0,0.17401,dk,1000.0,-1800.0,0.08756,1000.0,-1800.0,KXNBAGAME-26MAR28SASMIL,1241.0,-1684.0,0.065,0.0,252.0,-967.0,0.19307,3360.0
401810935,2026-03-28,2026,2026-03-28T21:30Z,MIN,DET,0.0,0.54693,dk,110.0,-130.0,0.45726,-130.0,110.0,KXNBAGAME-26MAR28DETMIN,109.0,-131.0,0.455,0.0,-239.0,-251.0,0.46047,3330.0
401810932,2026-03-28,2026,2026-03-28T22:00Z,CHO,PHI,0.0,0.68949,dk,-250.0,205.0,0.68539,-205.0,170.0,KXNBAGAME-26MAR28PHICHA,-251.0,198.0,0.68812,0.0,-609.0,-161.0,0.57339,3360.0
401810933,2026-03-28,2026,2026-03-28T23:30Z,ATL,SAC,1.0,0.756,dk,-800.0,550.0,0.85246,-900.0,600.0,KXNBAGAME-26MAR28SACATL,-719.0,574.0,0.865,0.0,-660.0,529.0,0.83133,3270.0
401810934,2026-03-28,2026,2026-03-29T00:00Z,MEM,CHI,1.0,0.48806,dk,170.0,-205.0,0.35527,136.0,-162.0,KXNBAGAME-26MAR28CHIMEM,166.0,-208.0,0.35149,0.0,-126.0,-306.0,0.35749,3300.0
401810936,2026-03-28,2026,2026-03-29T02:00Z,PHO,UTA,1.0,0.81433,dk,-1650.0,950.0,0.90826,-1350.0,800.0,KXNBAGAME-26MAR28UTAPHX,-1428.0,1074.0,0.925,0.0,-719.0,456.0,0.85,3420.0
401810937,2026-03-29,2026,2026-03-29T19:30Z,MIL,LAC,0.0,0.11658,dk,800.0,-1350.0,0.10662,550.0,-800.0,KXNBAGAME-26MAR29LACMIL,945.0,-1236.0,0.085,0.0,173.0,-564.0,0.245,3390.0
401810938,2026-03-29,2026,2026-03-29T21:00Z,IND,MIA,1.0,0.26824,dk,280.0,-355.0,0.25222,310.0,-395.0,KXNBAGAME-26MAR29MIAIND,296.0,-360.0,0.235,0.0,313.0,-430.0,0.19048,3300.0
401810939,2026-03-29,2026,2026-03-29T22:00Z,BRK,SAC,1.0,0.57963,dk,-120.0,100.0,0.52174,-120.0,100.0,KXNBAGAME-26MAR29SACBKN,-131.0,109.0,0.545,0.0,105.0,-131.0,0.43889,3360.0
401810940,2026-03-29,2026,2026-03-29T22:00Z,CHO,BOS,0.0,0.46058,dk,-135.0,114.0,0.55144,-130.0,110.0,KXNBAGAME-26MAR29BOSCHA,-137.0,114.0,0.555,0.0,105.0,-137.0,0.43085,3360.0
401810941,2026-03-29,2026,2026-03-29T22:00Z,TOR,ORL,1.0,0.59777,dk,-122.0,102.0,0.52609,-142.0,120.0,KXNBAGAME-26MAR29ORLTOR,-121.0,101.0,0.525,0.0,-137.0,124.0,0.58378,3360.0
401810942,2026-03-29,2026,2026-03-29T22:00Z,POR,WAS,1.0,0.83156,dk,-1650.0,950.0,0.90826,-1100.0,700.0,KXNBAGAME-26MAR29WASPOR,-1428.0,1074.0,0.925,0.0,-719.0,574.0,0.86364,3360.0
401810943,2026-03-29,2026,2026-03-29T23:00Z,NOP,HOU,0.0,0.32609,dk,205.0,-250.0,0.31461,195.0,-238.0,KXNBAGAME-26MAR29HOUNOP,198.0,-239.0,0.315,0.0,-126.0,-191.0,0.42714,3420.0
401810944,2026-03-29,2026,2026-03-29T23:30Z,OKC,NYK,1.0,0.74759,dk,-360.0,285.0,0.75081,-345.0,275.0,KXNBAGAME-26MAR29NYKOKC,-340.0,280.0,0.755,0.0,-489.0,-525.0,0.47087,3270.0
401810945,2026-03-29,2026,2026-03-30T02:00Z,DEN,GSW,1.0,0.80103,dk,-625.0,455.0,0.82712,-575.0,425.0,KXNBAGAME-26MAR29GSWDEN,-564.0,456.0,0.835,0.0,-660.0,351.0,0.82439,3420.0
401810946,2026-03-30,2026,2026-03-30T23:00Z,MIA,PHI,1.0,0.52894,dk,120.0,-142.0,0.43651,102.0,-122.0,KXNBAGAME-26MAR30PHIMIA,114.0,-137.0,0.445,0.0,-116.0,-107.0,0.50754,3420.0
401810947,2026-03-30,2026,2026-03-30T23:30Z,ATL,BOS,1.0,0.58265,dk,-142.0,120.0,0.56349,-118.0,-102.0,KXNBAGAME-26MAR30BOSATL,-148.0,124.0,0.575,0.0,-103.0,-126.0,0.47305,3270.0
401810948,2026-03-30,2026,2026-03-31T00:00Z,MEM,PHO,0.0,0.31625,dk,500.0,-700.0,0.16,575.0,-850.0,KXNBAGAME-26MAR30PHXMEM,574.0,-719.0,0.135,0.0,351.0,-564.0,0.21311,3300.0
401810949,2026-03-30,2026,2026-03-31T00:00Z,SAS,CHI,1.0,0.87679,dk,-2100.0,1100.0,0.91971,-1800.0,1000.0,KXNBAGAME-26MAR30CHISAS,-2042.0,1464.0,0.945,0.0,-1684.0,1074.0,0.935,3300.0
401810950,2026-03-30,2026,2026-03-31T00:30Z,DAL,MIN,0.0,0.24413,dk,280.0,-355.0,0.25222,215.0,-265.0,KXNBAGAME-26MAR30MINDAL,280.0,-340.0,0.245,0.0,173.0,-381.0,0.28342,3330.0
401810951,2026-03-30,2026,2026-03-31T01:00Z,UTA,CLE,0.0,0.13121,dk,900.0,-1600.0,0.09605,950.0,-1650.0,KXNBAGAME-26MAR30CLEUTA,1074.0,-1428.0,0.075,0.0,351.0,-660.0,0.17801,3360.0
401810952,2026-03-30,2026,2026-03-31T01:30Z,OKC,DET,1.0,0.8267,dk,-650.0,470.0,0.83165,-750.0,525.0,KXNBAGAME-26MAR30DETOKC,-609.0,490.0,0.845,0.0,-360.0,229.0,0.72527,3390.0
401810953,2026-03-30,2026,2026-03-31T02:00Z,LAL,WAS,1.0,0.93666,dk,-1450.0,850.0,0.89886,-1450.0,850.0,KXNBAGAME-26MAR30WASLAL,-1236.0,945.0,0.915,0.0,-609.0,574.0,0.85938,3420.0
401810954,2026-03-31,2026,2026-03-31T23:00Z,ORL,PHO,1.0,0.60311,dk,-130.0,110.0,0.54274,-135.0,114.0,KXNBAGAME-26MAR31PHXORL,-131.0,109.0,0.545,0.0,-175.0,109.0,0.45509,3420.0
401810955,2026-03-31,2026,2026-03-31T23:30Z,BRK,CHO,0.0,0.16502,dk,1100.0,-2100.0,0.08029,800.0,-1350.0,KXNBAGAME-26MAR31CHABKN,1241.0,-1684.0,0.065,0.0,625.0,-1087.0,0.12255,3270.0
401810956,2026-03-31,2026,2026-04-01T00:00Z,DET,TOR,1.0,0.50416,dk,-155.0,130.0,0.58299,-135.0,114.0,KXNBAGAME-26MAR31TORDET,-161.0,129.0,0.59,0.0,-154.0,109.0,0.61957,3300.0
401810957,2026-03-31,2026,2026-04-01T00:00Z,HOU,NYK,1.0,0.45457,dk,-105.0,-115.0,0.48917,-108.0,-112.0,KXNBAGAME-26MAR31NYKHOU,-103.0,-116.0,0.485,0.0,-121.0,-142.0,0.48,3300.0
401858694,2026-03-31,2026,2026-04-01T00:00Z,MIL,DAL,1.0,0.58324,dk,120.0,-142.0,0.43651,-102.0,-118.0,KXNBAGAME-26MAR31DALMIL,119.0,-142.0,0.435,0.0,-660.0,-609.0,0.50505,2040.0
401810958,2026-03-31,2026,2026-04-01T02:30Z,LAL,CLE,1.0,0.53649,dk,-130.0,110.0,0.54274,-125.0,105.0,KXNBAGAME-26MAR31CLELAL,-137.0,114.0,0.555,0.0,-126.0,-660.0,0.505,3270.0
401810959,2026-03-31,2026,2026-04-01T03:00Z,LAC,POR,0.0,0.71606,dk,-198.0,164.0,0.6369,-198.0,164.0,KXNBAGAME-26MAR31PORLAC,-199.0,166.0,0.645,0.0,-228.0,-660.0,0.44751,3300.0
401810960,2026-04-01,2026,2026-04-01T23:00Z,WAS,PHI,0.0,0.23872,dk,750.0,-1200.0,0.11304,750.0,-1200.0,KXNBAGAME-26APR01PHIWAS,841.0,-967.0,0.09596,0.0,574.0,-719.0,0.14674,3420.0
401810962,2026-04-01,2026,2026-04-01T23:00Z,ORL,ATL,0.0,0.35078,dk,120.0,-142.0,0.43651,145.0,-175.0,KXNBAGAME-26APR01ATLORL,119.0,-142.0,0.435,0.0,-660.0,-660.0,0.5,3420.0
401810961,2026-04-01,2026,2026-04-01T23:30Z,MIA,BOS,0.0,0.54555,dk,164.0,-198.0,0.3631,164.0,-198.0,KXNBAGAME-26APR01BOSMIA,159.0,-191.0,0.365,0.0,140.0,-191.0,0.37949,3270.0
401810858,2026-04-01,2026,2026-04-02T00:00Z,MEM,NYK,0.0,0.1977,dk,600.0,-900.0,0.13699,650.0,-1000.0,KXNBAGAME-26APR01NYKMEM,625.0,-788.0,0.125,0.0,574.0,-719.0,0.13636,3300.0
401810963,2026-04-01,2026,2026-04-02T00:00Z,TOR,SAC,0.0,0.78917,dk,-750.0,525.0,0.8465,-1000.0,650.0,KXNBAGAME-26APR01SACTOR,-660.0,529.0,0.855,0.0,-660.0,574.0,0.86294,3300.0
401810964,2026-04-01,2026,2026-04-02T00:00Z,CHI,IND,0.0,0.58974,dk,-170.0,142.0,0.60376,-192.0,160.0,KXNBAGAME-26APR01INDCHI,-168.0,140.0,0.605,0.0,-218.0,134.0,0.62694,3300.0
401810965,2026-04-01,2026,2026-04-02T00:00Z,HOU,MIL,1.0,0.90597,dk,-2400.0,1200.0,0.92582,-1600.0,900.0,KXNBAGAME-26APR01MILHOU,-2042.0,1464.0,0.945,0.0,-660.0,574.0,0.80714,3300.0
401810967,2026-04-01,2026,2026-04-02T01:00Z,UTA,DEN,0.0,0.1461,dk,1000.0,-1800.0,0.08756,1000.0,-1800.0,KXNBAGAME-26APR01DENUTA,1074.0,-1428.0,0.075,0.0,574.0,-719.0,0.13636,3360.0
401810968,2026-04-01,2026,2026-04-02T02:00Z,GSW,SAS,0.0,0.19467,dk,700.0,-1100.0,0.12,440.0,-600.0,KXNBAGAME-26APR01SASGSW,756.0,-967.0,0.105,0.0,425.0,-609.0,0.175,3420.0
401810969,2026-04-02,2026,2026-04-02T23:00Z,CHO,PHO,1.0,0.60774,dk,-230.0,190.0,0.66901,-205.0,170.0,KXNBAGAME-26APR02PHXCHA,-218.0,181.0,0.665,0.0,-228.0,146.0,0.69231,3420.0
401810970,2026-04-02,2026,2026-04-02T23:00Z,DET,MIN,1.0,0.56202,dk,-205.0,170.0,0.64473,-130.0,110.0,KXNBAGAME-26APR02MINDET,-218.0,173.0,0.65842,0.0,-131.0,105.0,0.53933,3420.0
401810971,2026-04-02,2026,2026-04-03T01:30Z,OKC,LAL,1.0,0.66856,dk,-380.0,300.0,0.76,-298.0,240.0,KXNBAGAME-26APR02LALOKC,-360.0,296.0,0.765,0.0,-564.0,152.0,0.74641,2670.0
401810972,2026-04-02,2026,2026-04-03T02:00Z,GSW,CLE,0.0,0.12606,dk,370.0,-485.0,0.20422,340.0,-440.0,KXNBAGAME-26APR02CLEGSW,351.0,-430.0,0.205,0.0,-161.0,-322.0,0.36406,2700.0
401810973,2026-04-02,2026,2026-04-03T02:00Z,POR,NOP,1.0,0.68383,dk,-245.0,200.0,0.68056,-238.0,195.0,KXNBAGAME-26APR02NOPPOR,-228.0,189.0,0.675,0.0,-381.0,-107.0,0.66842,2700.0
401810974,2026-04-02,2026,2026-04-03T02:30Z,LAC,SAS,0.0,0.63383,dk,-142.0,120.0,0.56349,142.0,-170.0,KXNBAGAME-26APR02SASLAC,-142.0,119.0,0.565,0.0,-175.0,-430.0,0.37004,2730.0
401810975,2026-04-03,2026,2026-04-03T23:00Z,CHO,IND,1.0,0.776,dk,-1600.0,900.0,0.90395,-1350.0,800.0,KXNBAGAME-26APR03INDCHA,-1236.0,945.0,0.915,0.0,-719.0,490.0,0.85427,3420.0
401810976,2026-04-03,2026,2026-04-03T23:00Z,PHI,MIN,1.0,0.51648,dk,-170.0,142.0,0.60376,-135.0,114.0,KXNBAGAME-26APR03MINPHI,-168.0,134.0,0.60199,0.0,-199.0,-107.0,0.60714,3420.0
401810977,2026-04-03,2026,2026-04-03T23:30Z,BRK,ATL,0.0,0.14858,dk,1000.0,-1800.0,0.08756,800.0,-1350.0,KXNBAGAME-26APR03ATLBKN,1074.0,-1428.0,0.075,0.0,-107.0,-1087.0,0.25417,3270.0
401810978,2026-04-03,2026,2026-04-03T23:30Z,NYK,CHI,1.0,0.78248,dk,-1200.0,750.0,0.88696,-1350.0,800.0,KXNBAGAME-26APR03CHINYK,-967.0,685.0,0.88614,0.0,-489.0,109.0,0.73023,3270.0
401810979,2026-04-03,2026,2026-04-04T00:00Z,HOU,UTA,1.0,0.88527,dk,-2100.0,1100.0,0.91971,-1600.0,900.0,KXNBAGAME-26APR03UTAHOU,-1684.0,1241.0,0.935,0.0,-719.0,296.0,0.81592,2580.0
401810980,2026-04-03,2026,2026-04-04T00:00Z,MEM,TOR,0.0,0.26345,dk,700.0,-1100.0,0.12,550.0,-800.0,KXNBAGAME-26APR03TORMEM,756.0,-967.0,0.105,0.0,159.0,-609.0,0.25253,2580.0
401810981,2026-04-03,2026,2026-04-04T00:00Z,MIL,BOS,0.0,0.11961,dk,1200.0,-2400.0,0.07418,1000.0,-1800.0,KXNBAGAME-26APR03BOSMIL,1241.0,-1684.0,0.065,0.0,252.0,-609.0,0.21,2580.0
401810982,2026-04-03,2026,2026-04-04T00:30Z,DAL,ORL,0.0,0.33082,dk,220.0,-270.0,0.29984,240.0,-298.0,KXNBAGAME-26APR03ORLDAL,218.0,-276.0,0.29208,0.0,105.0,-322.0,0.36,2610.0
401810983,2026-04-03,2026,2026-04-04T02:00Z,SAC,NOP,1.0,0.45657,dk,200.0,-245.0,0.31944,180.0,-218.0,KXNBAGAME-26APR03NOPSAC,198.0,-239.0,0.315,0.0,134.0,-276.0,0.35938,2700.0
401810984,2026-04-04,2026,2026-04-04T19:00Z,MIA,WAS,1.0,0.89968,dk,-2400.0,1200.0,0.92582,-1800.0,1000.0,KXNBAGAME-26APR04WASMIA,-2042.0,1464.0,0.945,0.0,-719.0,625.0,0.80159,3360.0
401810985,2026-04-04,2026,2026-04-04T19:00Z,DEN,SAS,1.0,0.6106,dk,105.0,-125.0,0.46753,110.0,-130.0,KXNBAGAME-26APR04SASDEN,109.0,-131.0,0.455,0.0,-126.0,-121.0,0.5037,3360.0
401810986,2026-04-04,2026,2026-04-04T23:00Z,PHI,DET,0.0,0.36107,dk,142.0,-170.0,0.39624,-118.0,-102.0,KXNBAGAME-26APR04DETPHI,140.0,-175.0,0.39109,0.0,105.0,-175.0,0.39037,3420.0
401810987,2026-04-05,2026,2026-04-05T19:30Z,BOS,TOR,1.0,0.75018,dk,-425.0,330.0,0.77683,-395.0,310.0,KXNBAGAME-26APR05TORBOS,-430.0,351.0,0.795,0.0,-458.0,280.0,0.7037,3390.0
401810988,2026-04-05,2026,2026-04-05T19:30Z,BRK,WAS,1.0,0.64471,dk,-162.0,136.0,0.59337,-185.0,154.0,KXNBAGAME-26APR05WASBKN,-161.0,129.0,0.58911,0.0,-218.0,109.0,0.57447,3390.0
401810989,2026-04-05,2026,2026-04-05T19:30Z,CHI,PHO,0.0,0.27392,dk,455.0,-625.0,0.17288,360.0,-470.0,KXNBAGAME-26APR05PHXCHI,425.0,-564.0,0.17327,0.0,331.0,-564.0,0.26866,3390.0
401810990,2026-04-05,2026,2026-04-05T19:30Z,MIL,MEM,1.0,0.61572,dk,-278.0,225.0,0.70503,-225.0,185.0,KXNBAGAME-26APR05MEMMIL,-276.0,240.0,0.72222,0.0,-218.0,140.0,0.62827,3390.0
401810991,2026-04-05,2026,2026-04-05T22:00Z,CLE,IND,1.0,0.89036,dk,-1800.0,1000.0,0.91244,-1600.0,900.0,KXNBAGAME-26APR05INDCLE,-1428.0,945.0,0.91584,0.0,-719.0,-719.0,0.631,3360.0
401810992,2026-04-05,2026,2026-04-05T23:00Z,MIN,CHO,0.0,0.5209,dk,154.0,-185.0,0.37753,-115.0,-105.0,KXNBAGAME-26APR05CHAMIN,152.0,-191.0,0.37313,0.0,-719.0,-719.0,0.5,3420.0
401810993,2026-04-05,2026,2026-04-05T23:00Z,NOP,ORL,0.0,0.47591,dk,205.0,-250.0,0.31461,136.0,-162.0,KXNBAGAME-26APR05ORLNOP,208.0,-251.0,0.305,0.0,-719.0,-719.0,0.5,3420.0
401810994,2026-04-05,2026,2026-04-05T23:00Z,OKC,UTA,1.0,0.96567,dk,-9000.0,2500.0,0.96257,-4500.0,1700.0,KXNBAGAME-26APR05UTAOKC,-5268.0,3021.0,0.975,0.0,-1684.0,756.0,0.91584,3420.0
401810995,2026-04-05,2026,2026-04-05T23:30Z,DAL,LAL,1.0,0.27008,dk,105.0,-125.0,0.46753,205.0,-250.0,KXNBAGAME-26APR05LALDAL,-103.0,-116.0,0.485,0.0,-525.0,-719.0,0.41277,3270.0
401810996,2026-04-05,2026,2026-04-06T01:00Z,SAC,LAC,0.0,0.18998,dk,600.0,-900.0,0.13699,455.0,-625.0,KXNBAGAME-26APR05LACSAC,574.0,-719.0,0.135,0.0,456.0,-719.0,0.16098,2640.0
401810997,2026-04-05,2026,2026-04-06T02:00Z,GSW,HOU,0.0,0.29541,dk,150.0,-180.0,0.38356,130.0,-155.0,KXNBAGAME-26APR05HOUGSW,146.0,-175.0,0.385,0.0,114.0,-191.0,0.33155,2700.0
401810998,2026-04-06,2026,2026-04-06T23:00Z,ATL,NYK,0.0,0.4503,dk,-122.0,102.0,0.52609,-110.0,-110.0,KXNBAGAME-26APR06NYKATL,-116.0,-103.0,0.515,0.0,-126.0,-126.0,0.505,3420.0
401810999,2026-04-06,2026,2026-04-06T23:00Z,ORL,DET,1.0,0.36426,dk,-102.0,-118.0,0.48264,124.0,-148.0,KXNBAGAME-26APR06DETORL,-107.0,-116.0,0.4901,0.0,134.0,-208.0,0.37374,3420.0
401811000,2026-04-06,2026,2026-04-07T00:00Z,MEM,CLE,0.0,0.2598,dk,700.0,-1100.0,0.12,625.0,-950.0,KXNBAGAME-26APR06CLEMEM,685.0,-869.0,0.115,0.0,114.0,-1087.0,0.28218,2580.0
401811001,2026-04-06,2026,2026-04-07T00:00Z,SAS,PHI,1.0,0.81861,dk,-375.0,295.0,0.75719,-340.0,270.0,KXNBAGAME-26APR06PHISAS,-360.0,296.0,0.765,0.0,-564.0,159.0,0.73892,2580.0
401811002,2026-04-06,2026,2026-04-07T01:00Z,DEN,POR,1.0,0.76221,dk,-290.0,235.0,0.71355,-395.0,310.0,KXNBAGAME-26APR06PORDEN,-290.0,240.0,0.725,0.0,-525.0,140.0,0.71078,2640.0
401811003,2026-04-07,2026,2026-04-07T23:00Z,WAS,CHI,0.0,0.46518,dk,185.0,-225.0,0.33635,180.0,-218.0,KXNBAGAME-26APR07CHIWAS,198.0,-239.0,0.315,0.0,-660.0,-360.0,0.53333,3420.0
401811007,2026-04-07,2026,2026-04-07T23:00Z,IND,MIN,0.0,0.27489,dk,525.0,-750.0,0.1535,470.0,-650.0,KXNBAGAME-26APR07MININD,574.0,-719.0,0.135,0.0,218.0,-525.0,0.23737,3420.0
401811005,2026-04-07,2026,2026-04-07T23:30Z,BRK,MIL,1.0,0.42072,dk,100.0,-120.0,0.47826,110.0,-130.0,KXNBAGAME-26APR07MILBKN,105.0,-121.0,0.4697,0.0,-112.0,-161.0,0.45771,3270.0
401811006,2026-04-07,2026,2026-04-07T23:30Z,TOR,MIA,1.0,0.56963,dk,-142.0,120.0,0.56349,102.0,-122.0,KXNBAGAME-26APR07MIATOR,-142.0,119.0,0.565,0.0,101.0,-131.0,0.4697,3270.0
401811004,2026-04-07,2026,2026-04-08T00:00Z,BOS,CHO,1.0,0.72616,dk,-198.0,164.0,0.6369,-230.0,190.0,KXNBAGAME-26APR07CHABOS,-191.0,159.0,0.635,0.0,-322.0,173.0,0.715,2580.0
401811008,2026-04-07,2026,2026-04-08T00:00Z,NOP,UTA,1.0,0.69228,dk,-245.0,200.0,0.68056,-600.0,440.0,KXNBAGAME-26APR07UTANOP,-251.0,208.0,0.695,0.0,-719.0,189.0,0.78037,2580.0
401811009,2026-04-07,2026,2026-04-08T02:00Z,GSW,SAC,1.0,0.82238,dk,-1100.0,700.0,0.88,-1100.0,700.0,KXNBAGAME-26APR07SACGSW,-967.0,756.0,0.895,0.0,-719.0,146.0,0.76549,2700.0
401811010,2026-04-07,2026,2026-04-08T02:30Z,LAL,OKC,0.0,0.10965,dk,1100.0,-2100.0,0.08029,750.0,-1200.0,KXNBAGAME-26APR07OKCLAL,1464.0,-2042.0,0.055,0.0,625.0,-1236.0,0.10345,2730.0
401811011,2026-04-07,2026,2026-04-08T02:30Z,LAC,DAL,1.0,0.85413,dk,-650.0,470.0,0.83165,-535.0,400.0,KXNBAGAME-26APR07DALLAC,-609.0,490.0,0.845,0.0,-660.0,398.0,0.81667,2730.0
401811012,2026-04-07,2026,2026-04-08T03:00Z,PHO,HOU,0.0,0.45004,dk,-102.0,-118.0,0.48264,105.0,-125.0,KXNBAGAME-26APR07HOUPHX,101.0,-121.0,0.475,0.0,-116.0,-148.0,0.47847,2760.0
401811013,2026-04-08,2026,2026-04-08T23:00Z,CLE,ATL,1.0,0.62231,dk,-175.0,145.0,0.60924,-135.0,114.0,KXNBAGAME-26APR08ATLCLE,-175.0,146.0,0.615,0.0,-199.0,-183.0,0.51961,3420.0
401811014,2026-04-08,2026,2026-04-08T23:00Z,ORL,MIN,1.0,0.61478,dk,-470.0,360.0,0.79136,-230.0,190.0,KXNBAGAME-26APR08MINORL,-489.0,398.0,0.815,0.0,-251.0,-168.0,0.54726,3420.0
401811015,2026-04-08,2026,2026-04-08T23:00Z,DET,MIL,1.0,0.91064,dk,-3200.0,1400.0,0.93567,-2100.0,1100.0,KXNBAGAME-26APR08MILDET,-2580.0,1775.0,0.955,0.0,-660.0,181.0,0.76355,3420.0
401811017,2026-04-08,2026,2026-04-09T01:00Z,DEN,MEM,1.0,0.92358,dk,-5000.0,1800.0,0.94905,-4000.0,1600.0,KXNBAGAME-26APR08MEMDEN,-5268.0,3021.0,0.975,0.0,-1428.0,685.0,0.88835,2640.0
401811016,2026-04-08,2026,2026-04-09T01:30Z,SAS,POR,1.0,0.71898,dk,-155.0,130.0,0.58299,-162.0,136.0,KXNBAGAME-26APR08PORSAS,-161.0,129.0,0.58911,0.0,-609.0,166.0,0.73832,2670.0
401811018,2026-04-08,2026,2026-04-09T02:00Z,LAC,OKC,0.0,0.2245,dk,295.0,-375.0,0.24281,210.0,-258.0,KXNBAGAME-26APR08OKCLAC,280.0,-360.0,0.24257,0.0,-107.0,-609.0,0.30233,2700.0
401811019,2026-04-08,2026,2026-04-09T02:00Z,PHO,DAL,1.0,0.80853,dk,-700.0,500.0,0.84,-500.0,380.0,KXNBAGAME-26APR08DALPHX,-660.0,529.0,0.855,0.0,-564.0,240.0,0.7734,2700.0
401811020,2026-04-09,2026,2026-04-09T23:00Z,TOR,MIA,1.0,0.5904,dk,-170.0,142.0,0.60376,-192.0,160.0,KXNBAGAME-26APR09MIATOR,-175.0,140.0,0.60891,0.0,-131.0,-121.0,0.51515,3420.0
401811021,2026-04-09,2026,2026-04-09T23:00Z,WAS,CHI,0.0,0.45534,dk,230.0,-285.0,0.29046,180.0,-218.0,KXNBAGAME-26APR09CHIWAS,229.0,-276.0,0.285,0.0,166.0,-251.0,0.375,3420.0
401811022,2026-04-09,2026,2026-04-09T23:30Z,BRK,IND,0.0,0.42435,dk,136.0,-162.0,0.40663,102.0,-122.0,KXNBAGAME-26APR09INDBKN,134.0,-168.0,0.40099,0.0,-112.0,-142.0,0.46629,3270.0
401811023,2026-04-09,2026,2026-04-09T23:30Z,NYK,BOS,1.0,0.53832,dk,-162.0,136.0,0.59337,-155.0,130.0,KXNBAGAME-26APR09BOSNYK,-168.0,140.0,0.605,0.0,109.0,-199.0,0.41622,3270.0
401811024,2026-04-09,2026,2026-04-10T00:00Z,HOU,PHI,1.0,0.76154,dk,-258.0,210.0,0.69079,-162.0,136.0,KXNBAGAME-26APR09PHIHOU,-251.0,208.0,0.695,0.0,-430.0,-161.0,0.6,2580.0
401811025,2026-04-09,2026,2026-04-10T02:00Z,GSW,LAL,0.0,0.59804,dk,-118.0,-102.0,0.51736,-205.0,170.0,KXNBAGAME-26APR09LALGSW,-121.0,101.0,0.525,0.0,-360.0,-107.0,0.64894,2700.0
401811026,2026-04-10,2026,2026-04-10T23:00Z,CHO,DET,0.0,0.41383,dk,-218.0,180.0,0.65748,-135.0,114.0,KXNBAGAME-26APR10DETCHA,-208.0,166.0,0.64851,0.0,-199.0,146.0,0.59043,3420.0
401811027,2026-04-10,2026,2026-04-10T23:00Z,WAS,MIA,0.0,0.20936,dk,900.0,-1600.0,0.09605,1000.0,-1800.0,KXNBAGAME-26APR10MIAWAS,945.0,-1236.0,0.085,0.0,574.0,-1684.0,0.13021,3420.0
401811028,2026-04-10,2026,2026-04-10T23:00Z,ATL,CLE,1.0,0.42819,dk,-355.0,280.0,0.74778,-245.0,200.0,KXNBAGAME-26APR10CLEATL,-340.0,280.0,0.755,0.0,-218.0,-107.0,0.49746,3420.0
401811029,2026-04-10,2026,2026-04-10T23:30Z,BOS,NOP,1.0,0.88667,dk,-2100.0,1100.0,0.91971,-1350.0,800.0,KXNBAGAME-26APR10NOPBOS,-1684.0,1464.0,0.94444,0.0,-660.0,296.0,0.80612,3270.0
401811030,2026-04-10,2026,2026-04-10T23:30Z,IND,PHI,0.0,0.39296,dk,700.0,-1100.0,0.12,700.0,-1100.0,KXNBAGAME-26APR10PHIIND,685.0,-967.0,0.11386,0.0,280.0,-660.0,0.19487,3270.0
401811031,2026-04-10,2026,2026-04-10T23:30Z,NYK,TOR,1.0,0.72391,dk,-270.0,220.0,0.70016,-198.0,164.0,KXNBAGAME-26APR10TORNYK,-263.0,218.0,0.705,0.0,-251.0,-154.0,0.57292,3270.0
401811032,2026-04-10,2026,2026-04-11T00:00Z,CHI,ORL,0.0,0.21548,dk,800.0,-1350.0,0.10662,675.0,-1050.0,KXNBAGAME-26APR10ORLCHI,841.0,-1087.0,0.095,0.0,208.0,-660.0,0.22277,2580.0
401811034,2026-04-10,2026,2026-04-11T00:00Z,MIL,BRK,1.0,0.7374,dk,-500.0,380.0,0.8,-360.0,285.0,KXNBAGAME-26APR10BKNMIL,-458.0,373.0,0.805,0.0,-525.0,-131.0,0.64789,2580.0
401811035,2026-04-10,2026,2026-04-11T00:00Z,SAS,DAL,1.0,0.90904,dk,-2100.0,1100.0,0.91971,-1450.0,850.0,KXNBAGAME-26APR10DALSAS,-1684.0,1241.0,0.935,0.0,-660.0,266.0,0.79902,2580.0
401811037,2026-04-10,2026,2026-04-11T01:00Z,DEN,OKC,1.0,0.13961,dk,-142.0,120.0,0.56349,-440.0,340.0,KXNBAGAME-26APR10OKCDEN,-137.0,119.0,0.56061,0.0,-290.0,229.0,0.71939,2640.0
401811033,2026-04-10,2026,2026-04-11T01:30Z,HOU,MIN,0.0,0.65586,dk,-485.0,370.0,0.79578,-375.0,295.0,KXNBAGAME-26APR10MINHOU,-458.0,373.0,0.805,0.0,-290.0,-103.0,0.59615,2670.0
401811036,2026-04-10,2026,2026-04-11T01:30Z,UTA,MEM,1.0,0.55773,dk,-180.0,150.0,0.61644,-155.0,130.0,KXNBAGAME-26APR10MEMUTA,-191.0,159.0,0.635,0.0,-218.0,-218.0,0.47208,2670.0
401811038,2026-04-10,2026,2026-04-11T02:00Z,POR,LAC,1.0,0.5175,dk,-122.0,102.0,0.52609,-122.0,102.0,KXNBAGAME-26APR10LACPOR,-126.0,105.0,0.535,0.0,-251.0,-322.0,0.47525,2700.0
401811039,2026-04-10,2026,2026-04-11T02:00Z,SAC,GSW,1.0,0.40711,dk,380.0,-500.0,0.2,380.0,-500.0,KXNBAGAME-26APR10GSWSAC,398.0,-489.0,0.185,0.0,124.0,-458.0,0.34842,2700.0
401811040,2026-04-10,2026,2026-04-11T02:30Z,LAL,PHO,1.0,0.53973,dk,110.0,-130.0,0.45726,105.0,-125.0,KXNBAGAME-26APR10PHXLAL,114.0,-137.0,0.445,0.0,101.0,-609.0,0.37615,2730.0
401811041,2026-04-12,2026,2026-04-12T22:00Z,BOS,ORL,1.0,0.6978,dk,525.0,-750.0,0.1535,136.0,-162.0,KXNBAGAME-26APR12ORLBOS,529.0,-660.0,0.145,0.0,-404.0,105.0,0.62385,3360.0
401811042,2026-04-12,2026,2026-04-12T22:00Z,CLE,WAS,1.0,0.85698,dk,-500.0,380.0,0.8,-1650.0,950.0,KXNBAGAME-26APR12WASCLE,-458.0,373.0,0.805,0.0,-660.0,189.0,0.7767,3360.0
401811043,2026-04-12,2026,2026-04-12T22:00Z,IND,DET,0.0,0.15514,dk,750.0,-1200.0,0.11304,575.0,-850.0,KXNBAGAME-26APR12DETIND,841.0,-1087.0,0.095,0.0,296.0,-719.0,0.19171,3360.0
401811044,2026-04-12,2026,2026-04-12T22:00Z,MIA,ATL,1.0,0.65353,dk,-470.0,360.0,0.79136,200.0,-245.0,KXNBAGAME-26APR12ATLMIA,-430.0,331.0,0.78713,0.0,166.0,-381.0,0.27835,3360.0
401811045,2026-04-12,2026,2026-04-12T22:00Z,NYK,CHO,0.0,0.53705,dk,600.0,-900.0,0.13699,270.0,-340.0,KXNBAGAME-26APR12CHANYK,625.0,-869.0,0.12376,0.0,-154.0,-112.0,0.51256,3360.0
401811046,2026-04-12,2026,2026-04-12T22:00Z,PHI,MIL,1.0,0.76998,dk,-1350.0,800.0,0.89338,-1100.0,700.0,KXNBAGAME-26APR12MILPHI,-1236.0,1074.0,0.92424,0.0,-869.0,240.0,0.80392,3360.0
401811047,2026-04-12,2026,2026-04-12T22:00Z,TOR,BRK,1.0,0.9024,dk,-5000.0,1800.0,0.94905,-2800.0,1300.0,KXNBAGAME-26APR12BKNTOR,-5268.0,3021.0,0.975,0.0,-2042.0,574.0,0.90431,3360.0
401811048,2026-04-12,2026,2026-04-13T00:30Z,DAL,CHI,1.0,0.52959,dk,-205.0,170.0,0.64473,-290.0,235.0,KXNBAGAME-26APR12CHIDAL,-199.0,166.0,0.645,0.0,-609.0,-161.0,0.61856,2610.0
401811049,2026-04-12,2026,2026-04-13T00:30Z,HOU,MEM,1.0,0.90325,dk,-1100.0,700.0,0.88,-1350.0,800.0,KXNBAGAME-26APR12MEMHOU,-967.0,756.0,0.895,0.0,-869.0,296.0,0.82447,2610.0
401811050,2026-04-12,2026,2026-04-13T00:30Z,MIN,NOP,1.0,0.69324,dk,-180.0,150.0,0.61644,-470.0,360.0,KXNBAGAME-26APR12NOPMIN,-168.0,140.0,0.605,0.0,-719.0,159.0,0.74757,2610.0
401811051,2026-04-12,2026,2026-04-13T00:30Z,OKC,PHO,0.0,0.68145,dk,-310.0,250.0,0.72575,-225.0,185.0,KXNBAGAME-26APR12PHXOKC,-306.0,240.0,0.72772,0.0,-183.0,140.0,0.65868,2610.0
401811052,2026-04-12,2026,2026-04-13T00:30Z,SAS,DEN,0.0,0.80726,dk,-440.0,340.0,0.78191,114.0,-135.0,KXNBAGAME-26APR12DENSAS,-404.0,351.0,0.79293,0.0,-381.0,-208.0,0.53527,2610.0
401811053,2026-04-12,2026,2026-04-13T00:30Z,LAL,UTA,1.0,0.79812,dk,-1100.0,700.0,0.88,-1650.0,950.0,KXNBAGAME-26APR12UTALAL,-1087.0,841.0,0.905,0.0,-719.0,129.0,0.6875,2610.0
401811054,2026-04-12,2026,2026-04-13T00:30Z,LAC,GSW,1.0,0.61292,dk,-162.0,136.0,0.59337,-360.0,285.0,KXNBAGAME-26APR12GSWLAC,-161.0,134.0,0.595,0.0,-430.0,146.0,0.73659,2610.0
401811055,2026-04-12,2026,2026-04-13T00:30Z,POR,SAC,1.0,0.80365,dk,-2400.0,1200.0,0.92582,-1450.0,850.0,KXNBAGAME-26APR12SACPOR,-2042.0,1464.0,0.945,0.0,-719.0,218.0,0.77604,2610.0
